{
  "data": [
    {
      "owner": "aad20d65-751e-38c1-a3d0-28a4a1a8db8b",
      "firstGrave": {
        "dimension": {
          "field_13353": "minecraft",
          "field_13355": "overworld"
        },
        "posX": 1096,
        "posY": 77,
        "posZ": -554
      },
      "secondGrave": {
        "dimension": {
          "field_13353": "minecraft",
          "field_13355": "overworld"
        },
        "posX": 1098,
        "posY": 73,
        "posZ": -552
      },
      "thirdGrave": {
        "dimension": {
          "field_13353": "minecraft",
          "field_13355": "overworld"
        },
        "posX": 0,
        "posY": 0,
        "posZ": 0
      }
    }
  ]
}