{"stats":{"minecraft:picked_up":{"minecraft:wooden_axe":2,"minecraft:iron_chestplate":4,"minecraft:wheat":25,"minecraft:flower_pot":1,"minecraft:potion":16,"minecraft:enchanted_book":4,"minecraft:polished_blackstone_brick_stairs":1,"minecraft:string":162,"minecraft:wayfinder_armor_trim_smithing_template":1,"minecraft:soul_soil":3,"minecraft:iron_leggings":2,"minecraft:red_candle":12,"minecraft:pufferfish":1,"minecraft:gold_nugget":200,"minecraft:cobbled_deepslate":99,"minecraft:bucket":1,"minecraft:spruce_planks":2,"minecraft:trial_key":27,"minecraft:iron_pickaxe":3,"minecraft:enchanted_golden_apple":4,"minecraft:melon_slice":181,"minecraft:iron_boots":2,"minecraft:furnace":17,"minecraft:tipped_arrow":178,"minecraft:stick":69,"minecraft:torch":90,"minecraft:acacia_log":142,"travelersbackpack:iron_tier_upgrade":1,"minecraft:porkchop":26,"minecraft:golden_axe":1,"minecraft:waxed_copper_grate":3,"minecraft:pointed_dripstone":7,"minecraft:orange_bed":4,"minecraft:honey_bottle":11,"minecraft:rotten_flesh":58,"minecraft:iron_block":2,"minecraft:obsidian":10,"minecraft:cod":12,"minecraft:cobblestone":169,"minecraft:feather":1,"minecraft:cooked_beef":48,"minecraft:water_bucket":4,"minecraft:andesite":24,"minecraft:lapis_lazuli":218,"minecraft:dirt":27,"minecraft:lantern":6,"minecraft:name_tag":1,"minecraft:bone":305,"travelersbackpack:bookshelf":3,"minecraft:glass":32,"minecraft:acacia_planks":30,"minecraft:bow":17,"minecraft:wheat_seeds":14,"minecraft:raw_gold":23,"minecraft:bolt_armor_trim_smithing_template":2,"minecraft:guster_banner_pattern":2,"minecraft:diamond_helmet":1,"minecraft:moss_block":83,"minecraft:oak_planks":5,"minecraft:cooked_porkchop":3,"minecraft:sand":10,"minecraft:stripped_spruce_log":1,"minecraft:acacia_stairs":1,"travelersbackpack:white_sleeping_bag":2,"minecraft:diamond":69,"minecraft:miner_pottery_sherd":1,"minecraft:waxed_oxidized_copper_grate":10,"minecraft:cracked_polished_blackstone_bricks":5,"minecraft:granite":5,"minecraft:crossbow":4,"minecraft:breeze_rod":81,"minecraft:golden_apple":7,"minecraft:emerald":90,"minecraft:bread":58,"minecraft:rooted_dirt":3,"minecraft:plenty_pottery_sherd":1,"minecraft:netherrack":775,"minecraft:ominous_trial_key":30,"minecraft:shelter_pottery_sherd":1,"minecraft:diamond_pickaxe":1,"minecraft:fishing_rod":1,"minecraft:crafting_table":12,"minecraft:ominous_bottle":7,"minecraft:wooden_pickaxe":1,"minecraft:gold_block":4,"minecraft:music_disc_creator":2,"minecraft:brick":69,"minecraft:shield":9,"minecraft:wind_charge":177,"minecraft:flow_banner_pattern":1,"minecraft:iron_axe":8,"minecraft:flint_and_steel":1,"minecraft:netherite_scrap":1,"minecraft:blackstone":24,"minecraft:beef":56,"minecraft:oak_boat":1,"minecraft:poppy":1,"minecraft:guster_pottery_sherd":1,"minecraft:chest":1,"minecraft:waxed_oxidized_copper":2,"minecraft:phantom_membrane":6,"minecraft:raw_iron":195,"minecraft:raw_gold_block":1,"minecraft:bamboo_hanging_sign":1,"minecraft:polished_blackstone_bricks":62,"minecraft:arrow":306,"minecraft:diamond_chestplate":1,"minecraft:decorated_pot":54,"minecraft:hay_block":103,"minecraft:flow_armor_trim_smithing_template":4,"minecraft:tuff_bricks":27,"minecraft:mutton":7,"minecraft:rail":2,"minecraft:bone_block":28,"minecraft:white_wool":5,"minecraft:heartbreak_pottery_sherd":1,"minecraft:basalt":18,"minecraft:golden_carrot":11,"minecraft:glow_ink_sac":15,"minecraft:salmon":2,"minecraft:leather":26,"minecraft:red_glazed_terracotta":1,"minecraft:red_mushroom":1,"minecraft:acacia_wood":7,"minecraft:packed_mud":1,"minecraft:oak_log":37,"minecraft:waxed_copper_block":14,"minecraft:ancient_debris":2,"minecraft:golden_boots":1,"minecraft:gunpowder":8,"minecraft:cooked_mutton":34,"minecraft:stone_bricks":1,"minecraft:iron_ingot":92,"minecraft:polished_tuff_slab":1,"minecraft:cooked_chicken":8,"minecraft:blade_pottery_sherd":1,"minecraft:glass_bottle":2,"minecraft:iron_sword":3,"minecraft:acacia_sapling":2,"minecraft:soul_sand":1,"minecraft:smooth_basalt":4,"minecraft:emerald_block":3,"minecraft:waxed_exposed_copper_bulb":1,"minecraft:quartz":16,"minecraft:dandelion":1,"minecraft:dripstone_block":2,"minecraft:gravel":2,"minecraft:white_bed":3,"minecraft:spider_eye":29,"minecraft:polished_tuff":13,"travelersbackpack:standard":8,"minecraft:slime_ball":204,"minecraft:iron_helmet":1,"minecraft:diamond_axe":5,"minecraft:gray_wool":1,"minecraft:baked_potato":38,"minecraft:acacia_slab":5,"minecraft:coal":312,"minecraft:chiseled_tuff_bricks":4},"minecraft:used":{"minecraft:moss_block":47,"minecraft:tuff_bricks":7,"minecraft:ladder":3,"minecraft:poppy":1,"minecraft:decorated_pot":22,"minecraft:chest":10,"minecraft:shield":361,"minecraft:acacia_sapling":1,"minecraft:obsidian":10,"minecraft:honey_bottle":2,"minecraft:waxed_oxidized_copper_grate":2,"minecraft:lava_bucket":1,"minecraft:lantern":4,"minecraft:packed_mud":1,"minecraft:stone_bricks":1,"minecraft:bow":2,"minecraft:hay_block":11,"minecraft:ominous_bottle":1,"minecraft:furnace":15,"minecraft:stone_pickaxe":263,"minecraft:oak_planks":12,"minecraft:wooden_pickaxe":3,"minecraft:diamond_axe":1232,"minecraft:crossbow":11,"minecraft:lingering_potion":2,"minecraft:polished_tuff":6,"minecraft:melon_slice":27,"minecraft:bread":182,"minecraft:chain":1,"minecraft:oak_boat":1,"minecraft:stone_sword":78,"minecraft:acacia_log":78,"minecraft:flint_and_steel":13,"minecraft:cooked_salmon":3,"minecraft:trial_key":13,"minecraft:cooked_chicken":3,"minecraft:stone_hoe":53,"minecraft:netherrack":126,"minecraft:orange_bed":3,"minecraft:torch":392,"minecraft:dirt":27,"minecraft:granite":4,"minecraft:wooden_axe":47,"minecraft:iron_axe":186,"minecraft:acacia_slab":41,"minecraft:bamboo_hanging_sign":1,"minecraft:golden_carrot":10,"minecraft:acacia_wood":7,"minecraft:cooked_beef":51,"minecraft:cobbled_deepslate":18,"minecraft:acacia_planks":28,"minecraft:wheat_seeds":1,"minecraft:cooked_mutton":3,"minecraft:water_bucket":94,"minecraft:baked_potato":12,"minecraft:crafting_table":14,"minecraft:white_bed":1,"minecraft:cake":1,"minecraft:diamond_pickaxe":1860,"minecraft:acacia_stairs":1,"minecraft:ominous_trial_key":8,"minecraft:wind_charge":57,"travelersbackpack:bookshelf":22,"minecraft:iron_pickaxe":245,"travelersbackpack:white_sleeping_bag":2,"minecraft:stone_axe":109,"minecraft:fishing_rod":27,"minecraft:cobblestone":75,"minecraft:potion":3,"travelersbackpack:standard":4,"minecraft:bucket":101,"minecraft:glass_pane":6,"minecraft:dandelion":1},"minecraft:killed":{"minecraft:cave_spider":3,"minecraft:spider":103,"minecraft:skeleton":25,"minecraft:chicken":1,"minecraft:silverfish":4,"minecraft:piglin_brute":3,"minecraft:piglin":12,"minecraft:pig":3,"minecraft:creeper":7,"minecraft:sheep":6,"minecraft:pillager":2,"minecraft:zombie":30,"minecraft:stray":142,"minecraft:cow":17,"minecraft:slime":259,"minecraft:phantom":3,"minecraft:drowned":4,"minecraft:hoglin":4,"minecraft:breeze":40,"minecraft:player":1},"minecraft:crafted":{"minecraft:oak_planks":148,"minecraft:cooked_chicken":4,"minecraft:cooked_mutton":4,"minecraft:glass":4,"minecraft:bow":3,"minecraft:diamond_helmet":2,"minecraft:diamond_leggings":2,"minecraft:iron_boots":3,"minecraft:chest":9,"minecraft:flow_armor_trim_smithing_template":2,"minecraft:stone_hoe":1,"minecraft:emerald":9,"minecraft:arrow":208,"minecraft:cooked_porkchop":24,"minecraft:crafting_table":4,"minecraft:spruce_planks":4,"minecraft:acacia_slab":36,"minecraft:wooden_pickaxe":1,"minecraft:iron_helmet":4,"minecraft:iron_chestplate":4,"minecraft:diamond_pickaxe":3,"minecraft:shield":3,"minecraft:stick":68,"minecraft:iron_ingot":116,"minecraft:iron_pickaxe":1,"minecraft:stone_sword":2,"minecraft:gold_ingot":67,"minecraft:furnace":2,"minecraft:bone_meal":384,"minecraft:glass_pane":16,"travelersbackpack:white_sleeping_bag":1,"minecraft:iron_axe":2,"minecraft:ladder":3,"minecraft:stone_pickaxe":2,"minecraft:diamond_boots":2,"minecraft:netherite_scrap":1,"minecraft:wheat":661,"minecraft:cooked_beef":37,"minecraft:bone_block":46,"minecraft:bucket":2,"minecraft:stone_axe":1,"minecraft:air":0,"minecraft:bread":241,"minecraft:blue_dye":1,"minecraft:oak_boat":1,"minecraft:raw_gold":9,"minecraft:wooden_axe":1,"minecraft:iron_leggings":5,"minecraft:acacia_planks":40,"minecraft:torch":344,"minecraft:diamond_chestplate":1},"minecraft:mined":{"minecraft:spruce_planks":1,"minecraft:white_bed":2,"minecraft:obsidian":8,"minecraft:granite":5,"minecraft:acacia_log":126,"minecraft:cracked_polished_blackstone_bricks":5,"minecraft:soul_soil":6,"minecraft:chiseled_tuff_bricks":3,"minecraft:spawner":3,"minecraft:tuff_bricks":35,"minecraft:polished_blackstone_bricks":49,"minecraft:iron_ore":178,"minecraft:cobbled_deepslate":2,"minecraft:fire":40,"minecraft:polished_tuff":14,"minecraft:deepslate_lapis_ore":6,"minecraft:pointed_dripstone":3,"minecraft:polished_tuff_slab":1,"minecraft:orange_bed":3,"minecraft:blackstone":33,"minecraft:powder_snow":4,"minecraft:torch":12,"minecraft:melon":11,"minecraft:chest":1,"minecraft:dead_bush":23,"minecraft:mushroom_stem":1,"minecraft:nether_quartz_ore":20,"minecraft:cobblestone":12,"minecraft:oak_planks":14,"minecraft:wall_torch":12,"minecraft:waxed_copper_bulb":3,"minecraft:red_candle":2,"minecraft:wheat":1,"minecraft:waxed_copper_block":15,"minecraft:oak_log":40,"minecraft:waxed_oxidized_copper":1,"minecraft:sand":2,"minecraft:dirt":3,"minecraft:smooth_basalt":3,"minecraft:dispenser":1,"minecraft:ancient_debris":2,"minecraft:netherrack":1305,"minecraft:oak_leaves":6,"minecraft:deepslate":81,"minecraft:nether_gold_ore":58,"minecraft:tuff":2,"minecraft:deepslate_diamond_ore":63,"minecraft:decorated_pot":72,"travelersbackpack:white_sleeping_bag":2,"minecraft:acacia_slab":4,"minecraft:moss_block":38,"minecraft:hay_block":106,"minecraft:packed_mud":1,"minecraft:furnace":15,"minecraft:raw_gold_block":1,"minecraft:waxed_copper_grate":11,"minecraft:acacia_wood":8,"minecraft:andesite":25,"minecraft:acacia_stairs":1,"minecraft:gold_block":4,"minecraft:chiseled_tuff":1,"minecraft:deepslate_iron_ore":21,"minecraft:lantern":5,"minecraft:stone":125,"minecraft:bone_block":28,"minecraft:waxed_exposed_copper_bulb":1,"minecraft:acacia_leaves":9,"minecraft:glass_pane":2,"minecraft:hanging_roots":1,"minecraft:soul_sand":1,"minecraft:basalt":16,"travelersbackpack:standard":2,"minecraft:crafting_table":12,"minecraft:short_grass":17,"minecraft:tall_grass":1,"minecraft:red_glazed_terracotta":1,"minecraft:deepslate_gold_ore":14,"minecraft:lapis_ore":23,"minecraft:polished_blackstone_brick_stairs":1,"minecraft:waxed_oxidized_copper_grate":12,"minecraft:coal_ore":135,"minecraft:gravel":4,"minecraft:dripstone_block":2,"minecraft:cobweb":72,"minecraft:acacia_planks":7,"minecraft:stone_bricks":2},"minecraft:broken":{"minecraft:diamond_helmet":1,"minecraft:iron_boots":2,"minecraft:iron_chestplate":1,"minecraft:iron_leggings":1,"minecraft:stone_pickaxe":2,"minecraft:diamond_pickaxe":1,"minecraft:stone_axe":1,"minecraft:shield":2,"minecraft:iron_axe":1,"minecraft:iron_pickaxe":1,"minecraft:iron_helmet":2},"minecraft:killed_by":{"minecraft:creeper":1,"minecraft:stray":1},"minecraft:custom":{"minecraft:interact_with_crafting_table":72,"minecraft:open_barrel":30,"minecraft:leave_game":5,"minecraft:time_since_death":297136,"minecraft:sprint_one_cm":1464116,"minecraft:damage_blocked_by_shield":8150,"minecraft:drop":410,"minecraft:talked_to_villager":56,"minecraft:play_time":594854,"minecraft:deaths":2,"minecraft:jump":8939,"minecraft:walk_on_water_one_cm":72893,"minecraft:interact_with_furnace":160,"minecraft:traded_with_villager":13,"minecraft:sleep_in_bed":13,"minecraft:damage_dealt":85138,"minecraft:player_kills":2,"minecraft:crouch_one_cm":54557,"minecraft:inspect_dispenser":53,"minecraft:interact_with_smithing_table":10,"minecraft:mob_kills":682,"minecraft:climb_one_cm":28446,"minecraft:walk_one_cm":1169749,"minecraft:sneak_time":19063,"minecraft:walk_under_water_one_cm":53680,"minecraft:boat_one_cm":124322,"minecraft:total_world_time":594854,"minecraft:time_since_rest":82731,"minecraft:damage_taken":15057,"minecraft:swim_one_cm":127225,"minecraft:fly_one_cm":1475392,"minecraft:open_chest":364,"minecraft:fish_caught":15,"minecraft:fall_one_cm":257794},"minecraft:dropped":{"minecraft:iron_sword":1,"minecraft:ominous_bottle":2,"minecraft:diamond_axe":2,"minecraft:cooked_beef":13,"minecraft:glow_ink_sac":15,"minecraft:glass_bottle":5,"minecraft:cooked_porkchop":24,"minecraft:decorated_pot":24,"minecraft:crossbow":3,"minecraft:rooted_dirt":3,"minecraft:leather":8,"travelersbackpack:iron_tier_upgrade":2,"travelersbackpack:standard":6,"minecraft:red_mushroom":1,"minecraft:flint":1,"minecraft:emerald":59,"minecraft:cracked_polished_blackstone_bricks":5,"minecraft:netherite_scrap":4,"minecraft:polished_blackstone_brick_stairs":1,"minecraft:polished_blackstone_bricks":62,"minecraft:sand":9,"minecraft:iron_pickaxe":1,"minecraft:fishing_rod":2,"minecraft:white_wool":2,"minecraft:gold_ingot":14,"minecraft:bone":7,"minecraft:gravel":2,"minecraft:red_glazed_terracotta":1,"minecraft:blackstone":24,"minecraft:iron_nugget":1,"minecraft:cooked_chicken":8,"minecraft:chiseled_tuff_bricks":3,"minecraft:cobbled_deepslate":36,"minecraft:pointed_dripstone":6,"minecraft:rotten_flesh":29,"minecraft:oak_planks":2,"minecraft:cooked_mutton":13,"minecraft:white_bed":2,"minecraft:waxed_copper_block":7,"minecraft:wind_charge":55,"minecraft:music_disc_creator":1,"minecraft:tipped_arrow":51,"minecraft:red_candle":8,"minecraft:blade_pottery_sherd":1,"minecraft:lingering_potion":1,"minecraft:basalt":18,"minecraft:glass":10,"minecraft:quartz":1,"minecraft:netherrack":338,"minecraft:egg":16,"minecraft:water_bucket":1,"minecraft:enchanted_book":1,"minecraft:iron_ingot":84,"minecraft:bread":75,"minecraft:shelter_pottery_sherd":1,"minecraft:wheat_seeds":10,"travelersbackpack:bookshelf":1,"minecraft:dripstone_block":2,"minecraft:diamond_leggings":1,"minecraft:plenty_pottery_sherd":1,"minecraft:iron_helmet":2,"minecraft:cobblestone":3,"minecraft:waxed_copper_grate":2,"minecraft:polished_tuff":7,"minecraft:granite":1,"minecraft:ominous_trial_key":9,"minecraft:golden_apple":4,"minecraft:gray_wool":1,"minecraft:golden_carrot":2,"minecraft:torch":22,"minecraft:wooden_axe":2,"minecraft:melon_slice":144,"minecraft:cooked_salmon":4,"minecraft:waxed_oxidized_copper":1,"minecraft:diamond_helmet":2,"minecraft:fire_charge":2,"minecraft:potion":1,"minecraft:iron_leggings":2,"minecraft:iron_axe":1,"minecraft:orange_bed":1,"minecraft:string":38,"minecraft:bucket":1,"minecraft:smooth_basalt":1,"minecraft:furnace":1,"minecraft:tuff_bricks":20,"minecraft:soul_soil":3,"minecraft:stone_sword":1,"minecraft:iron_boots":2,"minecraft:flint_and_steel":1,"minecraft:filled_map":1,"minecraft:shield":5,"minecraft:flower_pot":1,"minecraft:trial_key":11,"minecraft:spruce_planks":2,"minecraft:iron_chestplate":3,"minecraft:diamond_pickaxe":2,"minecraft:oak_boat":1,"minecraft:miner_pottery_sherd":1,"minecraft:spider_eye":1,"minecraft:diamond_boots":1,"minecraft:slime_ball":130,"minecraft:bow":5,"minecraft:wooden_pickaxe":2,"minecraft:waxed_exposed_copper_bulb":1,"minecraft:heartbreak_pottery_sherd":1,"minecraft:waxed_oxidized_copper_grate":8,"minecraft:brick":4}},"DataVersion":3953}