{"stats":{"minecraft:picked_up":{"minecraft:wooden_axe":2,"minecraft:iron_chestplate":6,"minecraft:flower_pot":7,"minecraft:anvil":2,"minecraft:smithing_table":1,"minecraft:stone_slab":3,"minecraft:oak_stairs":5,"minecraft:enchanted_book":6,"minecraft:polished_blackstone_brick_stairs":1,"minecraft:string":237,"minecraft:wayfinder_armor_trim_smithing_template":2,"minecraft:soul_soil":3,"minecraft:cooked_salmon":1,"minecraft:pufferfish":1,"minecraft:diamond_leggings":3,"minecraft:gold_nugget":200,"minecraft:cobbled_deepslate":99,"minecraft:spruce_planks":75,"minecraft:trial_key":27,"mcwfences:oak_hedge":4,"minecraft:written_book":3,"minecraft:azalea_leaves":24,"minecraft:enchanted_golden_apple":4,"minecraft:melon_slice":181,"minecraft:composter":3,"minecraft:green_bed":15,"minecraft:acacia_log":273,"minecraft:golden_axe":1,"minecraft:waxed_copper_grate":3,"minecraft:cauldron":2,"minecraft:pink_terracotta":56,"minecraft:orange_bed":10,"minecraft:stone_sword":1,"minecraft:honey_bottle":12,"minecraft:iron_block":3,"minecraft:feather":1,"minecraft:cooked_beef":60,"minecraft:water_bucket":5,"minecraft:smoker":2,"minecraft:lantern":50,"minecraft:stonecutter":1,"minecraft:dark_oak_sign":8,"minecraft:guster_banner_pattern":3,"minecraft:diamond_helmet":1,"minecraft:moss_block":109,"minecraft:stripped_spruce_log":11,"minecraft:loom":3,"minecraft:acacia_stairs":2,"minecraft:barrel":1,"minecraft:dispenser":1,"minecraft:lever":1,"minecraft:writable_book":1,"minecraft:miner_pottery_sherd":1,"minecraft:granite":5,"minecraft:bread":64,"minecraft:rooted_dirt":30,"minecraft:plenty_pottery_sherd":1,"minecraft:ominous_trial_key":59,"minecraft:diamond_pickaxe":15,"minecraft:crafting_table":20,"minecraft:shelter_pottery_sherd":1,"minecraft:coarse_dirt":250,"minecraft:ominous_bottle":9,"minecraft:music_disc_creator":2,"minecraft:wind_charge":193,"minecraft:cornflower":2,"minecraft:red_bed":1,"minecraft:flow_banner_pattern":1,"minecraft:acacia_door":1,"minecraft:flint_and_steel":2,"minecraft:netherite_scrap":1,"minecraft:cracked_stone_bricks":2,"minecraft:cartography_table":4,"minecraft:beef":60,"minecraft:poppy":6,"minecraft:spruce_slab":2,"minecraft:minecart":6,"minecraft:guster_pottery_sherd":1,"minecraft:chest":10,"minecraft:waxed_oxidized_copper":2,"minecraft:egg":3,"mcwfences:spruce_wired_fence":2,"minecraft:sandstone":1,"minecraft:raw_gold_block":3,"minecraft:oak_door":1,"minecraft:spruce_fence":13,"minecraft:fire_charge":7,"minecraft:carrot":97,"minecraft:redstone":47,"minecraft:diamond_chestplate":5,"minecraft:cooked_cod":2,"minecraft:decorated_pot":58,"minecraft:peony":1,"minecraft:diamond_boots":10,"minecraft:waxed_oxidized_cut_copper_stairs":2,"minecraft:hay_block":253,"minecraft:flow_armor_trim_smithing_template":4,"minecraft:tuff_bricks":48,"minecraft:mutton":8,"minecraft:glow_berries":34,"minecraft:bone_block":28,"minecraft:white_wool":7,"minecraft:rail":15,"minecraft:heartbreak_pottery_sherd":1,"minecraft:red_glazed_terracotta":1,"minecraft:red_mushroom":1,"minecraft:acacia_wood":7,"minecraft:packed_mud":1,"minecraft:oak_log":64,"minecraft:lily_pad":8,"minecraft:ancient_debris":2,"minecraft:golden_boots":1,"minecraft:paper":1,"minecraft:white_banner":2,"minecraft:stone_bricks":9,"minecraft:apple":7,"travelersbackpack:cake":1,"minecraft:spore_blossom":6,"minecraft:cobweb":5,"minecraft:blade_pottery_sherd":1,"minecraft:glass_bottle":6,"minecraft:iron_sword":3,"minecraft:flowering_azalea":12,"minecraft:dark_oak_stairs":4,"minecraft:smooth_basalt":6,"minecraft:dark_oak_slab":16,"minecraft:red_wool":9,"minecraft:waxed_exposed_copper_bulb":1,"minecraft:gravel":6,"minecraft:spruce_sapling":143,"minecraft:spruce_log":1088,"minecraft:polished_tuff":13,"minecraft:leather_helmet":1,"travelersbackpack:standard":22,"minecraft:diamond_shovel":1,"minecraft:slime_ball":235,"minecraft:diamond_axe":9,"minecraft:painting":35,"minecraft:gray_wool":1,"minecraft:baked_potato":42,"minecraft:mangrove_propagule":1,"minecraft:ender_pearl":1,"minecraft:wheat":30,"minecraft:potion":17,"minecraft:stone_brick_stairs":3,"minecraft:iron_leggings":3,"minecraft:red_candle":12,"minecraft:oak_sign":3,"minecraft:bucket":3,"minecraft:azalea":5,"minecraft:wooden_shovel":1,"minecraft:iron_pickaxe":4,"minecraft:furnace":26,"minecraft:iron_boots":2,"minecraft:tipped_arrow":286,"minecraft:stick":174,"travelersbackpack:iron_tier_upgrade":1,"minecraft:torch":137,"minecraft:spruce_stairs":34,"minecraft:porkchop":26,"minecraft:pointed_dripstone":7,"minecraft:diorite":1,"minecraft:andesite_wall":2,"minecraft:rotten_flesh":79,"minecraft:obsidian":15,"minecraft:cod":12,"minecraft:cobblestone":374,"minecraft:enchanting_table":1,"minecraft:andesite":24,"minecraft:lapis_lazuli":218,"minecraft:dirt":221,"minecraft:name_tag":3,"minecraft:glass":61,"travelersbackpack:bookshelf":6,"minecraft:bone":364,"minecraft:acacia_planks":169,"minecraft:bow":20,"minecraft:orange_tulip":2,"minecraft:wheat_seeds":46,"minecraft:raw_gold":23,"minecraft:grindstone":2,"minecraft:bolt_armor_trim_smithing_template":2,"minecraft:mossy_stone_bricks":1,"minecraft:fletching_table":3,"minecraft:oak_planks":11,"minecraft:stone_hoe":1,"minecraft:mossy_stone_brick_stairs":4,"minecraft:cooked_porkchop":5,"minecraft:axolotl_bucket":1,"minecraft:sand":69,"minecraft:diamond_block":1,"minecraft:orange_wool":11,"travelersbackpack:white_sleeping_bag":2,"minecraft:diamond":71,"minecraft:waxed_oxidized_copper_grate":10,"minecraft:cracked_polished_blackstone_bricks":5,"minecraft:crossbow":8,"minecraft:breeze_rod":81,"minecraft:golden_apple":8,"minecraft:spruce_sign":2,"minecraft:emerald":248,"minecraft:oak_sapling":2,"minecraft:netherrack":775,"minecraft:oak_leaves":112,"minecraft:fishing_rod":1,"minecraft:azure_bluet":3,"minecraft:ladder":6,"minecraft:chest_minecart":1,"minecraft:wooden_pickaxe":1,"minecraft:stone_brick_wall":3,"minecraft:gold_block":4,"minecraft:chain":11,"minecraft:brick":72,"minecraft:shield":10,"minecraft:oak_trapdoor":1,"minecraft:moss_carpet":23,"minecraft:iron_axe":11,"minecraft:item_frame":9,"minecraft:blackstone":81,"minecraft:candle":8,"minecraft:oak_boat":1,"minecraft:lectern":5,"minecraft:sugar_cane":38,"minecraft:spruce_trapdoor":7,"minecraft:phantom_membrane":6,"minecraft:raw_iron":296,"minecraft:bamboo_hanging_sign":1,"minecraft:music_disc_relic":1,"minecraft:bowl":6,"minecraft:flowering_azalea_leaves":7,"minecraft:polished_blackstone_bricks":62,"minecraft:trident":2,"minecraft:arrow":528,"minecraft:burn_pottery_sherd":1,"minecraft:basalt":18,"minecraft:golden_carrot":11,"minecraft:glow_ink_sac":15,"minecraft:salmon":2,"minecraft:leather":26,"minecraft:waxed_copper_block":16,"minecraft:gunpowder":11,"minecraft:yellow_bed":1,"minecraft:cobblestone_wall":1,"minecraft:heart_pottery_sherd":1,"minecraft:cooked_mutton":34,"minecraft:smooth_sandstone":1,"minecraft:red_carpet":12,"minecraft:iron_ingot":92,"minecraft:polished_tuff_slab":1,"minecraft:cooked_chicken":8,"minecraft:mossy_stone_brick_wall":1,"minecraft:acacia_sapling":55,"minecraft:soul_sand":1,"minecraft:book":57,"minecraft:oak_slab":48,"minecraft:black_candle":10,"minecraft:emerald_block":3,"minecraft:stone_brick_slab":2,"minecraft:quartz":16,"minecraft:dandelion":1,"minecraft:dripstone_block":2,"minecraft:amethyst_shard":8,"minecraft:blast_furnace":2,"minecraft:white_bed":6,"minecraft:spruce_door":3,"minecraft:spider_eye":88,"minecraft:iron_helmet":1,"minecraft:terracotta":229,"minecraft:acacia_slab":5,"minecraft:damaged_anvil":3,"minecraft:chiseled_tuff_bricks":12,"minecraft:coal":407},"minecraft:killed_by":{"minecraft:stray":1,"minecraft:creeper":1},"minecraft:broken":{"minecraft:wooden_shovel":1,"minecraft:diamond_helmet":1,"minecraft:iron_boots":2,"minecraft:iron_chestplate":1,"minecraft:iron_leggings":1,"minecraft:diamond_pickaxe":1,"minecraft:shield":2,"minecraft:iron_axe":1,"minecraft:iron_pickaxe":1,"minecraft:iron_helmet":2,"minecraft:stone_pickaxe":2,"minecraft:diamond_boots":1,"minecraft:stone_axe":4,"minecraft:stone_shovel":2},"minecraft:dropped":{"minecraft:iron_sword":2,"minecraft:ominous_bottle":2,"minecraft:cooked_beef":13,"minecraft:glow_ink_sac":15,"minecraft:glass_bottle":5,"minecraft:cooked_porkchop":30,"minecraft:crossbow":4,"minecraft:glow_berries":1,"minecraft:rooted_dirt":3,"travelersbackpack:iron_tier_upgrade":2,"minecraft:fletching_table":1,"minecraft:rail":3,"minecraft:red_mushroom":1,"minecraft:red_carpet":2,"minecraft:emerald":76,"minecraft:dirt":2,"minecraft:writable_book":1,"minecraft:sand":9,"minecraft:iron_pickaxe":1,"minecraft:fishing_rod":2,"minecraft:white_wool":3,"minecraft:bone":7,"minecraft:stone_axe":7,"minecraft:goat_horn":1,"minecraft:iron_nugget":1,"minecraft:cooked_chicken":8,"minecraft:cobbled_deepslate":36,"minecraft:rotten_flesh":32,"minecraft:grindstone":2,"minecraft:oak_planks":2,"minecraft:white_bed":3,"minecraft:waxed_copper_block":7,"minecraft:wind_charge":55,"minecraft:tipped_arrow":52,"minecraft:red_candle":8,"minecraft:heart_pottery_sherd":1,"minecraft:glass":192,"minecraft:cartography_table":4,"minecraft:lectern":1,"minecraft:egg":16,"minecraft:enchanted_book":2,"minecraft:iron_ingot":84,"minecraft:shelter_pottery_sherd":1,"minecraft:wheat_seeds":19,"minecraft:dripstone_block":2,"minecraft:cobblestone":3,"minecraft:iron_helmet":2,"minecraft:waxed_copper_grate":2,"minecraft:granite":1,"minecraft:burn_pottery_sherd":1,"minecraft:golden_apple":4,"minecraft:gray_wool":1,"minecraft:golden_carrot":2,"minecraft:wooden_axe":2,"minecraft:cooked_salmon":4,"minecraft:diamond_helmet":2,"minecraft:potion":1,"minecraft:string":38,"minecraft:spruce_sapling":23,"minecraft:furnace":2,"minecraft:soul_soil":3,"minecraft:stone_sword":1,"minecraft:iron_boots":2,"minecraft:stone_slab":2,"minecraft:name_tag":2,"minecraft:spruce_fence":2,"minecraft:hay_block":1,"minecraft:flower_pot":1,"minecraft:spruce_planks":2,"minecraft:diamond_pickaxe":16,"minecraft:spider_eye":2,"minecraft:barrel":1,"minecraft:bow":5,"minecraft:waxed_exposed_copper_bulb":1,"minecraft:diamond_axe":3,"minecraft:baked_potato":23,"minecraft:loom":3,"minecraft:ender_pearl":1,"minecraft:decorated_pot":27,"minecraft:lantern":7,"minecraft:leather":8,"travelersbackpack:standard":10,"minecraft:flint":1,"minecraft:cracked_polished_blackstone_bricks":5,"minecraft:netherite_scrap":4,"minecraft:polished_blackstone_brick_stairs":1,"minecraft:axolotl_bucket":1,"minecraft:polished_blackstone_bricks":62,"minecraft:gold_ingot":14,"minecraft:gravel":6,"minecraft:red_glazed_terracotta":1,"minecraft:blackstone":30,"minecraft:spyglass":1,"minecraft:chiseled_tuff_bricks":6,"minecraft:pointed_dripstone":6,"minecraft:cooked_mutton":13,"minecraft:carrot":12,"minecraft:music_disc_creator":1,"minecraft:poppy":5,"minecraft:trident":2,"minecraft:blade_pottery_sherd":1,"minecraft:lingering_potion":1,"minecraft:chest":1,"minecraft:chainmail_boots":10,"minecraft:basalt":18,"minecraft:arrow":192,"minecraft:quartz":1,"minecraft:written_book":3,"minecraft:netherrack":338,"minecraft:enchanting_table":1,"minecraft:water_bucket":2,"minecraft:stone_hoe":1,"minecraft:bread":158,"minecraft:oak_slab":1,"travelersbackpack:bookshelf":1,"minecraft:smithing_table":1,"minecraft:diamond_leggings":1,"minecraft:plenty_pottery_sherd":1,"minecraft:mangrove_propagule":1,"minecraft:polished_tuff":7,"minecraft:ominous_trial_key":9,"minecraft:diorite":1,"minecraft:torch":22,"minecraft:melon_slice":144,"minecraft:waxed_oxidized_copper":1,"minecraft:fire_charge":2,"minecraft:iron_leggings":2,"minecraft:iron_axe":1,"minecraft:orange_bed":1,"minecraft:bucket":1,"minecraft:smooth_basalt":3,"minecraft:tuff_bricks":20,"minecraft:coarse_dirt":45,"minecraft:smoker":2,"minecraft:flint_and_steel":1,"minecraft:filled_map":1,"minecraft:shield":9,"minecraft:trial_key":11,"minecraft:diamond_chestplate":3,"minecraft:iron_chestplate":3,"minecraft:oak_boat":1,"minecraft:miner_pottery_sherd":1,"minecraft:slime_ball":130,"minecraft:diamond_boots":8,"minecraft:spruce_log":169,"minecraft:wooden_pickaxe":2,"minecraft:heartbreak_pottery_sherd":1,"minecraft:waxed_oxidized_copper_grate":8,"minecraft:brick":4},"minecraft:crafted":{"mcwfences:spruce_wired_fence":9,"minecraft:cooked_mutton":4,"minecraft:iron_bars":16,"minecraft:glass":190,"minecraft:diamond_helmet":2,"minecraft:diamond_leggings":3,"minecraft:tipped_arrow":65,"minecraft:emerald":168,"minecraft:cooked_porkchop":48,"minecraft:acacia_slab":36,"minecraft:copper_ingot":72,"minecraft:campfire":1,"minecraft:iron_pickaxe":1,"minecraft:iron_block":3,"minecraft:gold_ingot":67,"minecraft:stone_shovel":2,"minecraft:iron_nugget":27,"minecraft:bone_meal":651,"minecraft:spruce_fence":6,"minecraft:lantern":4,"minecraft:diamond":9,"travelersbackpack:cake":1,"travelersbackpack:white_sleeping_bag":1,"travelersbackpack:bee":1,"minecraft:ladder":6,"minecraft:spruce_slab":6,"minecraft:stone_pickaxe":2,"minecraft:diamond_boots":2,"minecraft:wheat":1264,"minecraft:enchanting_table":1,"minecraft:chainmail_boots":10,"minecraft:wooden_axe":1,"minecraft:iron_shovel":6,"minecraft:iron_leggings":5,"minecraft:oak_planks":220,"minecraft:cooked_chicken":4,"minecraft:bow":17,"minecraft:iron_boots":4,"minecraft:chest":21,"minecraft:flow_armor_trim_smithing_template":2,"minecraft:stone_hoe":3,"minecraft:arrow":208,"minecraft:crafting_table":5,"minecraft:spruce_planks":2304,"minecraft:wooden_pickaxe":1,"minecraft:iron_helmet":5,"minecraft:spruce_trapdoor":4,"minecraft:iron_chestplate":6,"minecraft:diamond_pickaxe":4,"minecraft:shield":10,"minecraft:stick":4832,"minecraft:iron_ingot":310,"minecraft:stone_sword":2,"minecraft:shears":1,"minecraft:furnace":2,"minecraft:glass_pane":16,"minecraft:iron_axe":2,"minecraft:netherite_scrap":1,"minecraft:cooked_beef":41,"minecraft:sugar":2,"minecraft:bone_block":46,"minecraft:spruce_sign":6,"minecraft:cooked_salmon":2,"minecraft:bucket":2,"minecraft:stone_axe":19,"minecraft:air":0,"minecraft:bread":443,"minecraft:blue_dye":1,"minecraft:oak_boat":1,"minecraft:raw_gold":9,"minecraft:anvil":1,"minecraft:acacia_planks":328,"minecraft:torch":364,"mcwfences:oak_hedge":8,"minecraft:diamond_chestplate":1},"minecraft:custom":{"minecraft:interact_with_crafting_table":141,"minecraft:open_barrel":62,"minecraft:bell_ring":1,"minecraft:eat_cake_slice":2,"minecraft:leave_game":19,"minecraft:time_since_death":743359,"minecraft:damage_blocked_by_shield":9106,"minecraft:play_time":1349466,"minecraft:deaths":4,"minecraft:jump":15872,"minecraft:interact_with_furnace":251,"minecraft:traded_with_villager":211,"minecraft:sleep_in_bed":56,"minecraft:damage_dealt":97700,"minecraft:inspect_dispenser":60,"minecraft:interact_with_smithing_table":11,"minecraft:interact_with_anvil":11,"minecraft:sneak_time":28353,"minecraft:interact_with_blast_furnace":1,"minecraft:total_world_time":1349466,"minecraft:time_since_rest":9594,"minecraft:swim_one_cm":276970,"minecraft:fly_one_cm":2908876,"minecraft:open_chest":1172,"minecraft:fish_caught":15,"minecraft:fall_one_cm":438559,"minecraft:sprint_one_cm":2841838,"minecraft:drop":608,"minecraft:talked_to_villager":254,"minecraft:walk_on_water_one_cm":107945,"minecraft:player_kills":7,"minecraft:crouch_one_cm":80119,"minecraft:mob_kills":751,"minecraft:climb_one_cm":73765,"minecraft:walk_one_cm":2506716,"minecraft:walk_under_water_one_cm":75320,"minecraft:boat_one_cm":124322,"minecraft:pot_flower":2,"minecraft:damage_taken":19347,"minecraft:trigger_trapped_chest":5},"minecraft:killed":{"minecraft:cave_spider":4,"minecraft:skeleton":36,"minecraft:chicken":1,"minecraft:pillager":17,"minecraft:zombie":46,"minecraft:cow":19,"minecraft:husk":2,"minecraft:breeze":40,"minecraft:spider":116,"minecraft:silverfish":4,"minecraft:piglin_brute":3,"minecraft:piglin":12,"minecraft:pig":3,"minecraft:zombie_villager":2,"minecraft:creeper":8,"minecraft:sheep":7,"minecraft:stray":142,"minecraft:slime":264,"minecraft:phantom":3,"minecraft:drowned":4,"minecraft:hoglin":4,"minecraft:player":6},"minecraft:mined":{"minecraft:white_bed":5,"minecraft:obsidian":11,"minecraft:granite":5,"minecraft:acacia_log":261,"minecraft:stone_brick_wall":3,"mcwfences:spruce_wired_fence":3,"minecraft:chiseled_tuff_bricks":7,"minecraft:oak_wall_sign":1,"minecraft:spawner":3,"minecraft:polished_blackstone_bricks":49,"minecraft:tall_seagrass":1,"minecraft:cobbled_deepslate":2,"minecraft:fire":54,"minecraft:barrel":1,"minecraft:moss_carpet":23,"minecraft:fletching_table":3,"minecraft:deepslate_lapis_ore":6,"minecraft:cave_vines":7,"minecraft:water_cauldron":2,"minecraft:oak_stairs":5,"minecraft:orange_bed":10,"minecraft:cut_sandstone":1,"minecraft:red_bed":1,"minecraft:smoker":2,"minecraft:amethyst_cluster":1,"minecraft:powder_snow":4,"minecraft:torch":13,"minecraft:blast_furnace":2,"minecraft:melon":11,"minecraft:dead_bush":23,"minecraft:spruce_wall_sign":2,"minecraft:glass":4,"minecraft:sugar_cane":16,"minecraft:damaged_anvil":2,"minecraft:chain":11,"minecraft:waxed_copper_bulb":3,"minecraft:wheat":6,"minecraft:waxed_copper_block":17,"minecraft:stone_brick_stairs":3,"minecraft:loom":3,"minecraft:smooth_basalt":6,"minecraft:stonecutter":1,"minecraft:deepslate":81,"minecraft:potted_flowering_azalea_bush":2,"minecraft:spruce_fence":11,"travelersbackpack:bookshelf":1,"minecraft:moss_block":64,"minecraft:cartography_table":3,"minecraft:packed_mud":1,"minecraft:red_sandstone":1,"minecraft:waxed_copper_grate":11,"minecraft:acacia_wood":8,"minecraft:andesite":25,"minecraft:chiseled_tuff":1,"minecraft:mossy_stone_brick_stairs":4,"minecraft:vine":2,"minecraft:rail":15,"minecraft:bone_block":28,"minecraft:smithing_table":1,"minecraft:oak_slab":50,"minecraft:glass_pane":2,"minecraft:hanging_roots":1,"minecraft:soul_sand":1,"minecraft:stone_brick_slab":1,"minecraft:smooth_sandstone":1,"minecraft:cornflower":1,"minecraft:short_grass":121,"minecraft:tall_grass":44,"minecraft:deepslate_gold_ore":14,"minecraft:diorite":1,"minecraft:coarse_dirt":209,"minecraft:cobblestone_wall":1,"minecraft:spruce_log":1070,"minecraft:gravel":13,"minecraft:dripstone_block":2,"minecraft:cobweb":72,"minecraft:acacia_planks":16,"minecraft:stone_bricks":10,"travelersbackpack:cake":1,"minecraft:fern":2,"minecraft:large_amethyst_bud":2,"minecraft:spruce_planks":5,"minecraft:orange_wool":11,"minecraft:spruce_trapdoor":3,"minecraft:budding_amethyst":2,"minecraft:grass_block":15,"mcwfences:oak_hedge":4,"minecraft:cracked_polished_blackstone_bricks":5,"minecraft:soul_soil":6,"minecraft:composter":3,"minecraft:tuff_bricks":49,"minecraft:iron_ore":277,"minecraft:polished_tuff":14,"minecraft:anvil":1,"minecraft:azure_bluet":1,"minecraft:dark_oak_stairs":4,"minecraft:pointed_dripstone":3,"minecraft:flowering_azalea_leaves":8,"minecraft:polished_tuff_slab":1,"minecraft:black_candle":2,"minecraft:azalea_leaves":25,"minecraft:azalea":5,"minecraft:spruce_slab":3,"minecraft:green_bed":5,"minecraft:deepslate_redstone_ore":10,"minecraft:blackstone":75,"minecraft:chest":9,"minecraft:mushroom_stem":1,"minecraft:nether_quartz_ore":20,"minecraft:cobblestone":15,"minecraft:grindstone":2,"minecraft:oak_planks":16,"minecraft:wall_torch":19,"minecraft:seagrass":1,"minecraft:red_candle":2,"minecraft:acacia_sapling":2,"minecraft:dark_oak_slab":16,"minecraft:mossy_stone_brick_wall":1,"minecraft:waxed_oxidized_cut_copper_stairs":1,"minecraft:orange_tulip":1,"minecraft:oak_log":50,"minecraft:waxed_oxidized_copper":1,"minecraft:sand":65,"minecraft:dirt":126,"minecraft:dispenser":1,"minecraft:netherrack":1305,"minecraft:ancient_debris":2,"minecraft:oak_leaves":170,"minecraft:nether_gold_ore":58,"minecraft:red_carpet":4,"minecraft:tuff":2,"minecraft:deepslate_diamond_ore":65,"minecraft:candle":2,"minecraft:oak_door":1,"minecraft:lever":1,"minecraft:ladder":6,"minecraft:decorated_pot":78,"travelersbackpack:white_sleeping_bag":3,"minecraft:spruce_leaves":62,"minecraft:acacia_slab":4,"minecraft:sandstone":1,"minecraft:rooted_dirt":28,"minecraft:large_fern":8,"minecraft:hay_block":253,"minecraft:spore_blossom":5,"minecraft:oak_trapdoor":1,"minecraft:spruce_sapling":3,"minecraft:furnace":22,"minecraft:carrots":19,"minecraft:raw_gold_block":3,"minecraft:acacia_stairs":1,"minecraft:stripped_spruce_log":10,"minecraft:peony":1,"minecraft:gold_block":4,"minecraft:bookshelf":18,"minecraft:deepslate_iron_ore":21,"minecraft:lantern":41,"minecraft:stone":261,"minecraft:waxed_exposed_copper_bulb":1,"minecraft:acacia_leaves":12,"minecraft:flowering_azalea":10,"minecraft:red_wool":10,"minecraft:basalt":16,"minecraft:spruce_door":1,"travelersbackpack:standard":9,"minecraft:crafting_table":20,"minecraft:lectern":5,"minecraft:andesite_wall":2,"minecraft:stone_slab":3,"minecraft:deepslate_coal_ore":7,"minecraft:red_glazed_terracotta":1,"minecraft:lapis_ore":23,"minecraft:lily_pad":9,"minecraft:polished_blackstone_brick_stairs":1,"minecraft:spruce_stairs":33,"minecraft:waxed_oxidized_copper_grate":12,"minecraft:yellow_bed":1,"minecraft:coal_ore":208,"minecraft:flower_pot":4,"minecraft:cracked_stone_bricks":2,"minecraft:terracotta":241,"minecraft:mossy_stone_bricks":1},"minecraft:used":{"minecraft:peony":1,"minecraft:moss_block":73,"minecraft:tuff_bricks":7,"minecraft:dispenser":1,"minecraft:spruce_slab":7,"minecraft:poppy":1,"minecraft:ladder":12,"minecraft:chest":29,"minecraft:acacia_sapling":52,"minecraft:azure_bluet":1,"minecraft:lava_bucket":2,"minecraft:dark_oak_slab":9,"minecraft:stone_brick_stairs":2,"minecraft:bow":2,"minecraft:ominous_bottle":1,"minecraft:furnace":22,"minecraft:cooked_cod":2,"minecraft:mossy_stone_bricks":1,"minecraft:damaged_anvil":2,"minecraft:spruce_door":3,"minecraft:powered_rail":2,"minecraft:orange_tulip":1,"minecraft:wooden_pickaxe":3,"minecraft:mossy_stone_brick_stairs":1,"minecraft:composter":2,"minecraft:oak_leaves":33,"minecraft:glow_berries":24,"minecraft:spore_blossom":4,"minecraft:flowering_azalea_leaves":7,"minecraft:oak_boat":1,"minecraft:oak_trapdoor":1,"minecraft:enchanting_table":1,"minecraft:stone_sword":78,"minecraft:acacia_log":78,"minecraft:cooked_salmon":8,"minecraft:trial_key":13,"minecraft:netherrack":126,"minecraft:orange_bed":7,"minecraft:torch":452,"minecraft:anvil":3,"minecraft:flowering_azalea":3,"mcwfences:spruce_wired_fence":3,"minecraft:iron_axe":186,"minecraft:rooted_dirt":17,"minecraft:bamboo_hanging_sign":1,"minecraft:goat_horn":1,"minecraft:acacia_wood":7,"minecraft:acacia_planks":57,"minecraft:cobbled_deepslate":18,"minecraft:wheat_seeds":6,"minecraft:water_bucket":104,"minecraft:cracked_stone_bricks":1,"minecraft:rail":5,"minecraft:vine":6,"minecraft:crafting_table":20,"minecraft:red_bed":1,"minecraft:white_bed":3,"minecraft:campfire":1,"minecraft:cake":1,"minecraft:spruce_log":9,"minecraft:diamond_pickaxe":2626,"minecraft:cornflower":1,"minecraft:diamond_shovel":28,"minecraft:ominous_trial_key":8,"travelersbackpack:bookshelf":28,"minecraft:wind_charge":57,"minecraft:iron_pickaxe":245,"travelersbackpack:white_sleeping_bag":2,"minecraft:spruce_trapdoor":8,"minecraft:spruce_sapling":119,"minecraft:cobblestone":88,"minecraft:potion":3,"minecraft:azalea_leaves":24,"travelersbackpack:standard":28,"minecraft:cooked_porkchop":20,"minecraft:black_candle":4,"minecraft:glass_pane":6,"minecraft:dandelion":1,"minecraft:candle":2,"minecraft:moss_carpet":4,"minecraft:oak_sign":3,"minecraft:decorated_pot":22,"minecraft:shield":396,"minecraft:carrot":55,"minecraft:axolotl_bucket":1,"minecraft:obsidian":10,"minecraft:honey_bottle":2,"minecraft:glass":113,"minecraft:waxed_oxidized_copper_grate":2,"minecraft:lantern":13,"minecraft:packed_mud":1,"minecraft:stone_bricks":4,"minecraft:item_frame":9,"minecraft:red_carpet":10,"minecraft:hay_block":41,"minecraft:written_book":1,"minecraft:diamond_boots":1,"minecraft:stone_pickaxe":263,"minecraft:oak_planks":64,"minecraft:sandstone":1,"minecraft:sugar_cane":7,"minecraft:diamond_axe":2237,"travelersbackpack:bee":3,"minecraft:crossbow":39,"minecraft:stone_brick_wall":2,"minecraft:lingering_potion":2,"minecraft:shears":165,"minecraft:polished_tuff":6,"minecraft:lever":1,"minecraft:melon_slice":27,"minecraft:bread":241,"minecraft:chain":4,"minecraft:coarse_dirt":101,"minecraft:bone_meal":221,"minecraft:experience_bottle":13,"minecraft:trident":7,"minecraft:flint_and_steel":15,"minecraft:stone_shovel":272,"minecraft:spruce_planks":74,"minecraft:wooden_shovel":59,"minecraft:stone_hoe":183,"minecraft:cooked_chicken":4,"minecraft:dirt":181,"minecraft:spyglass":1,"minecraft:spruce_stairs":11,"minecraft:cobblestone_wall":1,"minecraft:spruce_fence":14,"minecraft:granite":4,"minecraft:andesite_wall":2,"minecraft:stone_brick_slab":2,"minecraft:wooden_axe":47,"mcwfences:oak_hedge":12,"minecraft:acacia_slab":41,"minecraft:golden_carrot":11,"travelersbackpack:cake":7,"minecraft:cooked_beef":63,"minecraft:mossy_stone_brick_wall":1,"minecraft:cooked_mutton":3,"minecraft:baked_potato":13,"minecraft:spruce_sign":8,"minecraft:green_bed":15,"minecraft:terracotta":20,"minecraft:painting":35,"minecraft:flower_pot":4,"minecraft:acacia_stairs":1,"minecraft:apple":1,"minecraft:stone_slab":1,"minecraft:stone_axe":771,"minecraft:fishing_rod":27,"minecraft:bucket":115}},"DataVersion":3953}