{"stats":{"minecraft:killed":{"minecraft:spider":7,"naturalist:duck":1,"naturalist:boar":6,"minecraft:skeleton":22,"naturalist:coral_snake":1,"minecraft:silverfish":1,"minecraft:husk":11,"minecraft:creeper":2,"tinyskeletons:baby_skeleton":1,"minecraft:zombie":28,"minecraft:stray":8,"minecraft:player":4},"minecraft:custom":{"minecraft:mob_kills":89,"minecraft:interact_with_crafting_table":57,"minecraft:open_barrel":4,"minecraft:leave_game":7,"minecraft:time_since_death":164740,"minecraft:climb_one_cm":1485,"minecraft:sprint_one_cm":1035654,"minecraft:walk_one_cm":498455,"minecraft:damage_blocked_by_shield":3860,"minecraft:drop":170,"minecraft:play_time":305285,"minecraft:deaths":3,"minecraft:sneak_time":7724,"minecraft:walk_under_water_one_cm":26909,"minecraft:boat_one_cm":33732,"minecraft:jump":7077,"minecraft:walk_on_water_one_cm":63978,"minecraft:total_world_time":305285,"minecraft:interact_with_furnace":58,"minecraft:sleep_in_bed":6,"minecraft:time_since_rest":10192,"minecraft:waystone_activated":1,"minecraft:damage_taken":6095,"minecraft:damage_dealt":20322,"minecraft:player_kills":7,"minecraft:swim_one_cm":43642,"minecraft:fly_one_cm":1092839,"minecraft:open_chest":65,"minecraft:crouch_one_cm":17702,"minecraft:fall_one_cm":131124},"minecraft:mined":{"blockus:viridite":3,"minecraft:tuff":1,"geodes:medium_lapis_bud":1,"minecraft:deepslate_diamond_ore":37,"minecraft:mangrove_roots":1,"terrestria:small_oak_log":3,"minecraft:grass_block":1,"minecraft:jungle_planks":1,"minecraft:rooted_dirt":1,"geodes:large_lapis_bud":1,"minecraft:hay_block":52,"minecraft:large_fern":2,"croptopia:ginger_crop":3,"minecraft:furnace":11,"geodes:small_lapis_bud":1,"minecraft:iron_ore":162,"minecraft:deepslate_lapis_ore":6,"croptopia:squash_crop":7,"minecraft:deepslate_iron_ore":75,"minecraft:bamboo_sapling":2,"minecraft:bamboo":3,"minecraft:stone":65,"minecraft:blue_orchid":11,"minecraft:orange_bed":1,"geodes:lapis_crystal_block":1,"minecraft:amethyst_cluster":1,"minecraft:crafting_table":9,"minecraft:torch":4,"minecraft:emerald_ore":3,"minecraft:honey_block":5,"minecraft:structure_void":1,"minecraft:rose_bush":1,"minecraft:dead_bush":1,"supplementaries:wild_flax":4,"minecraft:tall_grass":6,"blockus:marble":2,"minecraft:deepslate_gold_ore":95,"minecraft:honeycomb_block":1,"minecraft:cobblestone":2,"minecraft:deepslate_coal_ore":2,"minecraft:lapis_ore":3,"minecraft:cyan_bed":4,"minecraft:oak_planks":3,"minecraft:sugar_cane":3,"croptopia:olive_crop":6,"minecraft:wall_torch":4,"supplementaries:urn":103,"geodes:lapis_cluster":1,"croptopia:leek_crop":2,"minecraft:coarse_dirt":1,"croptopia:zucchini_crop":2,"minecraft:sweet_berry_bush":8,"croptopia:yam_crop":6,"minecraft:grass":23,"croptopia:turmeric_crop":6,"minecraft:coal_ore":211,"minecraft:cocoa":8,"croptopia:kiwi_crop":4,"croptopia:saguaro_crop":6,"minecraft:dirt":8,"minecraft:sand":3,"croptopia:rutabaga_crop":3,"blockus:limestone":3,"minecraft:smooth_basalt":5,"minecraft:small_dripleaf":2,"minecraft:deepslate":60,"minecraft:fern":1,"blockus:bluestone":6},"minecraft:picked_up":{"blockus:limestone":5,"minecraft:cocoa_beans":22,"minecraft:crafting_table":8,"croptopia:zucchini":2,"minecraft:wheat":8,"supplementaries:bomb_blue":1,"blockus:bluestone":8,"minecraft:wooden_pickaxe":2,"croptopia:saguaro_seed":11,"minecraft:string":11,"minecraft:raw_copper":4,"minecraft:zombie_head":3,"blockus:marble":4,"minecraft:blue_orchid":10,"minecraft:gold_nugget":61,"minecraft:cobbled_deepslate":68,"minecraft:iron_nugget":79,"minecraft:sugar_cane":7,"minecraft:furnace":11,"adorn:guide_book":1,"minecraft:tipped_arrow":4,"minecraft:raw_iron":404,"minecraft:torch":99,"croptopia:rutabaga":3,"minecraft:porkchop":13,"croptopia:olive_seed":9,"minecraft:honeycomb_block":1,"croptopia:ginger_seed":2,"croptopia:yam_seed":9,"minecraft:arrow":51,"minecraft:rotten_flesh":32,"croptopia:squash_seed":10,"supplementaries:antique_ink":8,"minecraft:hay_block":52,"minecraft:mangrove_roots":3,"supplementaries:ash":90,"minecraft:skeleton_skull":1,"minecraft:cobblestone":74,"geodes:pyrite_chunk":1,"minecraft:feather":2,"minecraft:glow_ink_sac":3,"minecraft:water_bucket":1,"minecraft:jungle_log":13,"minecraft:leather":4,"croptopia:glowing_calamari":5,"fishofthieves:grubs":2,"minecraft:oak_log":12,"supplementaries:flax_seeds":27,"croptopia:leek":1,"minecraft:gunpowder":1,"minecraft:lapis_lazuli":83,"minecraft:lantern":1,"croptopia:kiwi_seed":10,"croptopia:olive":6,"minecraft:bone":72,"terrestria:small_oak_log":2,"minecraft:bow":2,"minecraft:wheat_seeds":5,"croptopia:squash":7,"minecraft:raw_gold":78,"minecraft:iron_ingot":4,"minecraft:stone_pickaxe":1,"minecraft:bamboo":17,"minecraft:oak_planks":3,"croptopia:kiwi":4,"croptopia:yam":6,"minecraft:cooked_porkchop":2,"minecraft:smooth_basalt":3,"minecraft:sweet_berries":26,"croptopia:turmeric":6,"croptopia:ginger":2,"geodes:lapis_crystal_block":1,"minecraft:sand":3,"minecraft:jungle_planks":2,"croptopia:rutabaga_seed":4,"croptopia:turmeric_seed":10,"minecraft:cyan_bed":4,"minecraft:acacia_stairs":1,"minecraft:spider_eye":2,"blockus:viridite":3,"croptopia:saguaro":6,"minecraft:diamond":38,"minecraft:stone_axe":1,"waystones:waystone":1,"minecraft:honey_block":5,"croptopia:leek_seed":2,"minecraft:iron_helmet":2,"minecraft:emerald":58,"croptopia:zucchini_seed":3,"minecraft:coal":362},"minecraft:dropped":{"minecraft:water_bucket":2,"minecraft:iron_ingot":1,"minecraft:bread":68,"minecraft:wheat_seeds":4,"croptopia:rutabaga":1,"minecraft:glow_ink_sac":3,"minecraft:diamond":35,"minecraft:iron_helmet":1,"minecraft:cobblestone":13,"minecraft:leather":1,"minecraft:jungle_planks":2,"blockus:viridite":3,"minecraft:flint":1,"mca:book_romance":1,"minecraft:torch":1,"minecraft:wooden_axe":1,"geodes:pyrite_chunk":1,"blockus:marble":2,"minecraft:zombie_head":3,"minecraft:dead_bush":2,"minecraft:iron_leggings":1,"minecraft:sand":1,"minecraft:iron_axe":1,"minecraft:iron_pickaxe":1,"croptopia:kiwi":1,"minecraft:smooth_basalt":2,"minecraft:furnace":2,"minecraft:stone_axe":1,"minecraft:mangrove_roots":3,"magistuarmory:iron_claymore":1,"minecraft:cobbled_deepslate":57,"minecraft:raw_copper":4,"minecraft:wheat":1,"minecraft:rotten_flesh":23,"minecraft:oak_planks":2,"universal_graves:grave_compass":2,"blockus:limestone":5,"minecraft:clay_ball":1,"blockus:bluestone":6,"supplementaries:ash":69,"croptopia:zucchini":1,"minecraft:gunpowder":1,"minecraft:trident":1,"croptopia:saguaro":6,"croptopia:kiwi_seed":6,"minecraft:skeleton_skull":1,"minecraft:iron_chestplate":1,"minecraft:spider_eye":2,"minecraft:bow":2,"minecraft:arrow":3,"minecraft:wooden_pickaxe":2,"croptopia:squash":4},"minecraft:killed_by":{"minecraft:creeper":2,"minecraft:zombie":1},"minecraft:used":{"minecraft:chest":2,"minecraft:shield":91,"minecraft:rotten_flesh":9,"minecraft:torch":453,"minecraft:wooden_axe":8,"minecraft:lantern":1,"minecraft:iron_axe":210,"minecraft:iron_helmet":1,"minecraft:smooth_basalt":1,"supplementaries:bomb_blue":1,"minecraft:bow":4,"magistuarmory:iron_claymore":4,"minecraft:furnace":13,"croptopia:cooked_calamari":5,"minecraft:cobbled_deepslate":11,"minecraft:water_bucket":48,"morebowsandarrows:iron_bow":1,"minecraft:stone_pickaxe":130,"minecraft:oak_planks":3,"minecraft:wooden_pickaxe":13,"minecraft:jungle_boat":1,"magistuarmory:iron_estoc":19,"minecraft:sand":2,"minecraft:golden_hoe":12,"minecraft:crafting_table":8,"minecraft:acacia_stairs":1,"geodes:lapis_crystal_block":1,"minecraft:iron_pickaxe":637,"croptopia:baked_yam":1,"minecraft:bread":116,"minecraft:cyan_bed":3,"adorn:guide_book":1,"blockus:bluestone":2,"minecraft:stone_axe":73,"minecraft:cobblestone":8,"minecraft:wooden_sword":50,"minecraft:porkchop":6,"minecraft:cooked_porkchop":5,"minecraft:bucket":50,"blockus:marble":2},"minecraft:crafted":{"minecraft:oak_planks":56,"morebowsandarrows:iron_bow":1,"magistuarmory:iron_claymore":2,"minecraft:furnace":4,"magistuarmory:iron_shortsword":3,"magistuarmory:iron_estoc":1,"magistuarmory:hilt":3,"minecraft:iron_boots":1,"minecraft:iron_axe":2,"minecraft:chest":2,"croptopia:cooked_calamari":5,"minecraft:wheat":541,"minecraft:cooked_porkchop":5,"croptopia:baked_yam":1,"minecraft:crafting_table":3,"minecraft:jungle_boat":1,"minecraft:iron_helmet":1,"minecraft:hay_block":9,"minecraft:stone_axe":1,"minecraft:bread":163,"minecraft:air":0,"minecraft:jungle_planks":52,"minecraft:iron_chestplate":2,"minecraft:shield":1,"minecraft:stick":124,"minecraft:iron_ingot":123,"minecraft:iron_pickaxe":4,"minecraft:wooden_axe":1,"minecraft:iron_leggings":2,"minecraft:torch":360,"minecraft:trident":1,"magistuarmory:leather_strip":6},"minecraft:broken":{"minecraft:stone_pickaxe":1,"minecraft:shield":1,"minecraft:wooden_sword":1,"minecraft:leather_boots":1,"minecraft:stone_axe":1,"minecraft:iron_pickaxe":2,"minecraft:iron_helmet":1}},"DataVersion":3465}