{"stats":{"minecraft:picked_up":{"minecraft:wooden_axe":2,"minecraft:iron_chestplate":6,"minecraft:flower_pot":7,"minecraft:anvil":1,"minecraft:stone_slab":1,"minecraft:smithing_table":1,"minecraft:oak_stairs":5,"minecraft:enchanted_book":5,"minecraft:polished_blackstone_brick_stairs":1,"minecraft:string":233,"minecraft:wayfinder_armor_trim_smithing_template":1,"minecraft:soul_soil":3,"minecraft:pufferfish":1,"minecraft:diamond_leggings":3,"minecraft:gold_nugget":200,"minecraft:cobbled_deepslate":99,"minecraft:spruce_planks":68,"minecraft:trial_key":27,"minecraft:azalea_leaves":24,"minecraft:enchanted_golden_apple":4,"minecraft:melon_slice":181,"minecraft:composter":2,"minecraft:acacia_log":150,"minecraft:green_bed":12,"minecraft:golden_axe":1,"minecraft:waxed_copper_grate":3,"minecraft:orange_bed":7,"minecraft:stone_sword":1,"minecraft:honey_bottle":12,"minecraft:iron_block":3,"minecraft:feather":1,"minecraft:cooked_beef":60,"minecraft:water_bucket":5,"minecraft:smoker":2,"minecraft:lantern":14,"minecraft:guster_banner_pattern":3,"minecraft:diamond_helmet":1,"minecraft:moss_block":109,"minecraft:stripped_spruce_log":11,"minecraft:loom":3,"minecraft:acacia_stairs":2,"minecraft:barrel":1,"minecraft:writable_book":1,"minecraft:miner_pottery_sherd":1,"minecraft:granite":5,"minecraft:bread":64,"minecraft:rooted_dirt":30,"minecraft:plenty_pottery_sherd":1,"minecraft:ominous_trial_key":59,"minecraft:diamond_pickaxe":10,"minecraft:crafting_table":16,"minecraft:shelter_pottery_sherd":1,"minecraft:coarse_dirt":235,"minecraft:ominous_bottle":7,"minecraft:music_disc_creator":2,"minecraft:wind_charge":193,"minecraft:cornflower":1,"minecraft:flow_banner_pattern":1,"minecraft:acacia_door":1,"minecraft:flint_and_steel":2,"minecraft:netherite_scrap":1,"minecraft:cracked_stone_bricks":1,"minecraft:cartography_table":4,"minecraft:beef":56,"minecraft:poppy":1,"minecraft:guster_pottery_sherd":1,"minecraft:chest":7,"minecraft:waxed_oxidized_copper":2,"minecraft:egg":3,"minecraft:raw_gold_block":1,"minecraft:oak_door":1,"minecraft:spruce_fence":12,"minecraft:fire_charge":7,"minecraft:carrot":1,"minecraft:diamond_chestplate":5,"minecraft:decorated_pot":55,"minecraft:diamond_boots":10,"minecraft:waxed_oxidized_cut_copper_stairs":2,"minecraft:hay_block":154,"minecraft:flow_armor_trim_smithing_template":4,"minecraft:tuff_bricks":48,"minecraft:mutton":7,"minecraft:glow_berries":33,"minecraft:rail":2,"minecraft:bone_block":28,"minecraft:white_wool":6,"minecraft:heartbreak_pottery_sherd":1,"minecraft:red_glazed_terracotta":1,"minecraft:red_mushroom":1,"minecraft:acacia_wood":7,"minecraft:packed_mud":1,"minecraft:oak_log":43,"minecraft:ancient_debris":2,"minecraft:golden_boots":1,"minecraft:paper":1,"minecraft:apple":7,"minecraft:stone_bricks":2,"travelersbackpack:cake":1,"minecraft:cobweb":5,"minecraft:blade_pottery_sherd":1,"minecraft:glass_bottle":5,"minecraft:iron_sword":3,"minecraft:flowering_azalea":12,"minecraft:dark_oak_stairs":4,"minecraft:smooth_basalt":4,"minecraft:dark_oak_slab":16,"minecraft:waxed_exposed_copper_bulb":1,"minecraft:gravel":2,"minecraft:spruce_sapling":20,"minecraft:spruce_log":177,"minecraft:polished_tuff":13,"travelersbackpack:standard":14,"minecraft:slime_ball":234,"minecraft:diamond_axe":8,"minecraft:painting":35,"minecraft:gray_wool":1,"minecraft:baked_potato":42,"minecraft:wheat":30,"minecraft:potion":17,"minecraft:stone_brick_stairs":3,"minecraft:iron_leggings":2,"minecraft:red_candle":12,"minecraft:oak_sign":3,"minecraft:bucket":3,"minecraft:azalea":5,"minecraft:wooden_shovel":1,"minecraft:iron_pickaxe":3,"minecraft:furnace":26,"minecraft:iron_boots":2,"minecraft:tipped_arrow":286,"minecraft:stick":93,"minecraft:spruce_stairs":33,"minecraft:torch":132,"travelersbackpack:iron_tier_upgrade":1,"minecraft:porkchop":26,"minecraft:pointed_dripstone":7,"minecraft:andesite_wall":2,"minecraft:rotten_flesh":61,"minecraft:obsidian":15,"minecraft:cod":12,"minecraft:cobblestone":180,"minecraft:enchanting_table":1,"minecraft:andesite":24,"minecraft:dirt":199,"minecraft:lapis_lazuli":218,"minecraft:name_tag":1,"travelersbackpack:bookshelf":5,"minecraft:glass":32,"minecraft:bone":354,"minecraft:acacia_planks":169,"minecraft:bow":20,"minecraft:orange_tulip":2,"minecraft:wheat_seeds":46,"minecraft:raw_gold":23,"minecraft:grindstone":2,"minecraft:bolt_armor_trim_smithing_template":2,"minecraft:fletching_table":1,"minecraft:oak_planks":5,"minecraft:stone_hoe":1,"minecraft:mossy_stone_brick_stairs":4,"minecraft:cooked_porkchop":3,"minecraft:sand":10,"minecraft:diamond_block":1,"travelersbackpack:white_sleeping_bag":2,"minecraft:diamond":69,"minecraft:waxed_oxidized_copper_grate":10,"minecraft:cracked_polished_blackstone_bricks":5,"minecraft:crossbow":6,"minecraft:breeze_rod":81,"minecraft:golden_apple":8,"minecraft:spruce_sign":2,"minecraft:emerald":102,"minecraft:oak_sapling":2,"minecraft:netherrack":775,"minecraft:oak_leaves":104,"minecraft:fishing_rod":1,"minecraft:azure_bluet":3,"minecraft:wooden_pickaxe":1,"minecraft:stone_brick_wall":3,"minecraft:gold_block":4,"minecraft:chain":1,"minecraft:brick":69,"minecraft:shield":10,"minecraft:oak_trapdoor":1,"minecraft:moss_carpet":23,"minecraft:iron_axe":11,"minecraft:item_frame":5,"minecraft:blackstone":75,"minecraft:candle":8,"minecraft:oak_boat":1,"minecraft:lectern":1,"minecraft:sugar_cane":9,"minecraft:spruce_trapdoor":2,"minecraft:phantom_membrane":6,"minecraft:raw_iron":197,"minecraft:bamboo_hanging_sign":1,"minecraft:bowl":6,"minecraft:flowering_azalea_leaves":7,"minecraft:polished_blackstone_bricks":62,"minecraft:trident":1,"minecraft:arrow":514,"minecraft:glow_ink_sac":15,"minecraft:basalt":18,"minecraft:golden_carrot":11,"minecraft:salmon":2,"minecraft:leather":26,"minecraft:waxed_copper_block":16,"minecraft:gunpowder":8,"minecraft:yellow_bed":1,"minecraft:cobblestone_wall":1,"minecraft:cooked_mutton":34,"minecraft:red_carpet":2,"minecraft:iron_ingot":92,"minecraft:polished_tuff_slab":1,"minecraft:cooked_chicken":8,"minecraft:mossy_stone_brick_wall":1,"minecraft:soul_sand":1,"minecraft:acacia_sapling":4,"minecraft:book":27,"minecraft:black_candle":10,"minecraft:emerald_block":3,"minecraft:quartz":16,"minecraft:dandelion":1,"minecraft:dripstone_block":2,"minecraft:amethyst_shard":4,"minecraft:white_bed":4,"minecraft:spruce_door":3,"minecraft:spider_eye":87,"minecraft:iron_helmet":1,"minecraft:terracotta":86,"minecraft:acacia_slab":5,"minecraft:damaged_anvil":2,"minecraft:chiseled_tuff_bricks":12,"minecraft:coal":314},"minecraft:crafted":{"minecraft:cooked_mutton":4,"minecraft:glass":145,"minecraft:diamond_helmet":2,"minecraft:diamond_leggings":3,"minecraft:emerald":27,"minecraft:cooked_porkchop":24,"minecraft:acacia_slab":36,"minecraft:copper_ingot":72,"minecraft:campfire":1,"minecraft:iron_pickaxe":1,"minecraft:iron_block":3,"minecraft:gold_ingot":67,"minecraft:stone_shovel":2,"minecraft:bone_meal":537,"minecraft:diamond":9,"travelersbackpack:cake":1,"travelersbackpack:white_sleeping_bag":1,"travelersbackpack:bee":1,"minecraft:ladder":3,"minecraft:stone_pickaxe":2,"minecraft:diamond_boots":2,"minecraft:wheat":778,"minecraft:enchanting_table":1,"minecraft:wooden_axe":1,"minecraft:iron_leggings":5,"minecraft:oak_planks":172,"minecraft:cooked_chicken":4,"minecraft:bow":5,"minecraft:iron_boots":3,"minecraft:chest":15,"minecraft:flow_armor_trim_smithing_template":2,"minecraft:stone_hoe":2,"minecraft:arrow":208,"minecraft:crafting_table":5,"minecraft:spruce_planks":32,"minecraft:wooden_pickaxe":1,"minecraft:iron_helmet":5,"minecraft:spruce_trapdoor":4,"minecraft:iron_chestplate":5,"minecraft:diamond_pickaxe":4,"minecraft:shield":3,"minecraft:stick":72,"minecraft:iron_ingot":242,"minecraft:stone_sword":2,"minecraft:shears":1,"minecraft:furnace":2,"minecraft:glass_pane":16,"minecraft:iron_axe":2,"minecraft:netherite_scrap":1,"minecraft:cooked_beef":37,"minecraft:sugar":2,"minecraft:bone_block":46,"minecraft:spruce_sign":6,"minecraft:bucket":2,"minecraft:stone_axe":1,"minecraft:bread":280,"minecraft:air":0,"minecraft:blue_dye":1,"minecraft:oak_boat":1,"minecraft:raw_gold":9,"minecraft:anvil":1,"minecraft:acacia_planks":40,"minecraft:torch":344,"minecraft:diamond_chestplate":1},"minecraft:used":{"minecraft:moss_block":73,"minecraft:tuff_bricks":7,"minecraft:poppy":1,"minecraft:ladder":3,"minecraft:chest":22,"minecraft:acacia_sapling":1,"minecraft:azure_bluet":1,"minecraft:lava_bucket":1,"minecraft:dark_oak_slab":9,"minecraft:stone_brick_stairs":2,"minecraft:bow":2,"minecraft:ominous_bottle":1,"minecraft:furnace":22,"minecraft:damaged_anvil":1,"minecraft:spruce_door":3,"minecraft:orange_tulip":1,"minecraft:wooden_pickaxe":3,"minecraft:mossy_stone_brick_stairs":1,"minecraft:composter":2,"minecraft:oak_leaves":27,"minecraft:glow_berries":24,"minecraft:flowering_azalea_leaves":7,"minecraft:oak_boat":1,"minecraft:oak_trapdoor":1,"minecraft:enchanting_table":1,"minecraft:stone_sword":78,"minecraft:acacia_log":78,"minecraft:cooked_salmon":7,"minecraft:netherrack":126,"minecraft:trial_key":13,"minecraft:orange_bed":6,"minecraft:torch":399,"minecraft:anvil":2,"minecraft:flowering_azalea":3,"minecraft:iron_axe":186,"minecraft:rooted_dirt":17,"minecraft:bamboo_hanging_sign":1,"minecraft:acacia_wood":7,"minecraft:acacia_planks":57,"minecraft:cobbled_deepslate":18,"minecraft:wheat_seeds":6,"minecraft:water_bucket":97,"minecraft:crafting_table":17,"minecraft:campfire":1,"minecraft:white_bed":1,"minecraft:cake":1,"minecraft:spruce_log":4,"minecraft:diamond_pickaxe":2062,"minecraft:cornflower":1,"minecraft:ominous_trial_key":8,"travelersbackpack:bookshelf":26,"minecraft:wind_charge":57,"minecraft:iron_pickaxe":245,"travelersbackpack:white_sleeping_bag":2,"minecraft:spruce_trapdoor":6,"minecraft:cobblestone":75,"minecraft:potion":3,"minecraft:azalea_leaves":24,"travelersbackpack:standard":11,"minecraft:glass_pane":6,"minecraft:black_candle":4,"minecraft:dandelion":1,"minecraft:candle":2,"minecraft:moss_carpet":4,"minecraft:oak_sign":3,"minecraft:decorated_pot":22,"minecraft:shield":370,"minecraft:obsidian":10,"minecraft:honey_bottle":2,"minecraft:glass":87,"minecraft:waxed_oxidized_copper_grate":2,"minecraft:lantern":13,"minecraft:packed_mud":1,"minecraft:stone_bricks":1,"minecraft:item_frame":5,"minecraft:red_carpet":2,"minecraft:hay_block":41,"minecraft:diamond_boots":1,"minecraft:stone_pickaxe":263,"minecraft:oak_planks":12,"minecraft:diamond_axe":1603,"minecraft:sugar_cane":7,"travelersbackpack:bee":3,"minecraft:crossbow":17,"minecraft:lingering_potion":2,"minecraft:stone_brick_wall":2,"minecraft:shears":136,"minecraft:polished_tuff":6,"minecraft:bread":202,"minecraft:melon_slice":27,"minecraft:chain":4,"minecraft:coarse_dirt":94,"minecraft:bone_meal":82,"minecraft:trident":1,"minecraft:flint_and_steel":15,"minecraft:stone_shovel":251,"minecraft:spruce_planks":56,"minecraft:wooden_shovel":59,"minecraft:stone_hoe":135,"minecraft:cooked_chicken":4,"minecraft:dirt":172,"minecraft:spyglass":1,"minecraft:spruce_stairs":11,"minecraft:cobblestone_wall":1,"minecraft:spruce_fence":10,"minecraft:granite":4,"minecraft:andesite_wall":2,"minecraft:wooden_axe":47,"minecraft:acacia_slab":41,"minecraft:golden_carrot":11,"travelersbackpack:cake":7,"minecraft:cooked_beef":56,"minecraft:mossy_stone_brick_wall":1,"minecraft:cooked_mutton":3,"minecraft:baked_potato":13,"minecraft:spruce_sign":8,"minecraft:green_bed":12,"minecraft:painting":35,"minecraft:flower_pot":4,"minecraft:acacia_stairs":1,"minecraft:apple":1,"minecraft:stone_slab":1,"minecraft:stone_axe":109,"minecraft:fishing_rod":27,"minecraft:bucket":107},"minecraft:mined":{"minecraft:white_bed":3,"minecraft:obsidian":11,"minecraft:granite":5,"minecraft:acacia_log":136,"minecraft:stone_brick_wall":3,"minecraft:chiseled_tuff_bricks":7,"minecraft:oak_wall_sign":1,"minecraft:spawner":3,"minecraft:polished_blackstone_bricks":49,"minecraft:cobbled_deepslate":2,"minecraft:fire":40,"minecraft:barrel":1,"minecraft:moss_carpet":23,"minecraft:fletching_table":1,"minecraft:deepslate_lapis_ore":6,"minecraft:cave_vines":4,"minecraft:oak_stairs":5,"minecraft:orange_bed":7,"minecraft:smoker":2,"minecraft:amethyst_cluster":1,"minecraft:powder_snow":4,"minecraft:torch":12,"minecraft:melon":11,"minecraft:dead_bush":23,"minecraft:spruce_wall_sign":2,"minecraft:glass":4,"minecraft:sugar_cane":3,"minecraft:damaged_anvil":1,"minecraft:chain":1,"minecraft:waxed_copper_bulb":3,"minecraft:wheat":6,"minecraft:waxed_copper_block":17,"minecraft:stone_brick_stairs":3,"minecraft:loom":3,"minecraft:smooth_basalt":3,"minecraft:deepslate":81,"minecraft:potted_flowering_azalea_bush":2,"minecraft:spruce_fence":10,"minecraft:moss_block":64,"minecraft:cartography_table":3,"minecraft:packed_mud":1,"minecraft:waxed_copper_grate":11,"minecraft:acacia_wood":8,"minecraft:andesite":25,"minecraft:chiseled_tuff":1,"minecraft:mossy_stone_brick_stairs":4,"minecraft:bone_block":28,"minecraft:smithing_table":1,"minecraft:glass_pane":2,"minecraft:hanging_roots":1,"minecraft:soul_sand":1,"minecraft:short_grass":107,"minecraft:tall_grass":36,"minecraft:deepslate_gold_ore":14,"minecraft:coarse_dirt":200,"minecraft:cobblestone_wall":1,"minecraft:spruce_log":186,"minecraft:gravel":4,"minecraft:dripstone_block":2,"minecraft:cobweb":72,"minecraft:acacia_planks":16,"minecraft:stone_bricks":3,"travelersbackpack:cake":1,"minecraft:fern":2,"minecraft:spruce_planks":3,"minecraft:spruce_trapdoor":2,"minecraft:grass_block":10,"minecraft:cracked_polished_blackstone_bricks":5,"minecraft:soul_soil":6,"minecraft:composter":2,"minecraft:tuff_bricks":49,"minecraft:iron_ore":178,"minecraft:polished_tuff":14,"minecraft:azure_bluet":1,"minecraft:dark_oak_stairs":4,"minecraft:pointed_dripstone":3,"minecraft:flowering_azalea_leaves":8,"minecraft:polished_tuff_slab":1,"minecraft:black_candle":2,"minecraft:azalea_leaves":25,"minecraft:azalea":5,"minecraft:green_bed":3,"minecraft:blackstone":69,"minecraft:chest":6,"minecraft:mushroom_stem":1,"minecraft:nether_quartz_ore":20,"minecraft:cobblestone":14,"minecraft:grindstone":2,"minecraft:oak_planks":14,"minecraft:wall_torch":18,"minecraft:red_candle":2,"minecraft:dark_oak_slab":16,"minecraft:mossy_stone_brick_wall":1,"minecraft:waxed_oxidized_cut_copper_stairs":1,"minecraft:orange_tulip":1,"minecraft:oak_log":46,"minecraft:waxed_oxidized_copper":1,"minecraft:sand":2,"minecraft:dirt":100,"minecraft:dispenser":1,"minecraft:netherrack":1305,"minecraft:ancient_debris":2,"minecraft:oak_leaves":155,"minecraft:nether_gold_ore":58,"minecraft:red_carpet":2,"minecraft:tuff":2,"minecraft:deepslate_diamond_ore":63,"minecraft:candle":2,"minecraft:oak_door":1,"minecraft:decorated_pot":73,"travelersbackpack:white_sleeping_bag":2,"minecraft:spruce_leaves":62,"minecraft:acacia_slab":4,"minecraft:rooted_dirt":28,"minecraft:large_fern":5,"minecraft:hay_block":154,"minecraft:oak_trapdoor":1,"minecraft:furnace":22,"minecraft:raw_gold_block":1,"minecraft:acacia_stairs":1,"minecraft:stripped_spruce_log":10,"minecraft:gold_block":4,"minecraft:bookshelf":8,"minecraft:deepslate_iron_ore":21,"minecraft:lantern":7,"minecraft:stone":133,"minecraft:waxed_exposed_copper_bulb":1,"minecraft:acacia_leaves":12,"minecraft:flowering_azalea":10,"minecraft:basalt":16,"minecraft:spruce_door":1,"travelersbackpack:standard":2,"minecraft:crafting_table":15,"minecraft:lectern":1,"minecraft:andesite_wall":2,"minecraft:stone_slab":2,"minecraft:red_glazed_terracotta":1,"minecraft:lapis_ore":23,"minecraft:polished_blackstone_brick_stairs":1,"minecraft:spruce_stairs":33,"minecraft:waxed_oxidized_copper_grate":12,"minecraft:yellow_bed":1,"minecraft:coal_ore":135,"minecraft:flower_pot":4,"minecraft:cracked_stone_bricks":1,"minecraft:terracotta":96},"minecraft:broken":{"minecraft:wooden_shovel":1,"minecraft:diamond_helmet":1,"minecraft:iron_boots":2,"minecraft:iron_chestplate":1,"minecraft:iron_leggings":1,"minecraft:diamond_pickaxe":1,"minecraft:shield":2,"minecraft:iron_axe":1,"minecraft:iron_pickaxe":1,"minecraft:iron_helmet":2,"minecraft:stone_pickaxe":2,"minecraft:stone_axe":1,"minecraft:stone_shovel":1},"minecraft:killed_by":{"minecraft:stray":1,"minecraft:creeper":1},"minecraft:custom":{"minecraft:interact_with_crafting_table":104,"minecraft:open_barrel":33,"minecraft:eat_cake_slice":2,"minecraft:leave_game":10,"minecraft:time_since_death":405840,"minecraft:damage_blocked_by_shield":8260,"minecraft:play_time":1011947,"minecraft:deaths":4,"minecraft:jump":11106,"minecraft:interact_with_furnace":197,"minecraft:traded_with_villager":13,"minecraft:sleep_in_bed":38,"minecraft:damage_dealt":87021,"minecraft:inspect_dispenser":53,"minecraft:interact_with_smithing_table":11,"minecraft:interact_with_anvil":7,"minecraft:sneak_time":22998,"minecraft:total_world_time":1011947,"minecraft:time_since_rest":19265,"minecraft:swim_one_cm":202970,"minecraft:fly_one_cm":1800291,"minecraft:open_chest":791,"minecraft:fish_caught":15,"minecraft:fall_one_cm":296965,"minecraft:sprint_one_cm":1955362,"minecraft:drop":507,"minecraft:talked_to_villager":96,"minecraft:walk_on_water_one_cm":81841,"minecraft:player_kills":3,"minecraft:crouch_one_cm":65255,"minecraft:mob_kills":699,"minecraft:climb_one_cm":39149,"minecraft:walk_one_cm":1798488,"minecraft:walk_under_water_one_cm":65733,"minecraft:boat_one_cm":124322,"minecraft:pot_flower":2,"minecraft:damage_taken":16654},"minecraft:killed":{"minecraft:cave_spider":3,"minecraft:skeleton":25,"minecraft:chicken":1,"minecraft:pillager":2,"minecraft:zombie":32,"minecraft:cow":17,"minecraft:breeze":40,"minecraft:spider":113,"minecraft:silverfish":4,"minecraft:piglin_brute":3,"minecraft:piglin":12,"minecraft:pig":3,"minecraft:creeper":7,"minecraft:sheep":6,"minecraft:stray":142,"minecraft:slime":264,"minecraft:phantom":3,"minecraft:drowned":4,"minecraft:hoglin":4,"minecraft:player":2},"minecraft:dropped":{"minecraft:iron_sword":1,"minecraft:ominous_bottle":2,"minecraft:cooked_beef":13,"minecraft:glow_ink_sac":15,"minecraft:glass_bottle":5,"minecraft:cooked_porkchop":24,"minecraft:crossbow":3,"minecraft:glow_berries":1,"minecraft:rooted_dirt":3,"travelersbackpack:iron_tier_upgrade":2,"minecraft:fletching_table":1,"minecraft:red_mushroom":1,"minecraft:emerald":59,"minecraft:dirt":1,"minecraft:writable_book":1,"minecraft:sand":9,"minecraft:iron_pickaxe":1,"minecraft:fishing_rod":2,"minecraft:white_wool":3,"minecraft:bone":7,"minecraft:iron_nugget":1,"minecraft:cooked_chicken":8,"minecraft:cobbled_deepslate":36,"minecraft:rotten_flesh":29,"minecraft:grindstone":2,"minecraft:oak_planks":2,"minecraft:white_bed":3,"minecraft:waxed_copper_block":7,"minecraft:wind_charge":55,"minecraft:tipped_arrow":52,"minecraft:red_candle":8,"minecraft:glass":192,"minecraft:cartography_table":4,"minecraft:lectern":1,"minecraft:egg":16,"minecraft:enchanted_book":2,"minecraft:iron_ingot":84,"minecraft:wheat_seeds":19,"minecraft:shelter_pottery_sherd":1,"minecraft:dripstone_block":2,"minecraft:cobblestone":3,"minecraft:iron_helmet":2,"minecraft:waxed_copper_grate":2,"minecraft:granite":1,"minecraft:golden_apple":4,"minecraft:gray_wool":1,"minecraft:golden_carrot":2,"minecraft:wooden_axe":2,"minecraft:cooked_salmon":4,"minecraft:diamond_helmet":2,"minecraft:potion":1,"minecraft:string":38,"minecraft:spruce_sapling":19,"minecraft:furnace":2,"minecraft:soul_soil":3,"minecraft:stone_sword":1,"minecraft:iron_boots":2,"minecraft:spruce_fence":2,"minecraft:hay_block":1,"minecraft:flower_pot":1,"minecraft:spruce_planks":2,"minecraft:diamond_pickaxe":12,"minecraft:spider_eye":1,"minecraft:barrel":1,"minecraft:bow":5,"minecraft:waxed_exposed_copper_bulb":1,"minecraft:diamond_axe":2,"minecraft:baked_potato":23,"minecraft:loom":3,"minecraft:decorated_pot":24,"minecraft:lantern":1,"minecraft:leather":8,"travelersbackpack:standard":8,"minecraft:flint":1,"minecraft:cracked_polished_blackstone_bricks":5,"minecraft:netherite_scrap":4,"minecraft:polished_blackstone_brick_stairs":1,"minecraft:polished_blackstone_bricks":62,"minecraft:gold_ingot":14,"minecraft:gravel":2,"minecraft:red_glazed_terracotta":1,"minecraft:blackstone":24,"minecraft:spyglass":1,"minecraft:chiseled_tuff_bricks":6,"minecraft:pointed_dripstone":6,"minecraft:cooked_mutton":13,"minecraft:music_disc_creator":1,"minecraft:trident":1,"minecraft:blade_pottery_sherd":1,"minecraft:lingering_potion":1,"minecraft:chest":1,"minecraft:basalt":18,"minecraft:quartz":1,"minecraft:netherrack":338,"minecraft:enchanting_table":1,"minecraft:stone_hoe":1,"minecraft:water_bucket":2,"minecraft:bread":82,"travelersbackpack:bookshelf":1,"minecraft:smithing_table":1,"minecraft:diamond_leggings":1,"minecraft:plenty_pottery_sherd":1,"minecraft:polished_tuff":7,"minecraft:ominous_trial_key":9,"minecraft:torch":22,"minecraft:melon_slice":144,"minecraft:waxed_oxidized_copper":1,"minecraft:fire_charge":2,"minecraft:iron_leggings":2,"minecraft:iron_axe":1,"minecraft:orange_bed":1,"minecraft:bucket":1,"minecraft:smooth_basalt":1,"minecraft:tuff_bricks":20,"minecraft:coarse_dirt":45,"minecraft:smoker":2,"minecraft:flint_and_steel":1,"minecraft:filled_map":1,"minecraft:shield":5,"minecraft:trial_key":11,"minecraft:diamond_chestplate":3,"minecraft:iron_chestplate":3,"minecraft:oak_boat":1,"minecraft:miner_pottery_sherd":1,"minecraft:slime_ball":130,"minecraft:diamond_boots":8,"minecraft:spruce_log":169,"minecraft:wooden_pickaxe":2,"minecraft:heartbreak_pottery_sherd":1,"minecraft:waxed_oxidized_copper_grate":8,"minecraft:brick":4}},"DataVersion":3953}