{"stats":{"minecraft:used":{"minecraft:moss_block":17,"minecraft:stone_sword":34,"minecraft:poppy":1,"minecraft:shield":37,"minecraft:stone_hoe":53,"minecraft:torch":135,"minecraft:dirt":2,"minecraft:granite":4,"minecraft:wooden_axe":47,"minecraft:iron_axe":55,"minecraft:packed_mud":1,"minecraft:furnace":9,"minecraft:cooked_beef":1,"minecraft:cooked_mutton":2,"minecraft:water_bucket":7,"minecraft:stone_pickaxe":263,"minecraft:oak_planks":12,"minecraft:wooden_pickaxe":3,"minecraft:crafting_table":10,"minecraft:melon_slice":27,"minecraft:bread":28,"minecraft:iron_pickaxe":29,"travelersbackpack:white_sleeping_bag":2,"minecraft:stone_axe":75,"minecraft:cobblestone":1,"travelersbackpack:standard":1,"minecraft:bucket":9,"minecraft:dandelion":1},"minecraft:broken":{"minecraft:stone_pickaxe":2,"minecraft:stone_axe":1},"minecraft:crafted":{"minecraft:oak_planks":72,"minecraft:cooked_chicken":4,"minecraft:furnace":1,"minecraft:cooked_mutton":4,"minecraft:glass":4,"travelersbackpack:white_sleeping_bag":1,"minecraft:iron_boots":2,"minecraft:iron_axe":2,"minecraft:stone_pickaxe":2,"minecraft:stone_hoe":1,"minecraft:wheat":452,"minecraft:cooked_beef":17,"minecraft:emerald":9,"minecraft:cooked_porkchop":2,"minecraft:crafting_table":1,"minecraft:wooden_pickaxe":1,"minecraft:iron_helmet":2,"minecraft:bucket":2,"minecraft:stone_axe":1,"minecraft:bread":156,"minecraft:air":0,"minecraft:iron_chestplate":2,"minecraft:shield":2,"minecraft:raw_gold":9,"minecraft:stick":40,"minecraft:iron_ingot":90,"minecraft:iron_pickaxe":1,"minecraft:wooden_axe":1,"minecraft:gold_ingot":10,"minecraft:stone_sword":1,"minecraft:iron_leggings":2,"minecraft:torch":140},"minecraft:killed":{"minecraft:cave_spider":2,"minecraft:spider":2,"minecraft:slime":30,"minecraft:skeleton":1,"minecraft:pig":1,"minecraft:sheep":6,"minecraft:zombie":6,"minecraft:stray":9,"minecraft:cow":9},"minecraft:custom":{"minecraft:mob_kills":67,"minecraft:interact_with_crafting_table":30,"minecraft:open_barrel":3,"minecraft:time_since_death":80965,"minecraft:climb_one_cm":3123,"minecraft:sprint_one_cm":224975,"minecraft:walk_one_cm":169462,"minecraft:damage_blocked_by_shield":600,"minecraft:drop":93,"minecraft:play_time":80965,"minecraft:sneak_time":2457,"minecraft:walk_under_water_one_cm":3838,"minecraft:jump":1540,"minecraft:walk_on_water_one_cm":15415,"minecraft:total_world_time":80965,"minecraft:interact_with_furnace":106,"minecraft:sleep_in_bed":4,"minecraft:time_since_rest":50750,"minecraft:damage_taken":1754,"minecraft:damage_dealt":6639,"minecraft:swim_one_cm":4378,"minecraft:fly_one_cm":257898,"minecraft:open_chest":7,"minecraft:crouch_one_cm":4691,"minecraft:fall_one_cm":44238,"minecraft:inspect_dispenser":1},"minecraft:mined":{"minecraft:deepslate_diamond_ore":1,"minecraft:granite":5,"minecraft:decorated_pot":9,"travelersbackpack:white_sleeping_bag":2,"minecraft:moss_block":34,"minecraft:tuff_bricks":10,"minecraft:spawner":1,"minecraft:hay_block":53,"minecraft:packed_mud":1,"minecraft:furnace":11,"minecraft:raw_gold_block":1,"minecraft:iron_ore":76,"minecraft:polished_tuff":2,"minecraft:deepslate_lapis_ore":3,"minecraft:pointed_dripstone":3,"minecraft:deepslate_iron_ore":9,"minecraft:stone":60,"minecraft:crafting_table":10,"minecraft:torch":1,"minecraft:short_grass":9,"minecraft:melon":11,"minecraft:dead_bush":23,"minecraft:lapis_ore":3,"minecraft:deepslate_gold_ore":1,"minecraft:oak_planks":12,"minecraft:wall_torch":1,"minecraft:waxed_copper_block":3,"minecraft:oak_log":18,"minecraft:coal_ore":84,"minecraft:dripstone_block":2,"minecraft:dirt":2,"minecraft:cobweb":34,"minecraft:dispenser":1,"minecraft:oak_leaves":2,"minecraft:deepslate":14},"minecraft:dropped":{"minecraft:water_bucket":1,"minecraft:iron_ingot":9,"minecraft:bread":64,"minecraft:wheat_seeds":1,"minecraft:dripstone_block":2,"minecraft:plenty_pottery_sherd":1,"minecraft:iron_helmet":1,"minecraft:leather":8,"minecraft:granite":1,"travelersbackpack:standard":1,"minecraft:gray_wool":1,"minecraft:torch":22,"minecraft:wooden_axe":2,"minecraft:melon_slice":144,"minecraft:iron_leggings":1,"minecraft:iron_axe":1,"minecraft:sand":9,"minecraft:string":1,"minecraft:white_wool":2,"minecraft:gold_ingot":10,"minecraft:iron_nugget":1,"minecraft:cooked_chicken":4,"minecraft:cobbled_deepslate":2,"minecraft:pointed_dripstone":5,"minecraft:rotten_flesh":3,"minecraft:iron_boots":1,"minecraft:flint_and_steel":1,"minecraft:shield":1,"minecraft:iron_chestplate":1,"minecraft:blade_pottery_sherd":1,"minecraft:miner_pottery_sherd":1,"minecraft:wooden_pickaxe":2,"minecraft:glass":10,"minecraft:heartbreak_pottery_sherd":1},"minecraft:picked_up":{"minecraft:wooden_axe":2,"minecraft:crafting_table":10,"minecraft:wheat":16,"minecraft:flower_pot":1,"minecraft:wooden_pickaxe":1,"minecraft:brick":28,"minecraft:string":38,"minecraft:wayfinder_armor_trim_smithing_template":1,"minecraft:cobbled_deepslate":18,"minecraft:beef":18,"minecraft:poppy":1,"minecraft:melon_slice":171,"minecraft:furnace":11,"minecraft:tipped_arrow":4,"minecraft:raw_iron":84,"minecraft:stick":24,"minecraft:raw_gold_block":1,"minecraft:torch":26,"minecraft:porkchop":2,"minecraft:pointed_dripstone":5,"minecraft:arrow":27,"minecraft:rotten_flesh":8,"minecraft:decorated_pot":1,"minecraft:hay_block":52,"minecraft:tuff_bricks":11,"minecraft:mutton":7,"minecraft:cobblestone":74,"minecraft:white_wool":5,"minecraft:heartbreak_pottery_sherd":1,"minecraft:glow_ink_sac":5,"minecraft:leather":8,"minecraft:packed_mud":1,"minecraft:oak_log":18,"minecraft:waxed_copper_block":3,"minecraft:lapis_lazuli":40,"minecraft:dirt":2,"minecraft:cooked_mutton":4,"minecraft:bone":15,"minecraft:glass":6,"minecraft:bow":2,"minecraft:wheat_seeds":1,"minecraft:raw_gold":1,"minecraft:iron_ingot":4,"minecraft:cooked_chicken":4,"minecraft:blade_pottery_sherd":1,"minecraft:moss_block":34,"minecraft:oak_planks":3,"minecraft:emerald_block":1,"minecraft:dandelion":1,"minecraft:dripstone_block":2,"minecraft:sand":9,"minecraft:polished_tuff":2,"travelersbackpack:white_sleeping_bag":2,"travelersbackpack:standard":2,"minecraft:slime_ball":28,"minecraft:diamond":1,"minecraft:miner_pottery_sherd":1,"minecraft:granite":5,"minecraft:gray_wool":1,"minecraft:emerald":5,"minecraft:bread":3,"minecraft:baked_potato":2,"minecraft:plenty_pottery_sherd":1,"minecraft:coal":123}},"DataVersion":3953}