{"stats":{"minecraft:broken":{"minecraft:stone_pickaxe":1,"minecraft:wooden_sword":1},"minecraft:killed_by":{"minecraft:creeper":1,"minecraft:zombie":1},"minecraft:dropped":{"minecraft:water_bucket":1,"minecraft:bread":35,"minecraft:wheat_seeds":3,"croptopia:rutabaga":1,"minecraft:cobblestone":2,"minecraft:flint":1,"mca:book_romance":1,"minecraft:wooden_axe":1,"blockus:marble":1,"minecraft:dead_bush":2,"minecraft:sand":1,"minecraft:iron_pickaxe":1,"croptopia:kiwi":1,"minecraft:stone_axe":1,"minecraft:mangrove_roots":3,"minecraft:cobbled_deepslate":7,"minecraft:wheat":1,"minecraft:rotten_flesh":6,"universal_graves:grave_compass":1,"minecraft:oak_planks":2,"minecraft:clay_ball":1,"croptopia:zucchini":1,"minecraft:gunpowder":1,"croptopia:saguaro":6,"minecraft:arrow":3,"minecraft:wooden_pickaxe":1,"croptopia:squash":4},"minecraft:mined":{"geodes:medium_lapis_bud":1,"minecraft:mangrove_roots":1,"terrestria:small_oak_log":3,"minecraft:jungle_planks":1,"geodes:large_lapis_bud":1,"minecraft:large_fern":2,"minecraft:hay_block":45,"croptopia:ginger_crop":3,"minecraft:furnace":1,"geodes:small_lapis_bud":1,"minecraft:iron_ore":130,"croptopia:squash_crop":7,"minecraft:deepslate_iron_ore":3,"minecraft:bamboo_sapling":2,"minecraft:bamboo":3,"minecraft:stone":35,"minecraft:blue_orchid":11,"minecraft:orange_bed":1,"geodes:lapis_crystal_block":1,"minecraft:crafting_table":4,"minecraft:honey_block":2,"minecraft:emerald_ore":2,"minecraft:structure_void":1,"minecraft:rose_bush":1,"minecraft:dead_bush":1,"supplementaries:wild_flax":4,"minecraft:honeycomb_block":1,"minecraft:tall_grass":5,"blockus:marble":1,"minecraft:cyan_bed":4,"minecraft:sugar_cane":3,"croptopia:olive_crop":6,"supplementaries:urn":18,"geodes:lapis_cluster":1,"croptopia:leek_crop":1,"croptopia:zucchini_crop":2,"minecraft:sweet_berry_bush":8,"croptopia:yam_crop":6,"minecraft:grass":19,"croptopia:turmeric_crop":6,"minecraft:coal_ore":48,"minecraft:cocoa":3,"croptopia:saguaro_crop":6,"croptopia:kiwi_crop":4,"minecraft:sand":3,"croptopia:rutabaga_crop":3,"minecraft:small_dripleaf":2,"minecraft:fern":1},"minecraft:killed":{"minecraft:spider":1,"naturalist:duck":1,"naturalist:boar":3,"naturalist:coral_snake":1,"minecraft:skeleton":4,"minecraft:husk":6,"minecraft:creeper":1,"tinyskeletons:baby_skeleton":1,"minecraft:zombie":11,"minecraft:stray":1},"minecraft:picked_up":{"blockus:limestone":1,"minecraft:cocoa_beans":7,"minecraft:crafting_table":4,"croptopia:zucchini":2,"minecraft:wheat":8,"minecraft:wooden_pickaxe":1,"croptopia:saguaro_seed":11,"minecraft:string":1,"blockus:marble":1,"minecraft:blue_orchid":10,"minecraft:gold_nugget":14,"minecraft:cobbled_deepslate":7,"minecraft:iron_nugget":43,"minecraft:sugar_cane":7,"minecraft:furnace":1,"adorn:guide_book":1,"minecraft:raw_iron":157,"minecraft:torch":12,"croptopia:rutabaga":3,"minecraft:porkchop":5,"croptopia:olive_seed":9,"minecraft:honeycomb_block":1,"croptopia:ginger_seed":2,"croptopia:yam_seed":9,"minecraft:arrow":14,"minecraft:rotten_flesh":8,"croptopia:squash_seed":10,"supplementaries:antique_ink":2,"minecraft:hay_block":45,"minecraft:mangrove_roots":3,"supplementaries:ash":19,"minecraft:skeleton_skull":1,"minecraft:cobblestone":36,"minecraft:feather":2,"geodes:pyrite_chunk":1,"minecraft:jungle_log":13,"minecraft:leather":2,"fishofthieves:grubs":2,"supplementaries:flax_seeds":7,"croptopia:leek":1,"minecraft:gunpowder":1,"minecraft:lapis_lazuli":11,"minecraft:lantern":1,"croptopia:kiwi_seed":6,"croptopia:olive":6,"minecraft:bone":22,"terrestria:small_oak_log":2,"minecraft:bow":1,"minecraft:wheat_seeds":4,"croptopia:squash":7,"minecraft:stone_pickaxe":1,"minecraft:bamboo":17,"croptopia:kiwi":4,"croptopia:yam":6,"minecraft:sweet_berries":26,"croptopia:turmeric":6,"croptopia:ginger":2,"geodes:lapis_crystal_block":1,"minecraft:sand":3,"minecraft:jungle_planks":1,"croptopia:rutabaga_seed":4,"croptopia:turmeric_seed":10,"minecraft:cyan_bed":4,"minecraft:acacia_stairs":1,"croptopia:saguaro":6,"minecraft:stone_axe":1,"waystones:waystone":1,"minecraft:honey_block":2,"croptopia:leek_seed":2,"minecraft:emerald":11,"minecraft:coal":58,"croptopia:zucchini_seed":3},"minecraft:crafted":{"minecraft:oak_planks":8,"minecraft:furnace":1,"minecraft:iron_axe":1,"minecraft:chest":2,"minecraft:wheat":226,"minecraft:crafting_table":2,"minecraft:jungle_boat":1,"minecraft:hay_block":9,"minecraft:stone_axe":1,"minecraft:bread":58,"minecraft:air":0,"minecraft:jungle_planks":52,"minecraft:stick":40,"minecraft:iron_ingot":9,"minecraft:iron_pickaxe":2,"minecraft:wooden_axe":1,"minecraft:torch":88},"minecraft:used":{"minecraft:chest":2,"minecraft:shield":15,"minecraft:torch":93,"minecraft:wooden_axe":8,"minecraft:lantern":1,"minecraft:bow":2,"minecraft:furnace":1,"minecraft:water_bucket":10,"minecraft:stone_pickaxe":130,"minecraft:wooden_pickaxe":13,"minecraft:jungle_boat":1,"minecraft:golden_hoe":12,"minecraft:sand":2,"minecraft:crafting_table":5,"minecraft:acacia_stairs":1,"geodes:lapis_crystal_block":1,"minecraft:cyan_bed":3,"minecraft:bread":58,"minecraft:iron_pickaxe":90,"adorn:guide_book":1,"minecraft:stone_axe":66,"minecraft:wooden_sword":50,"minecraft:bucket":12},"minecraft:custom":{"minecraft:mob_kills":30,"minecraft:interact_with_crafting_table":26,"minecraft:open_barrel":3,"minecraft:leave_game":3,"minecraft:time_since_death":38486,"minecraft:climb_one_cm":490,"minecraft:sprint_one_cm":312727,"minecraft:walk_one_cm":182165,"minecraft:damage_blocked_by_shield":640,"minecraft:drop":62,"minecraft:play_time":134127,"minecraft:deaths":2,"minecraft:sneak_time":2478,"minecraft:walk_under_water_one_cm":2870,"minecraft:boat_one_cm":33732,"minecraft:jump":3319,"minecraft:walk_on_water_one_cm":21034,"minecraft:total_world_time":134127,"minecraft:interact_with_furnace":8,"minecraft:sleep_in_bed":5,"minecraft:time_since_rest":38529,"minecraft:waystone_activated":1,"minecraft:damage_taken":2995,"minecraft:damage_dealt":5917,"minecraft:swim_one_cm":22766,"minecraft:fly_one_cm":506821,"minecraft:open_chest":54,"minecraft:crouch_one_cm":6950,"minecraft:fall_one_cm":58043}},"DataVersion":3465}