{"stats":{"minecraft:broken":{"minecraft:diamond_helmet":1,"minecraft:iron_boots":2,"minecraft:iron_chestplate":1,"minecraft:iron_leggings":1,"minecraft:stone_pickaxe":2,"minecraft:diamond_pickaxe":1,"minecraft:stone_axe":1,"minecraft:shield":2,"minecraft:iron_axe":1,"minecraft:iron_pickaxe":1,"minecraft:iron_helmet":2},"minecraft:custom":{"minecraft:interact_with_crafting_table":92,"minecraft:open_barrel":31,"minecraft:eat_cake_slice":2,"minecraft:leave_game":8,"minecraft:time_since_death":159588,"minecraft:sprint_one_cm":1722983,"minecraft:damage_blocked_by_shield":8260,"minecraft:drop":469,"minecraft:talked_to_villager":72,"minecraft:play_time":765695,"minecraft:deaths":4,"minecraft:jump":10282,"minecraft:walk_on_water_one_cm":75583,"minecraft:interact_with_furnace":179,"minecraft:traded_with_villager":13,"minecraft:sleep_in_bed":22,"minecraft:damage_dealt":86711,"minecraft:player_kills":3,"minecraft:crouch_one_cm":58889,"minecraft:interact_with_smithing_table":11,"minecraft:inspect_dispenser":53,"minecraft:interact_with_anvil":7,"minecraft:mob_kills":698,"minecraft:climb_one_cm":37797,"minecraft:walk_one_cm":1499808,"minecraft:sneak_time":20783,"minecraft:walk_under_water_one_cm":63950,"minecraft:boat_one_cm":124322,"minecraft:total_world_time":765695,"minecraft:pot_flower":2,"minecraft:time_since_rest":26463,"minecraft:damage_taken":16321,"minecraft:swim_one_cm":182246,"minecraft:fly_one_cm":1644817,"minecraft:open_chest":622,"minecraft:fish_caught":15,"minecraft:fall_one_cm":279498},"minecraft:mined":{"minecraft:spruce_planks":1,"minecraft:white_bed":3,"minecraft:obsidian":11,"minecraft:granite":5,"minecraft:acacia_log":126,"minecraft:stone_brick_wall":2,"minecraft:cracked_polished_blackstone_bricks":5,"minecraft:soul_soil":6,"minecraft:chiseled_tuff_bricks":7,"minecraft:oak_wall_sign":1,"minecraft:spawner":3,"minecraft:tuff_bricks":49,"minecraft:polished_blackstone_bricks":49,"minecraft:barrel":1,"minecraft:iron_ore":178,"minecraft:fire":40,"minecraft:cobbled_deepslate":2,"minecraft:polished_tuff":14,"minecraft:fletching_table":1,"minecraft:deepslate_lapis_ore":6,"minecraft:dark_oak_stairs":4,"minecraft:pointed_dripstone":3,"minecraft:cave_vines":3,"minecraft:oak_stairs":5,"minecraft:polished_tuff_slab":1,"minecraft:black_candle":2,"minecraft:green_bed":2,"minecraft:orange_bed":7,"minecraft:blackstone":69,"minecraft:smoker":2,"minecraft:amethyst_cluster":1,"minecraft:powder_snow":4,"minecraft:torch":12,"minecraft:melon":11,"minecraft:chest":6,"minecraft:dead_bush":23,"minecraft:spruce_wall_sign":2,"minecraft:mushroom_stem":1,"minecraft:nether_quartz_ore":20,"minecraft:cobblestone":14,"minecraft:grindstone":2,"minecraft:oak_planks":14,"minecraft:damaged_anvil":1,"minecraft:wall_torch":17,"minecraft:waxed_copper_bulb":3,"minecraft:red_candle":2,"minecraft:dark_oak_slab":11,"minecraft:wheat":6,"minecraft:waxed_oxidized_cut_copper_stairs":1,"minecraft:waxed_copper_block":17,"minecraft:stone_brick_stairs":3,"minecraft:oak_log":40,"minecraft:waxed_oxidized_copper":1,"minecraft:loom":3,"minecraft:sand":2,"minecraft:dirt":13,"minecraft:smooth_basalt":3,"minecraft:dispenser":1,"minecraft:ancient_debris":2,"minecraft:netherrack":1305,"minecraft:oak_leaves":6,"minecraft:deepslate":81,"minecraft:nether_gold_ore":58,"minecraft:red_carpet":2,"minecraft:tuff":2,"minecraft:deepslate_diamond_ore":63,"minecraft:candle":2,"minecraft:oak_door":1,"minecraft:potted_flowering_azalea_bush":2,"minecraft:decorated_pot":73,"travelersbackpack:white_sleeping_bag":2,"minecraft:spruce_leaves":27,"minecraft:acacia_slab":4,"minecraft:cartography_table":3,"minecraft:moss_block":39,"minecraft:large_fern":1,"minecraft:hay_block":142,"minecraft:packed_mud":1,"minecraft:furnace":22,"minecraft:raw_gold_block":1,"minecraft:waxed_copper_grate":11,"minecraft:acacia_wood":8,"minecraft:andesite":25,"minecraft:acacia_stairs":1,"minecraft:stripped_spruce_log":10,"minecraft:gold_block":4,"minecraft:chiseled_tuff":1,"minecraft:mossy_stone_brick_stairs":4,"minecraft:bookshelf":8,"minecraft:deepslate_iron_ore":21,"minecraft:lantern":7,"minecraft:stone":133,"minecraft:bone_block":28,"minecraft:smithing_table":1,"minecraft:waxed_exposed_copper_bulb":1,"minecraft:acacia_leaves":11,"minecraft:glass_pane":2,"minecraft:hanging_roots":1,"minecraft:soul_sand":1,"minecraft:basalt":16,"travelersbackpack:standard":2,"minecraft:crafting_table":14,"minecraft:short_grass":18,"minecraft:lectern":1,"minecraft:stone_slab":1,"minecraft:tall_grass":1,"minecraft:red_glazed_terracotta":1,"minecraft:deepslate_gold_ore":14,"minecraft:lapis_ore":23,"minecraft:polished_blackstone_brick_stairs":1,"minecraft:spruce_stairs":33,"minecraft:cobblestone_wall":1,"minecraft:waxed_oxidized_copper_grate":12,"minecraft:spruce_log":5,"minecraft:yellow_bed":1,"minecraft:coal_ore":135,"minecraft:flower_pot":4,"minecraft:gravel":4,"minecraft:dripstone_block":2,"minecraft:cracked_stone_bricks":1,"minecraft:cobweb":72,"minecraft:acacia_planks":16,"minecraft:stone_bricks":3},"minecraft:crafted":{"minecraft:oak_planks":148,"minecraft:cooked_chicken":4,"minecraft:cooked_mutton":4,"minecraft:glass":4,"minecraft:bow":5,"minecraft:diamond_helmet":2,"minecraft:diamond_leggings":2,"minecraft:iron_boots":3,"minecraft:chest":9,"minecraft:flow_armor_trim_smithing_template":2,"minecraft:stone_hoe":2,"minecraft:arrow":208,"minecraft:emerald":27,"minecraft:cooked_porkchop":24,"minecraft:crafting_table":5,"minecraft:spruce_planks":32,"minecraft:acacia_slab":36,"minecraft:wooden_pickaxe":1,"minecraft:iron_helmet":4,"minecraft:spruce_trapdoor":4,"minecraft:iron_chestplate":4,"minecraft:diamond_pickaxe":4,"minecraft:shield":3,"minecraft:stick":72,"minecraft:iron_ingot":233,"minecraft:iron_pickaxe":1,"minecraft:iron_block":3,"minecraft:stone_sword":2,"minecraft:gold_ingot":67,"minecraft:furnace":2,"minecraft:bone_meal":420,"minecraft:glass_pane":16,"minecraft:diamond":9,"travelersbackpack:white_sleeping_bag":1,"travelersbackpack:bee":1,"minecraft:iron_axe":2,"minecraft:ladder":3,"minecraft:stone_pickaxe":2,"minecraft:diamond_boots":2,"minecraft:netherite_scrap":1,"minecraft:wheat":778,"minecraft:cooked_beef":37,"minecraft:bone_block":46,"minecraft:spruce_sign":6,"minecraft:enchanting_table":1,"minecraft:bucket":2,"minecraft:stone_axe":1,"minecraft:air":0,"minecraft:bread":280,"minecraft:blue_dye":1,"minecraft:oak_boat":1,"minecraft:raw_gold":9,"minecraft:wooden_axe":1,"minecraft:iron_leggings":5,"minecraft:anvil":1,"minecraft:acacia_planks":40,"minecraft:torch":344,"minecraft:diamond_chestplate":1},"minecraft:used":{"minecraft:moss_block":48,"minecraft:tuff_bricks":7,"minecraft:ladder":3,"minecraft:poppy":1,"minecraft:oak_sign":3,"minecraft:decorated_pot":22,"minecraft:chest":14,"minecraft:shield":370,"minecraft:acacia_sapling":1,"minecraft:obsidian":10,"minecraft:honey_bottle":2,"minecraft:waxed_oxidized_copper_grate":2,"minecraft:lava_bucket":1,"minecraft:lantern":9,"minecraft:packed_mud":1,"minecraft:stone_brick_stairs":2,"minecraft:stone_bricks":1,"minecraft:item_frame":4,"minecraft:red_carpet":2,"minecraft:bow":2,"minecraft:hay_block":37,"minecraft:ominous_bottle":1,"minecraft:furnace":22,"minecraft:damaged_anvil":1,"minecraft:diamond_boots":1,"minecraft:stone_pickaxe":263,"minecraft:oak_planks":12,"minecraft:wooden_pickaxe":3,"minecraft:mossy_stone_brick_stairs":1,"minecraft:diamond_axe":1373,"minecraft:glow_berries":24,"travelersbackpack:bee":1,"minecraft:crossbow":17,"minecraft:lingering_potion":2,"minecraft:polished_tuff":6,"minecraft:melon_slice":27,"minecraft:bread":194,"minecraft:chain":1,"minecraft:bone_meal":36,"minecraft:oak_boat":1,"minecraft:trident":1,"minecraft:enchanting_table":1,"minecraft:stone_sword":78,"minecraft:acacia_log":78,"minecraft:flint_and_steel":15,"minecraft:spruce_planks":4,"minecraft:cooked_salmon":3,"minecraft:trial_key":13,"minecraft:cooked_chicken":4,"minecraft:stone_hoe":53,"minecraft:netherrack":126,"minecraft:orange_bed":6,"minecraft:torch":396,"minecraft:dirt":38,"minecraft:spyglass":1,"minecraft:anvil":2,"minecraft:cobblestone_wall":1,"minecraft:spruce_stairs":11,"minecraft:granite":4,"minecraft:wooden_axe":47,"minecraft:iron_axe":186,"minecraft:acacia_slab":41,"minecraft:bamboo_hanging_sign":1,"minecraft:golden_carrot":11,"minecraft:acacia_wood":7,"minecraft:cooked_beef":56,"minecraft:cobbled_deepslate":18,"minecraft:acacia_planks":57,"minecraft:wheat_seeds":6,"minecraft:cooked_mutton":3,"minecraft:water_bucket":96,"minecraft:baked_potato":12,"minecraft:spruce_sign":8,"minecraft:green_bed":2,"minecraft:crafting_table":16,"minecraft:white_bed":1,"minecraft:painting":35,"minecraft:spruce_log":1,"minecraft:cake":1,"minecraft:flower_pot":4,"minecraft:diamond_pickaxe":1959,"minecraft:acacia_stairs":1,"minecraft:ominous_trial_key":8,"minecraft:wind_charge":57,"travelersbackpack:bookshelf":26,"minecraft:iron_pickaxe":245,"travelersbackpack:white_sleeping_bag":2,"minecraft:stone_slab":1,"minecraft:spruce_trapdoor":3,"minecraft:stone_axe":109,"minecraft:fishing_rod":27,"minecraft:cobblestone":75,"minecraft:potion":3,"travelersbackpack:standard":11,"minecraft:black_candle":4,"minecraft:bucket":106,"minecraft:glass_pane":6,"minecraft:dandelion":1,"minecraft:candle":2},"minecraft:killed_by":{"minecraft:creeper":1,"minecraft:stray":1},"minecraft:killed":{"minecraft:cave_spider":3,"minecraft:spider":113,"minecraft:skeleton":25,"minecraft:chicken":1,"minecraft:silverfish":4,"minecraft:piglin_brute":3,"minecraft:piglin":12,"minecraft:pig":3,"minecraft:creeper":7,"minecraft:sheep":6,"minecraft:pillager":2,"minecraft:zombie":31,"minecraft:stray":142,"minecraft:cow":17,"minecraft:slime":264,"minecraft:phantom":3,"minecraft:drowned":4,"minecraft:hoglin":4,"minecraft:breeze":40,"minecraft:player":2},"minecraft:dropped":{"minecraft:iron_sword":1,"minecraft:ominous_bottle":2,"minecraft:diamond_axe":2,"minecraft:cooked_beef":13,"minecraft:baked_potato":23,"minecraft:glow_ink_sac":15,"minecraft:loom":3,"minecraft:glass_bottle":5,"minecraft:cooked_porkchop":24,"minecraft:decorated_pot":24,"minecraft:crossbow":3,"minecraft:glow_berries":1,"minecraft:rooted_dirt":3,"minecraft:leather":8,"minecraft:fletching_table":1,"travelersbackpack:iron_tier_upgrade":2,"travelersbackpack:standard":8,"minecraft:red_mushroom":1,"minecraft:flint":1,"minecraft:emerald":59,"minecraft:cracked_polished_blackstone_bricks":5,"minecraft:netherite_scrap":4,"minecraft:polished_blackstone_brick_stairs":1,"minecraft:writable_book":1,"minecraft:polished_blackstone_bricks":62,"minecraft:sand":9,"minecraft:iron_pickaxe":1,"minecraft:fishing_rod":2,"minecraft:white_wool":3,"minecraft:gold_ingot":14,"minecraft:bone":7,"minecraft:gravel":2,"minecraft:red_glazed_terracotta":1,"minecraft:blackstone":24,"minecraft:spyglass":1,"minecraft:cooked_chicken":8,"minecraft:iron_nugget":1,"minecraft:chiseled_tuff_bricks":6,"minecraft:cobbled_deepslate":36,"minecraft:pointed_dripstone":6,"minecraft:grindstone":2,"minecraft:rotten_flesh":29,"minecraft:oak_planks":2,"minecraft:cooked_mutton":13,"minecraft:white_bed":3,"minecraft:waxed_copper_block":7,"minecraft:wind_charge":55,"minecraft:music_disc_creator":1,"minecraft:tipped_arrow":52,"minecraft:red_candle":8,"minecraft:trident":1,"minecraft:blade_pottery_sherd":1,"minecraft:lingering_potion":1,"minecraft:basalt":18,"minecraft:glass":10,"minecraft:enchanting_table":1,"minecraft:quartz":1,"minecraft:cartography_table":4,"minecraft:netherrack":338,"minecraft:lectern":1,"minecraft:egg":16,"minecraft:water_bucket":1,"minecraft:enchanted_book":2,"minecraft:iron_ingot":84,"minecraft:bread":82,"minecraft:shelter_pottery_sherd":1,"minecraft:wheat_seeds":10,"travelersbackpack:bookshelf":1,"minecraft:smithing_table":1,"minecraft:dripstone_block":2,"minecraft:diamond_leggings":1,"minecraft:plenty_pottery_sherd":1,"minecraft:cobblestone":3,"minecraft:iron_helmet":2,"minecraft:waxed_copper_grate":2,"minecraft:polished_tuff":7,"minecraft:granite":1,"minecraft:ominous_trial_key":9,"minecraft:golden_apple":4,"minecraft:gray_wool":1,"minecraft:golden_carrot":2,"minecraft:torch":22,"minecraft:wooden_axe":2,"minecraft:melon_slice":144,"minecraft:cooked_salmon":4,"minecraft:waxed_oxidized_copper":1,"minecraft:diamond_helmet":2,"minecraft:fire_charge":2,"minecraft:potion":1,"minecraft:iron_leggings":2,"minecraft:iron_axe":1,"minecraft:orange_bed":1,"minecraft:string":38,"minecraft:bucket":1,"minecraft:smooth_basalt":1,"minecraft:furnace":2,"minecraft:tuff_bricks":20,"minecraft:soul_soil":3,"minecraft:stone_sword":1,"minecraft:iron_boots":2,"minecraft:smoker":2,"minecraft:flint_and_steel":1,"minecraft:filled_map":1,"minecraft:hay_block":1,"minecraft:shield":5,"minecraft:flower_pot":1,"minecraft:trial_key":11,"minecraft:diamond_chestplate":2,"minecraft:spruce_planks":2,"minecraft:iron_chestplate":3,"minecraft:diamond_pickaxe":12,"minecraft:oak_boat":1,"minecraft:barrel":1,"minecraft:miner_pottery_sherd":1,"minecraft:spider_eye":1,"minecraft:diamond_boots":8,"minecraft:slime_ball":130,"minecraft:bow":5,"minecraft:wooden_pickaxe":2,"minecraft:waxed_exposed_copper_bulb":1,"minecraft:heartbreak_pottery_sherd":1,"minecraft:waxed_oxidized_copper_grate":8,"minecraft:brick":4},"minecraft:picked_up":{"minecraft:wooden_axe":2,"minecraft:iron_chestplate":6,"minecraft:wheat":30,"minecraft:anvil":1,"minecraft:flower_pot":7,"minecraft:stone_slab":1,"minecraft:smithing_table":1,"minecraft:oak_stairs":5,"minecraft:potion":17,"minecraft:enchanted_book":5,"minecraft:stone_brick_stairs":3,"minecraft:polished_blackstone_brick_stairs":1,"minecraft:string":233,"minecraft:soul_soil":3,"minecraft:wayfinder_armor_trim_smithing_template":1,"minecraft:iron_leggings":2,"minecraft:red_candle":12,"minecraft:pufferfish":1,"minecraft:oak_sign":3,"minecraft:diamond_leggings":2,"minecraft:gold_nugget":200,"minecraft:cobbled_deepslate":99,"minecraft:bucket":3,"minecraft:spruce_planks":2,"minecraft:trial_key":27,"minecraft:wooden_shovel":1,"minecraft:iron_pickaxe":3,"minecraft:enchanted_golden_apple":4,"minecraft:melon_slice":181,"minecraft:iron_boots":2,"minecraft:furnace":26,"minecraft:tipped_arrow":286,"minecraft:stick":80,"minecraft:green_bed":2,"minecraft:spruce_stairs":33,"minecraft:torch":128,"minecraft:acacia_log":142,"travelersbackpack:iron_tier_upgrade":1,"minecraft:porkchop":26,"minecraft:golden_axe":1,"minecraft:waxed_copper_grate":3,"minecraft:pointed_dripstone":7,"minecraft:orange_bed":7,"minecraft:stone_sword":1,"minecraft:honey_bottle":12,"minecraft:rotten_flesh":60,"minecraft:iron_block":3,"minecraft:obsidian":15,"minecraft:cod":12,"minecraft:cobblestone":180,"minecraft:enchanting_table":1,"minecraft:feather":1,"minecraft:cooked_beef":60,"minecraft:water_bucket":4,"minecraft:andesite":24,"minecraft:smoker":2,"minecraft:lapis_lazuli":218,"minecraft:dirt":38,"minecraft:lantern":12,"minecraft:name_tag":1,"travelersbackpack:bookshelf":5,"minecraft:glass":32,"minecraft:bone":354,"minecraft:acacia_planks":169,"minecraft:bow":20,"minecraft:wheat_seeds":28,"minecraft:raw_gold":23,"minecraft:grindstone":2,"minecraft:bolt_armor_trim_smithing_template":2,"minecraft:fletching_table":1,"minecraft:guster_banner_pattern":3,"minecraft:diamond_helmet":1,"minecraft:moss_block":84,"minecraft:mossy_stone_brick_stairs":4,"minecraft:oak_planks":5,"minecraft:cooked_porkchop":3,"minecraft:sand":10,"minecraft:stripped_spruce_log":11,"minecraft:loom":3,"minecraft:diamond_block":1,"minecraft:acacia_stairs":2,"minecraft:barrel":1,"travelersbackpack:white_sleeping_bag":2,"minecraft:diamond":69,"minecraft:writable_book":1,"minecraft:miner_pottery_sherd":1,"minecraft:waxed_oxidized_copper_grate":10,"minecraft:spruce_sign":2,"minecraft:cracked_polished_blackstone_bricks":5,"minecraft:granite":5,"minecraft:crossbow":6,"minecraft:breeze_rod":81,"minecraft:golden_apple":8,"minecraft:emerald":102,"minecraft:bread":64,"minecraft:rooted_dirt":3,"minecraft:plenty_pottery_sherd":1,"minecraft:netherrack":775,"minecraft:ominous_trial_key":59,"minecraft:diamond_pickaxe":10,"minecraft:shelter_pottery_sherd":1,"minecraft:fishing_rod":1,"minecraft:crafting_table":15,"minecraft:ominous_bottle":7,"minecraft:wooden_pickaxe":1,"minecraft:stone_brick_wall":2,"minecraft:gold_block":4,"minecraft:music_disc_creator":2,"minecraft:brick":69,"minecraft:shield":10,"minecraft:wind_charge":193,"minecraft:flow_banner_pattern":1,"minecraft:iron_axe":11,"minecraft:acacia_door":1,"minecraft:flint_and_steel":2,"minecraft:netherite_scrap":1,"minecraft:item_frame":4,"minecraft:blackstone":75,"minecraft:cracked_stone_bricks":1,"minecraft:cartography_table":4,"minecraft:candle":8,"minecraft:beef":56,"minecraft:oak_boat":1,"minecraft:poppy":1,"minecraft:lectern":1,"minecraft:guster_pottery_sherd":1,"minecraft:chest":6,"minecraft:phantom_membrane":6,"minecraft:waxed_oxidized_copper":2,"minecraft:raw_iron":197,"minecraft:oak_door":1,"minecraft:raw_gold_block":1,"minecraft:bamboo_hanging_sign":1,"minecraft:bowl":6,"minecraft:fire_charge":7,"minecraft:polished_blackstone_bricks":62,"minecraft:trident":1,"minecraft:carrot":1,"minecraft:arrow":514,"minecraft:diamond_chestplate":4,"minecraft:decorated_pot":55,"minecraft:diamond_boots":10,"minecraft:hay_block":142,"minecraft:waxed_oxidized_cut_copper_stairs":2,"minecraft:flow_armor_trim_smithing_template":4,"minecraft:tuff_bricks":48,"minecraft:glow_berries":33,"minecraft:mutton":7,"minecraft:bone_block":28,"minecraft:rail":2,"minecraft:white_wool":6,"minecraft:heartbreak_pottery_sherd":1,"minecraft:basalt":18,"minecraft:golden_carrot":11,"minecraft:glow_ink_sac":15,"minecraft:salmon":2,"minecraft:leather":26,"minecraft:red_glazed_terracotta":1,"minecraft:red_mushroom":1,"minecraft:acacia_wood":7,"minecraft:packed_mud":1,"minecraft:oak_log":37,"minecraft:waxed_copper_block":16,"minecraft:ancient_debris":2,"minecraft:cobblestone_wall":1,"minecraft:golden_boots":1,"minecraft:yellow_bed":1,"minecraft:gunpowder":8,"minecraft:paper":1,"minecraft:cooked_mutton":34,"minecraft:red_carpet":2,"minecraft:apple":6,"minecraft:stone_bricks":2,"minecraft:iron_ingot":92,"minecraft:polished_tuff_slab":1,"minecraft:cooked_chicken":8,"minecraft:cobweb":5,"minecraft:blade_pottery_sherd":1,"minecraft:glass_bottle":5,"minecraft:flowering_azalea":2,"minecraft:iron_sword":3,"minecraft:acacia_sapling":2,"minecraft:soul_sand":1,"minecraft:dark_oak_stairs":4,"minecraft:book":27,"minecraft:black_candle":10,"minecraft:smooth_basalt":4,"minecraft:dark_oak_slab":11,"minecraft:emerald_block":3,"minecraft:waxed_exposed_copper_bulb":1,"minecraft:quartz":16,"minecraft:dandelion":1,"minecraft:dripstone_block":2,"minecraft:gravel":2,"minecraft:amethyst_shard":4,"minecraft:spruce_sapling":3,"minecraft:white_bed":4,"minecraft:spruce_log":5,"minecraft:spider_eye":87,"minecraft:polished_tuff":13,"travelersbackpack:standard":13,"minecraft:slime_ball":234,"minecraft:iron_helmet":1,"minecraft:diamond_axe":8,"minecraft:painting":35,"minecraft:gray_wool":1,"minecraft:damaged_anvil":2,"minecraft:baked_potato":42,"minecraft:acacia_slab":5,"minecraft:coal":314,"minecraft:chiseled_tuff_bricks":12}},"DataVersion":3953}