{"stats":{"minecraft:dropped":{"minecraft:bread":5,"minecraft:mangrove_roots":1},"minecraft:mined":{"minecraft:hay_block":26,"minecraft:mangrove_roots":1,"minecraft:grass":3,"terrestria:small_oak_log":3,"croptopia:saguaro_crop":6,"minecraft:sand":2,"minecraft:honeycomb_block":1,"minecraft:cyan_bed":3,"minecraft:sugar_cane":2},"minecraft:killed":{"minecraft:husk":4},"minecraft:picked_up":{"minecraft:wooden_pickaxe":1,"minecraft:sand":2,"fishofthieves:grubs":1,"minecraft:honeycomb_block":1,"minecraft:cyan_bed":3,"croptopia:saguaro_seed":11,"minecraft:arrow":2,"croptopia:saguaro":6,"minecraft:rotten_flesh":3,"terrestria:small_oak_log":2,"waystones:waystone":1,"minecraft:hay_block":26,"minecraft:mangrove_roots":1,"minecraft:sugar_cane":5},"minecraft:crafted":{"minecraft:oak_planks":8,"minecraft:crafting_table":1},"minecraft:used":{"minecraft:cyan_bed":2,"minecraft:bread":11,"minecraft:wooden_pickaxe":3,"minecraft:sand":2,"minecraft:wooden_sword":25,"minecraft:crafting_table":1},"minecraft:custom":{"minecraft:time_since_rest":9701,"minecraft:waystone_activated":1,"minecraft:sprint_one_cm":61290,"minecraft:damage_taken":460,"minecraft:walk_one_cm":29022,"minecraft:mob_kills":4,"minecraft:drop":2,"minecraft:damage_dealt":915,"minecraft:swim_one_cm":2119,"minecraft:interact_with_crafting_table":1,"minecraft:fly_one_cm":104918,"minecraft:open_chest":8,"minecraft:crouch_one_cm":461,"minecraft:play_time":33490,"minecraft:sneak_time":228,"minecraft:walk_under_water_one_cm":129,"minecraft:jump":1383,"minecraft:leave_game":1,"minecraft:time_since_death":33490,"minecraft:walk_on_water_one_cm":682,"minecraft:sleep_in_bed":1,"minecraft:total_world_time":33490,"minecraft:fall_one_cm":11462}},"DataVersion":3465}