{"stats":{"minecraft:killed_by":{"minecraft:creeper":1,"minecraft:stray":1},"minecraft:killed":{"minecraft:cave_spider":2,"minecraft:spider":7,"minecraft:skeleton":18,"minecraft:chicken":1,"minecraft:silverfish":1,"minecraft:pig":3,"minecraft:creeper":5,"minecraft:sheep":6,"minecraft:zombie":29,"minecraft:stray":106,"minecraft:cow":17,"minecraft:slime":157,"minecraft:phantom":3,"minecraft:drowned":4,"minecraft:breeze":26,"minecraft:player":1},"minecraft:used":{"minecraft:moss_block":34,"minecraft:tuff_bricks":1,"minecraft:ladder":3,"minecraft:poppy":1,"minecraft:decorated_pot":1,"minecraft:chest":1,"minecraft:shield":259,"minecraft:acacia_sapling":1,"minecraft:honey_bottle":2,"minecraft:waxed_oxidized_copper_grate":1,"minecraft:lava_bucket":1,"minecraft:packed_mud":1,"minecraft:stone_bricks":1,"minecraft:bow":2,"minecraft:hay_block":11,"minecraft:ominous_bottle":1,"minecraft:furnace":14,"minecraft:stone_pickaxe":263,"minecraft:oak_planks":12,"minecraft:wooden_pickaxe":3,"minecraft:diamond_axe":640,"minecraft:crossbow":11,"minecraft:lingering_potion":2,"minecraft:polished_tuff":6,"minecraft:melon_slice":27,"minecraft:bread":110,"minecraft:oak_boat":1,"minecraft:stone_sword":40,"minecraft:acacia_log":76,"minecraft:cooked_salmon":3,"minecraft:cooked_chicken":1,"minecraft:stone_hoe":53,"minecraft:trial_key":7,"minecraft:orange_bed":3,"minecraft:torch":296,"minecraft:dirt":27,"minecraft:granite":4,"minecraft:wooden_axe":47,"minecraft:iron_axe":186,"minecraft:acacia_slab":41,"minecraft:bamboo_hanging_sign":1,"minecraft:golden_carrot":1,"minecraft:acacia_wood":7,"minecraft:acacia_planks":28,"minecraft:cooked_beef":50,"minecraft:cobbled_deepslate":18,"minecraft:wheat_seeds":1,"minecraft:cooked_mutton":2,"minecraft:water_bucket":86,"minecraft:baked_potato":9,"minecraft:crafting_table":13,"minecraft:white_bed":1,"minecraft:acacia_stairs":1,"minecraft:diamond_pickaxe":113,"minecraft:ominous_trial_key":5,"minecraft:wind_charge":31,"travelersbackpack:bookshelf":16,"minecraft:iron_pickaxe":245,"travelersbackpack:white_sleeping_bag":2,"minecraft:stone_axe":109,"minecraft:fishing_rod":27,"minecraft:cobblestone":59,"minecraft:potion":3,"travelersbackpack:standard":4,"minecraft:bucket":88,"minecraft:glass_pane":6,"minecraft:dandelion":1},"minecraft:custom":{"minecraft:interact_with_crafting_table":49,"minecraft:open_barrel":26,"minecraft:leave_game":2,"minecraft:time_since_death":111419,"minecraft:sprint_one_cm":1002498,"minecraft:damage_blocked_by_shield":5927,"minecraft:drop":270,"minecraft:talked_to_villager":35,"minecraft:play_time":409137,"minecraft:deaths":2,"minecraft:jump":6486,"minecraft:walk_on_water_one_cm":61104,"minecraft:interact_with_furnace":142,"minecraft:sleep_in_bed":9,"minecraft:damage_dealt":48641,"minecraft:player_kills":1,"minecraft:crouch_one_cm":31173,"minecraft:inspect_dispenser":37,"minecraft:interact_with_smithing_table":7,"minecraft:mob_kills":390,"minecraft:climb_one_cm":19851,"minecraft:walk_one_cm":697249,"minecraft:sneak_time":11818,"minecraft:walk_under_water_one_cm":50914,"minecraft:boat_one_cm":124322,"minecraft:total_world_time":409137,"minecraft:time_since_rest":8016,"minecraft:damage_taken":10828,"minecraft:swim_one_cm":117090,"minecraft:fly_one_cm":1121175,"minecraft:open_chest":72,"minecraft:fish_caught":15,"minecraft:fall_one_cm":195259},"minecraft:crafted":{"minecraft:oak_planks":148,"minecraft:cooked_chicken":4,"minecraft:cooked_mutton":4,"minecraft:glass":4,"minecraft:diamond_helmet":2,"minecraft:diamond_leggings":2,"minecraft:bow":2,"minecraft:iron_boots":3,"minecraft:chest":1,"minecraft:stone_hoe":1,"minecraft:emerald":9,"minecraft:cooked_porkchop":7,"minecraft:crafting_table":3,"minecraft:spruce_planks":4,"minecraft:acacia_slab":36,"minecraft:wooden_pickaxe":1,"minecraft:iron_helmet":4,"minecraft:iron_chestplate":4,"minecraft:diamond_pickaxe":1,"minecraft:shield":3,"minecraft:stick":52,"minecraft:iron_ingot":105,"minecraft:iron_pickaxe":1,"minecraft:stone_sword":1,"minecraft:gold_ingot":19,"minecraft:furnace":1,"minecraft:glass_pane":16,"travelersbackpack:white_sleeping_bag":1,"minecraft:iron_axe":2,"minecraft:ladder":3,"minecraft:stone_pickaxe":2,"minecraft:diamond_boots":2,"minecraft:wheat":580,"minecraft:cooked_beef":37,"minecraft:bucket":2,"minecraft:stone_axe":1,"minecraft:bread":201,"minecraft:air":0,"minecraft:blue_dye":1,"minecraft:oak_boat":1,"minecraft:raw_gold":9,"minecraft:wooden_axe":1,"minecraft:iron_leggings":5,"minecraft:acacia_planks":16,"minecraft:torch":292},"minecraft:broken":{"minecraft:iron_boots":2,"minecraft:iron_chestplate":1,"minecraft:iron_leggings":1,"minecraft:stone_pickaxe":2,"minecraft:stone_axe":1,"minecraft:shield":1,"minecraft:iron_axe":1,"minecraft:iron_pickaxe":1,"minecraft:iron_helmet":2},"minecraft:dropped":{"minecraft:iron_sword":1,"minecraft:ominous_bottle":1,"minecraft:diamond_axe":1,"minecraft:cooked_beef":4,"minecraft:glow_ink_sac":15,"minecraft:glass_bottle":5,"minecraft:cooked_porkchop":7,"minecraft:decorated_pot":10,"minecraft:rooted_dirt":3,"minecraft:leather":8,"travelersbackpack:iron_tier_upgrade":1,"travelersbackpack:standard":4,"minecraft:flint":1,"minecraft:red_mushroom":1,"minecraft:emerald":59,"minecraft:sand":9,"minecraft:fishing_rod":2,"minecraft:white_wool":2,"minecraft:gold_ingot":10,"minecraft:bone":7,"minecraft:gravel":2,"minecraft:red_glazed_terracotta":1,"minecraft:blackstone":2,"minecraft:iron_nugget":1,"minecraft:cooked_chicken":8,"minecraft:chiseled_tuff_bricks":1,"minecraft:cobbled_deepslate":36,"minecraft:pointed_dripstone":5,"minecraft:rotten_flesh":29,"minecraft:oak_planks":2,"minecraft:white_bed":1,"minecraft:waxed_copper_block":6,"minecraft:wind_charge":55,"minecraft:music_disc_creator":1,"minecraft:tipped_arrow":43,"minecraft:red_candle":8,"minecraft:blade_pottery_sherd":1,"minecraft:lingering_potion":1,"minecraft:glass":10,"minecraft:egg":16,"minecraft:water_bucket":1,"minecraft:enchanted_book":1,"minecraft:iron_ingot":84,"minecraft:bread":65,"minecraft:wheat_seeds":10,"travelersbackpack:bookshelf":1,"minecraft:dripstone_block":2,"minecraft:diamond_leggings":1,"minecraft:plenty_pottery_sherd":1,"minecraft:iron_helmet":2,"minecraft:cobblestone":3,"minecraft:waxed_copper_grate":1,"minecraft:polished_tuff":7,"minecraft:granite":1,"minecraft:ominous_trial_key":4,"minecraft:golden_apple":4,"minecraft:gray_wool":1,"minecraft:torch":22,"minecraft:wooden_axe":2,"minecraft:melon_slice":144,"minecraft:cooked_salmon":4,"minecraft:diamond_helmet":1,"minecraft:fire_charge":2,"minecraft:potion":1,"minecraft:iron_leggings":2,"minecraft:iron_axe":1,"minecraft:orange_bed":1,"minecraft:string":38,"minecraft:bucket":1,"minecraft:furnace":1,"minecraft:tuff_bricks":16,"minecraft:stone_sword":1,"minecraft:iron_boots":2,"minecraft:flint_and_steel":1,"minecraft:filled_map":1,"minecraft:shield":3,"minecraft:flower_pot":1,"minecraft:trial_key":6,"minecraft:spruce_planks":2,"minecraft:iron_chestplate":3,"minecraft:oak_boat":1,"minecraft:miner_pottery_sherd":1,"minecraft:diamond_boots":1,"minecraft:slime_ball":130,"minecraft:bow":5,"minecraft:wooden_pickaxe":2,"minecraft:waxed_exposed_copper_bulb":1,"minecraft:heartbreak_pottery_sherd":1,"minecraft:waxed_oxidized_copper_grate":8,"minecraft:brick":4},"minecraft:picked_up":{"minecraft:wooden_axe":2,"minecraft:iron_chestplate":4,"minecraft:wheat":24,"minecraft:flower_pot":1,"minecraft:potion":11,"minecraft:enchanted_book":4,"minecraft:string":42,"minecraft:wayfinder_armor_trim_smithing_template":1,"minecraft:iron_leggings":2,"minecraft:red_candle":12,"minecraft:pufferfish":1,"minecraft:cobbled_deepslate":55,"minecraft:bucket":1,"minecraft:spruce_planks":2,"minecraft:trial_key":16,"minecraft:iron_pickaxe":2,"minecraft:enchanted_golden_apple":2,"minecraft:melon_slice":181,"minecraft:furnace":17,"minecraft:iron_boots":2,"minecraft:tipped_arrow":152,"minecraft:stick":69,"minecraft:torch":85,"minecraft:acacia_log":102,"travelersbackpack:iron_tier_upgrade":1,"minecraft:porkchop":12,"minecraft:golden_axe":1,"minecraft:waxed_copper_grate":1,"minecraft:pointed_dripstone":6,"minecraft:orange_bed":4,"minecraft:honey_bottle":7,"minecraft:rotten_flesh":57,"minecraft:iron_block":1,"minecraft:obsidian":1,"minecraft:cod":12,"minecraft:cobblestone":112,"minecraft:cooked_beef":39,"minecraft:water_bucket":4,"minecraft:lapis_lazuli":113,"minecraft:dirt":27,"minecraft:name_tag":1,"minecraft:bone":266,"travelersbackpack:bookshelf":3,"minecraft:glass":32,"minecraft:acacia_planks":30,"minecraft:bow":14,"minecraft:wheat_seeds":11,"minecraft:raw_gold":23,"minecraft:bolt_armor_trim_smithing_template":2,"minecraft:guster_banner_pattern":1,"minecraft:moss_block":82,"minecraft:oak_planks":5,"minecraft:cooked_porkchop":3,"minecraft:sand":10,"minecraft:stripped_spruce_log":1,"minecraft:acacia_stairs":1,"travelersbackpack:white_sleeping_bag":2,"minecraft:diamond":67,"minecraft:miner_pottery_sherd":1,"minecraft:waxed_oxidized_copper_grate":9,"minecraft:granite":5,"minecraft:crossbow":2,"minecraft:breeze_rod":60,"minecraft:golden_apple":6,"minecraft:emerald":50,"minecraft:bread":46,"minecraft:rooted_dirt":3,"minecraft:plenty_pottery_sherd":1,"minecraft:ominous_trial_key":15,"minecraft:fishing_rod":1,"minecraft:crafting_table":11,"minecraft:ominous_bottle":5,"minecraft:wooden_pickaxe":1,"minecraft:gold_block":2,"minecraft:music_disc_creator":1,"minecraft:brick":36,"minecraft:shield":6,"minecraft:wind_charge":134,"minecraft:iron_axe":6,"minecraft:blackstone":2,"minecraft:beef":56,"minecraft:oak_boat":1,"minecraft:poppy":1,"minecraft:phantom_membrane":6,"minecraft:raw_iron":145,"minecraft:raw_gold_block":1,"minecraft:bamboo_hanging_sign":1,"minecraft:arrow":203,"minecraft:diamond_chestplate":1,"minecraft:decorated_pot":19,"minecraft:hay_block":103,"minecraft:flow_armor_trim_smithing_template":3,"minecraft:tuff_bricks":17,"minecraft:mutton":7,"minecraft:white_wool":5,"minecraft:heartbreak_pottery_sherd":1,"minecraft:golden_carrot":4,"minecraft:glow_ink_sac":15,"minecraft:salmon":2,"minecraft:leather":24,"minecraft:red_glazed_terracotta":1,"minecraft:red_mushroom":1,"minecraft:acacia_wood":7,"minecraft:packed_mud":1,"minecraft:oak_log":37,"minecraft:waxed_copper_block":6,"minecraft:gunpowder":8,"minecraft:cooked_mutton":34,"minecraft:stone_bricks":1,"minecraft:iron_ingot":82,"minecraft:polished_tuff_slab":1,"minecraft:cooked_chicken":5,"minecraft:blade_pottery_sherd":1,"minecraft:glass_bottle":2,"minecraft:acacia_sapling":1,"minecraft:iron_sword":3,"minecraft:smooth_basalt":2,"minecraft:emerald_block":1,"minecraft:waxed_exposed_copper_bulb":1,"minecraft:dandelion":1,"minecraft:dripstone_block":2,"minecraft:gravel":2,"minecraft:white_bed":2,"minecraft:spider_eye":1,"minecraft:polished_tuff":13,"travelersbackpack:standard":7,"minecraft:slime_ball":130,"minecraft:iron_helmet":1,"minecraft:diamond_axe":4,"minecraft:gray_wool":1,"minecraft:baked_potato":16,"minecraft:acacia_slab":5,"minecraft:coal":256,"minecraft:chiseled_tuff_bricks":1},"minecraft:mined":{"minecraft:spruce_planks":1,"minecraft:white_bed":1,"minecraft:obsidian":1,"minecraft:granite":5,"minecraft:acacia_log":85,"minecraft:chiseled_tuff_bricks":1,"minecraft:tuff_bricks":18,"minecraft:spawner":2,"minecraft:iron_ore":128,"minecraft:cobbled_deepslate":2,"minecraft:fire":15,"minecraft:polished_tuff":13,"minecraft:deepslate_lapis_ore":6,"minecraft:pointed_dripstone":3,"minecraft:polished_tuff_slab":1,"minecraft:orange_bed":3,"minecraft:blackstone":10,"minecraft:powder_snow":4,"minecraft:torch":11,"minecraft:melon":11,"minecraft:dead_bush":23,"minecraft:mushroom_stem":1,"minecraft:cobblestone":11,"minecraft:oak_planks":14,"minecraft:wall_torch":8,"minecraft:waxed_copper_bulb":2,"minecraft:red_candle":2,"minecraft:wheat":1,"minecraft:waxed_copper_block":8,"minecraft:oak_log":40,"minecraft:sand":2,"minecraft:dirt":3,"minecraft:smooth_basalt":2,"minecraft:dispenser":1,"minecraft:oak_leaves":6,"minecraft:deepslate":44,"minecraft:tuff":2,"minecraft:deepslate_diamond_ore":62,"minecraft:decorated_pot":24,"travelersbackpack:white_sleeping_bag":2,"minecraft:acacia_slab":4,"minecraft:moss_block":37,"minecraft:hay_block":106,"minecraft:furnace":15,"minecraft:packed_mud":1,"minecraft:raw_gold_block":1,"minecraft:waxed_copper_grate":2,"minecraft:acacia_wood":8,"minecraft:acacia_stairs":1,"minecraft:gold_block":2,"minecraft:chiseled_tuff":1,"minecraft:deepslate_iron_ore":21,"minecraft:stone":75,"minecraft:waxed_exposed_copper_bulb":1,"minecraft:acacia_leaves":1,"minecraft:glass_pane":2,"minecraft:hanging_roots":1,"travelersbackpack:standard":2,"minecraft:crafting_table":11,"minecraft:short_grass":16,"minecraft:tall_grass":1,"minecraft:red_glazed_terracotta":1,"minecraft:lapis_ore":7,"minecraft:deepslate_gold_ore":14,"minecraft:waxed_oxidized_copper_grate":11,"minecraft:coal_ore":135,"minecraft:gravel":4,"minecraft:dripstone_block":2,"minecraft:cobweb":34,"minecraft:acacia_planks":7,"minecraft:stone_bricks":2}},"DataVersion":3953}