{"stats":{"minecraft:broken":{"minecraft:stone_pickaxe":1,"minecraft:shield":1,"minecraft:wooden_sword":1,"minecraft:leather_boots":1,"minecraft:stone_axe":1,"minecraft:iron_pickaxe":1},"minecraft:killed_by":{"minecraft:creeper":2,"minecraft:zombie":1},"minecraft:dropped":{"minecraft:water_bucket":2,"minecraft:iron_ingot":1,"minecraft:bread":68,"minecraft:wheat_seeds":3,"croptopia:rutabaga":1,"minecraft:glow_ink_sac":3,"minecraft:diamond":34,"minecraft:iron_helmet":1,"minecraft:cobblestone":3,"minecraft:jungle_planks":2,"blockus:viridite":3,"minecraft:flint":1,"mca:book_romance":1,"minecraft:torch":1,"minecraft:wooden_axe":1,"geodes:pyrite_chunk":1,"blockus:marble":1,"minecraft:zombie_head":2,"minecraft:dead_bush":2,"minecraft:iron_leggings":1,"minecraft:sand":1,"minecraft:iron_axe":1,"minecraft:iron_pickaxe":1,"croptopia:kiwi":1,"minecraft:smooth_basalt":2,"minecraft:stone_axe":1,"minecraft:mangrove_roots":3,"minecraft:cobbled_deepslate":57,"minecraft:raw_copper":4,"minecraft:wheat":1,"minecraft:rotten_flesh":20,"minecraft:oak_planks":2,"universal_graves:grave_compass":2,"blockus:limestone":5,"minecraft:clay_ball":1,"blockus:bluestone":1,"supplementaries:ash":5,"croptopia:zucchini":1,"minecraft:gunpowder":1,"croptopia:saguaro":6,"croptopia:kiwi_seed":6,"minecraft:skeleton_skull":1,"minecraft:iron_chestplate":1,"minecraft:spider_eye":2,"minecraft:bow":1,"minecraft:arrow":3,"minecraft:wooden_pickaxe":1,"croptopia:squash":4},"minecraft:mined":{"blockus:viridite":3,"minecraft:tuff":1,"geodes:medium_lapis_bud":1,"minecraft:deepslate_diamond_ore":36,"minecraft:mangrove_roots":1,"terrestria:small_oak_log":3,"minecraft:jungle_planks":1,"geodes:large_lapis_bud":1,"minecraft:large_fern":2,"minecraft:hay_block":45,"croptopia:ginger_crop":3,"minecraft:furnace":4,"geodes:small_lapis_bud":1,"minecraft:iron_ore":141,"minecraft:deepslate_lapis_ore":6,"croptopia:squash_crop":7,"minecraft:deepslate_iron_ore":75,"minecraft:bamboo_sapling":2,"minecraft:bamboo":3,"minecraft:stone":37,"minecraft:blue_orchid":11,"minecraft:orange_bed":1,"geodes:lapis_crystal_block":1,"minecraft:amethyst_cluster":1,"minecraft:crafting_table":6,"minecraft:torch":4,"minecraft:emerald_ore":3,"minecraft:honey_block":2,"minecraft:structure_void":1,"minecraft:rose_bush":1,"minecraft:dead_bush":1,"supplementaries:wild_flax":4,"minecraft:tall_grass":5,"blockus:marble":1,"minecraft:deepslate_gold_ore":95,"minecraft:honeycomb_block":1,"minecraft:cobblestone":2,"minecraft:deepslate_coal_ore":2,"minecraft:lapis_ore":3,"minecraft:cyan_bed":4,"minecraft:oak_planks":3,"minecraft:sugar_cane":3,"croptopia:olive_crop":6,"minecraft:wall_torch":4,"supplementaries:urn":95,"geodes:lapis_cluster":1,"croptopia:leek_crop":1,"croptopia:zucchini_crop":2,"minecraft:sweet_berry_bush":8,"croptopia:yam_crop":6,"minecraft:grass":19,"croptopia:turmeric_crop":6,"minecraft:coal_ore":109,"minecraft:cocoa":3,"croptopia:kiwi_crop":4,"croptopia:saguaro_crop":6,"minecraft:sand":3,"croptopia:rutabaga_crop":3,"blockus:limestone":3,"minecraft:smooth_basalt":4,"minecraft:small_dripleaf":2,"minecraft:deepslate":54,"minecraft:fern":1,"blockus:bluestone":1},"minecraft:killed":{"minecraft:spider":5,"naturalist:duck":1,"naturalist:boar":3,"naturalist:coral_snake":1,"minecraft:skeleton":18,"minecraft:silverfish":1,"minecraft:husk":10,"minecraft:creeper":2,"tinyskeletons:baby_skeleton":1,"minecraft:zombie":23,"minecraft:stray":7},"minecraft:picked_up":{"blockus:limestone":5,"minecraft:cocoa_beans":7,"minecraft:crafting_table":5,"croptopia:zucchini":2,"minecraft:wheat":8,"blockus:bluestone":1,"minecraft:wooden_pickaxe":1,"croptopia:saguaro_seed":11,"minecraft:string":7,"minecraft:raw_copper":4,"minecraft:zombie_head":3,"blockus:marble":1,"minecraft:blue_orchid":10,"minecraft:gold_nugget":61,"minecraft:cobbled_deepslate":58,"minecraft:iron_nugget":79,"minecraft:sugar_cane":7,"minecraft:furnace":4,"adorn:guide_book":1,"minecraft:tipped_arrow":3,"minecraft:raw_iron":367,"minecraft:torch":95,"croptopia:rutabaga":3,"minecraft:porkchop":5,"croptopia:olive_seed":9,"minecraft:honeycomb_block":1,"croptopia:ginger_seed":2,"croptopia:yam_seed":9,"minecraft:arrow":42,"minecraft:rotten_flesh":20,"croptopia:squash_seed":10,"supplementaries:antique_ink":8,"minecraft:hay_block":45,"minecraft:mangrove_roots":3,"supplementaries:ash":75,"minecraft:skeleton_skull":1,"minecraft:cobblestone":38,"geodes:pyrite_chunk":1,"minecraft:feather":2,"minecraft:glow_ink_sac":3,"minecraft:water_bucket":1,"minecraft:jungle_log":13,"minecraft:leather":2,"croptopia:glowing_calamari":3,"fishofthieves:grubs":2,"minecraft:oak_log":12,"supplementaries:flax_seeds":27,"croptopia:leek":1,"minecraft:gunpowder":1,"minecraft:lapis_lazuli":83,"minecraft:lantern":1,"croptopia:kiwi_seed":10,"croptopia:olive":6,"minecraft:bone":64,"terrestria:small_oak_log":2,"minecraft:bow":2,"minecraft:wheat_seeds":4,"croptopia:squash":7,"minecraft:raw_gold":78,"minecraft:iron_ingot":1,"minecraft:stone_pickaxe":1,"minecraft:bamboo":17,"minecraft:oak_planks":3,"croptopia:kiwi":4,"croptopia:yam":6,"minecraft:smooth_basalt":2,"minecraft:sweet_berries":26,"croptopia:turmeric":6,"croptopia:ginger":2,"geodes:lapis_crystal_block":1,"minecraft:sand":3,"minecraft:jungle_planks":2,"croptopia:rutabaga_seed":4,"croptopia:turmeric_seed":10,"minecraft:cyan_bed":4,"minecraft:acacia_stairs":1,"minecraft:spider_eye":2,"blockus:viridite":3,"croptopia:saguaro":6,"minecraft:diamond":34,"minecraft:stone_axe":1,"waystones:waystone":1,"minecraft:honey_block":2,"croptopia:leek_seed":2,"minecraft:iron_helmet":2,"minecraft:emerald":53,"croptopia:zucchini_seed":3,"minecraft:coal":154},"minecraft:crafted":{"minecraft:oak_planks":56,"minecraft:furnace":4,"minecraft:iron_boots":1,"minecraft:iron_axe":2,"minecraft:chest":2,"minecraft:wheat":478,"minecraft:crafting_table":2,"minecraft:jungle_boat":1,"minecraft:iron_helmet":1,"minecraft:hay_block":9,"minecraft:stone_axe":1,"minecraft:bread":142,"minecraft:air":0,"minecraft:jungle_planks":52,"minecraft:iron_chestplate":2,"minecraft:shield":1,"minecraft:stick":108,"minecraft:iron_ingot":56,"minecraft:iron_pickaxe":3,"minecraft:wooden_axe":1,"minecraft:iron_leggings":2,"minecraft:torch":344},"minecraft:used":{"minecraft:chest":2,"minecraft:shield":76,"minecraft:torch":429,"minecraft:wooden_axe":8,"minecraft:lantern":1,"minecraft:iron_axe":143,"minecraft:iron_helmet":1,"minecraft:bow":2,"minecraft:furnace":6,"minecraft:cobbled_deepslate":1,"minecraft:water_bucket":33,"minecraft:stone_pickaxe":130,"minecraft:oak_planks":3,"minecraft:wooden_pickaxe":13,"minecraft:jungle_boat":1,"minecraft:sand":2,"minecraft:golden_hoe":12,"minecraft:crafting_table":6,"minecraft:acacia_stairs":1,"geodes:lapis_crystal_block":1,"minecraft:iron_pickaxe":457,"minecraft:bread":110,"minecraft:cyan_bed":3,"adorn:guide_book":1,"minecraft:stone_axe":73,"minecraft:wooden_sword":50,"minecraft:bucket":35},"minecraft:custom":{"minecraft:mob_kills":72,"minecraft:interact_with_crafting_table":40,"minecraft:open_barrel":3,"minecraft:leave_game":4,"minecraft:time_since_death":91299,"minecraft:climb_one_cm":490,"minecraft:sprint_one_cm":873062,"minecraft:walk_one_cm":378082,"minecraft:damage_blocked_by_shield":3080,"minecraft:drop":149,"minecraft:play_time":231844,"minecraft:deaths":3,"minecraft:sneak_time":4948,"minecraft:walk_under_water_one_cm":11582,"minecraft:boat_one_cm":33732,"minecraft:jump":5769,"minecraft:walk_on_water_one_cm":48960,"minecraft:total_world_time":231844,"minecraft:interact_with_furnace":30,"minecraft:sleep_in_bed":5,"minecraft:time_since_rest":91369,"minecraft:waystone_activated":1,"minecraft:damage_taken":4781,"minecraft:damage_dealt":15474,"minecraft:swim_one_cm":29299,"minecraft:fly_one_cm":875442,"minecraft:open_chest":56,"minecraft:crouch_one_cm":13317,"minecraft:fall_one_cm":105895}},"DataVersion":3465}