{"stats":{"minecraft:used":{"minecraft:moss_block":17,"minecraft:wooden_axe":46,"minecraft:stone_pickaxe":2,"minecraft:melon_slice":16,"minecraft:poppy":1,"minecraft:oak_planks":12,"travelersbackpack:white_sleeping_bag":1,"minecraft:wooden_pickaxe":3,"minecraft:crafting_table":3,"minecraft:dandelion":1},"minecraft:crafted":{"minecraft:oak_planks":44,"travelersbackpack:white_sleeping_bag":1,"minecraft:crafting_table":1,"minecraft:wooden_pickaxe":1,"minecraft:stone_pickaxe":1,"minecraft:wooden_axe":1},"minecraft:killed":{"minecraft:sheep":6,"minecraft:zombie":1,"minecraft:pig":1},"minecraft:custom":{"minecraft:time_since_rest":970,"minecraft:sprint_one_cm":50498,"minecraft:damage_taken":110,"minecraft:walk_one_cm":30315,"minecraft:mob_kills":8,"minecraft:drop":24,"minecraft:damage_dealt":1060,"minecraft:interact_with_crafting_table":4,"minecraft:swim_one_cm":1813,"minecraft:fly_one_cm":110064,"minecraft:open_chest":1,"minecraft:crouch_one_cm":1507,"minecraft:play_time":14965,"minecraft:sneak_time":617,"minecraft:walk_under_water_one_cm":469,"minecraft:jump":519,"minecraft:sleep_in_bed":3,"minecraft:walk_on_water_one_cm":172,"minecraft:time_since_death":14965,"minecraft:climb_one_cm":16,"minecraft:total_world_time":14965,"minecraft:fall_one_cm":16645},"minecraft:mined":{"minecraft:iron_ore":1,"minecraft:crafting_table":2,"minecraft:short_grass":7,"minecraft:oak_log":11,"minecraft:decorated_pot":1,"minecraft:melon":11,"minecraft:dead_bush":23,"travelersbackpack:white_sleeping_bag":1,"minecraft:stone":4,"minecraft:moss_block":34,"minecraft:oak_planks":12,"minecraft:oak_leaves":2},"minecraft:dropped":{"minecraft:wheat_seeds":1,"minecraft:wooden_axe":1,"minecraft:melon_slice":134},"minecraft:picked_up":{"minecraft:wooden_axe":1,"minecraft:raw_iron":1,"minecraft:stick":24,"minecraft:crafting_table":2,"minecraft:dandelion":1,"minecraft:porkchop":2,"minecraft:oak_log":11,"minecraft:wayfinder_armor_trim_smithing_template":1,"travelersbackpack:white_sleeping_bag":1,"minecraft:wheat_seeds":1,"minecraft:miner_pottery_sherd":1,"minecraft:blade_pottery_sherd":1,"minecraft:gray_wool":1,"minecraft:plenty_pottery_sherd":1,"minecraft:poppy":1,"minecraft:melon_slice":171,"minecraft:moss_block":34,"minecraft:mutton":7,"minecraft:oak_planks":1,"minecraft:white_wool":5,"minecraft:cobblestone":3,"minecraft:heartbreak_pottery_sherd":1}},"DataVersion":3953}