{"stats":{"minecraft:used":{"minecraft:tuff_bricks":1,"minecraft:moss_block":17,"minecraft:stone_sword":40,"minecraft:poppy":1,"minecraft:decorated_pot":1,"minecraft:shield":222,"minecraft:cooked_chicken":1,"minecraft:stone_hoe":53,"minecraft:trial_key":7,"minecraft:torch":163,"minecraft:dirt":2,"minecraft:granite":4,"minecraft:honey_bottle":2,"minecraft:wooden_axe":47,"minecraft:waxed_oxidized_copper_grate":1,"minecraft:iron_axe":186,"minecraft:bamboo_hanging_sign":1,"minecraft:packed_mud":1,"minecraft:golden_carrot":1,"minecraft:bow":2,"minecraft:ominous_bottle":1,"minecraft:furnace":9,"minecraft:cooked_beef":22,"minecraft:cooked_mutton":2,"minecraft:water_bucket":38,"minecraft:baked_potato":9,"minecraft:stone_pickaxe":263,"minecraft:oak_planks":12,"minecraft:wooden_pickaxe":3,"minecraft:diamond_axe":388,"minecraft:crafting_table":10,"minecraft:lingering_potion":2,"minecraft:polished_tuff":6,"minecraft:ominous_trial_key":5,"minecraft:wind_charge":31,"minecraft:melon_slice":27,"minecraft:bread":94,"minecraft:iron_pickaxe":105,"travelersbackpack:white_sleeping_bag":2,"minecraft:stone_axe":75,"minecraft:potion":3,"minecraft:cobblestone":58,"travelersbackpack:standard":1,"minecraft:bucket":40,"minecraft:dandelion":1},"minecraft:broken":{"minecraft:iron_boots":1,"minecraft:iron_leggings":1,"minecraft:stone_pickaxe":2,"minecraft:shield":1,"minecraft:iron_axe":1,"minecraft:stone_axe":1,"minecraft:iron_helmet":1},"minecraft:crafted":{"minecraft:oak_planks":72,"minecraft:cooked_chicken":4,"minecraft:furnace":1,"minecraft:cooked_mutton":4,"minecraft:glass":4,"travelersbackpack:white_sleeping_bag":1,"minecraft:bow":2,"minecraft:iron_boots":3,"minecraft:iron_axe":2,"minecraft:stone_pickaxe":2,"minecraft:stone_hoe":1,"minecraft:wheat":452,"minecraft:cooked_beef":17,"minecraft:emerald":9,"minecraft:cooked_porkchop":2,"minecraft:crafting_table":1,"minecraft:wooden_pickaxe":1,"minecraft:iron_helmet":4,"minecraft:bucket":2,"minecraft:stone_axe":1,"minecraft:bread":156,"minecraft:air":0,"minecraft:iron_chestplate":4,"minecraft:shield":3,"minecraft:raw_gold":9,"minecraft:stick":40,"minecraft:iron_ingot":99,"minecraft:iron_pickaxe":1,"minecraft:wooden_axe":1,"minecraft:gold_ingot":10,"minecraft:stone_sword":1,"minecraft:iron_leggings":5,"minecraft:torch":140},"minecraft:killed":{"minecraft:cave_spider":2,"minecraft:spider":2,"minecraft:slime":157,"minecraft:skeleton":2,"minecraft:chicken":1,"minecraft:silverfish":1,"minecraft:pig":1,"minecraft:sheep":6,"minecraft:zombie":13,"minecraft:stray":106,"minecraft:breeze":26,"minecraft:player":1,"minecraft:cow":9},"minecraft:custom":{"minecraft:mob_kills":330,"minecraft:interact_with_crafting_table":36,"minecraft:open_barrel":13,"minecraft:time_since_death":77871,"minecraft:climb_one_cm":18618,"minecraft:sprint_one_cm":688310,"minecraft:walk_one_cm":451816,"minecraft:damage_blocked_by_shield":4291,"minecraft:drop":198,"minecraft:play_time":200965,"minecraft:deaths":1,"minecraft:sneak_time":5120,"minecraft:walk_under_water_one_cm":9969,"minecraft:jump":3423,"minecraft:walk_on_water_one_cm":31831,"minecraft:total_world_time":200965,"minecraft:interact_with_furnace":106,"minecraft:sleep_in_bed":4,"minecraft:time_since_rest":77902,"minecraft:damage_taken":7658,"minecraft:damage_dealt":36027,"minecraft:player_kills":1,"minecraft:swim_one_cm":13535,"minecraft:fly_one_cm":567013,"minecraft:open_chest":29,"minecraft:crouch_one_cm":13167,"minecraft:fall_one_cm":98280,"minecraft:inspect_dispenser":37},"minecraft:mined":{"minecraft:deepslate_diamond_ore":9,"minecraft:granite":5,"minecraft:decorated_pot":24,"travelersbackpack:white_sleeping_bag":2,"minecraft:chiseled_tuff_bricks":1,"minecraft:moss_block":34,"minecraft:tuff_bricks":18,"minecraft:spawner":1,"minecraft:hay_block":53,"minecraft:packed_mud":1,"minecraft:furnace":11,"minecraft:raw_gold_block":1,"minecraft:waxed_copper_grate":2,"minecraft:cobbled_deepslate":2,"minecraft:fire":5,"minecraft:iron_ore":76,"minecraft:polished_tuff":13,"minecraft:deepslate_lapis_ore":3,"minecraft:chiseled_tuff":1,"minecraft:pointed_dripstone":3,"minecraft:deepslate_iron_ore":9,"minecraft:polished_tuff_slab":1,"minecraft:stone":60,"minecraft:waxed_exposed_copper_bulb":1,"minecraft:powder_snow":4,"travelersbackpack:standard":1,"minecraft:crafting_table":10,"minecraft:torch":10,"minecraft:short_grass":9,"minecraft:melon":11,"minecraft:dead_bush":23,"minecraft:cobblestone":6,"minecraft:red_glazed_terracotta":1,"minecraft:lapis_ore":3,"minecraft:deepslate_gold_ore":7,"minecraft:oak_planks":14,"minecraft:wall_torch":7,"minecraft:waxed_copper_bulb":2,"minecraft:red_candle":2,"minecraft:waxed_oxidized_copper_grate":11,"minecraft:waxed_copper_block":8,"minecraft:oak_log":21,"minecraft:coal_ore":84,"minecraft:dripstone_block":2,"minecraft:dirt":2,"minecraft:cobweb":34,"minecraft:dispenser":1,"minecraft:oak_leaves":4,"minecraft:deepslate":22},"minecraft:killed_by":{"minecraft:stray":1},"minecraft:dropped":{"minecraft:water_bucket":1,"minecraft:iron_ingot":40,"minecraft:bread":64,"minecraft:iron_sword":1,"minecraft:wheat_seeds":1,"minecraft:diamond_axe":1,"minecraft:ominous_bottle":1,"minecraft:glow_ink_sac":15,"minecraft:glass_bottle":5,"minecraft:dripstone_block":2,"minecraft:decorated_pot":10,"minecraft:plenty_pottery_sherd":1,"minecraft:iron_helmet":2,"minecraft:waxed_copper_grate":1,"minecraft:polished_tuff":7,"minecraft:leather":8,"minecraft:granite":1,"minecraft:ominous_trial_key":4,"travelersbackpack:standard":1,"minecraft:golden_apple":4,"minecraft:emerald":43,"minecraft:gray_wool":1,"minecraft:torch":22,"minecraft:wooden_axe":2,"minecraft:melon_slice":144,"minecraft:fire_charge":2,"minecraft:potion":1,"minecraft:iron_leggings":2,"minecraft:iron_axe":1,"minecraft:sand":9,"minecraft:string":38,"minecraft:bucket":1,"minecraft:white_wool":2,"minecraft:gold_ingot":10,"minecraft:red_glazed_terracotta":1,"minecraft:furnace":1,"minecraft:tuff_bricks":16,"minecraft:stone_sword":1,"minecraft:iron_nugget":1,"minecraft:cooked_chicken":4,"minecraft:chiseled_tuff_bricks":1,"minecraft:cobbled_deepslate":34,"minecraft:pointed_dripstone":5,"minecraft:rotten_flesh":24,"minecraft:oak_planks":2,"minecraft:iron_boots":2,"minecraft:waxed_copper_block":6,"minecraft:music_disc_creator":1,"minecraft:flint_and_steel":1,"minecraft:wind_charge":32,"minecraft:tipped_arrow":43,"minecraft:shield":3,"minecraft:flower_pot":1,"minecraft:red_candle":8,"minecraft:trial_key":6,"minecraft:iron_chestplate":3,"minecraft:blade_pottery_sherd":1,"minecraft:lingering_potion":1,"minecraft:miner_pottery_sherd":1,"minecraft:slime_ball":130,"minecraft:waxed_exposed_copper_bulb":1,"minecraft:bow":5,"minecraft:wooden_pickaxe":2,"minecraft:glass":10,"minecraft:heartbreak_pottery_sherd":1,"minecraft:brick":4,"minecraft:waxed_oxidized_copper_grate":8,"minecraft:egg":16,"minecraft:enchanted_book":1},"minecraft:picked_up":{"minecraft:wooden_axe":2,"minecraft:iron_chestplate":3,"minecraft:crafting_table":10,"minecraft:wheat":16,"minecraft:ominous_bottle":4,"minecraft:flower_pot":1,"minecraft:wooden_pickaxe":1,"minecraft:enchanted_book":3,"minecraft:potion":9,"minecraft:music_disc_creator":1,"minecraft:shield":5,"minecraft:brick":36,"minecraft:wind_charge":88,"minecraft:iron_axe":5,"minecraft:string":38,"minecraft:wayfinder_armor_trim_smithing_template":1,"minecraft:iron_leggings":1,"minecraft:red_candle":12,"minecraft:cobbled_deepslate":34,"minecraft:bucket":1,"minecraft:beef":18,"minecraft:trial_key":16,"minecraft:poppy":1,"minecraft:iron_pickaxe":1,"minecraft:enchanted_golden_apple":2,"minecraft:melon_slice":181,"minecraft:iron_boots":2,"minecraft:furnace":13,"minecraft:tipped_arrow":152,"minecraft:raw_iron":84,"minecraft:stick":24,"minecraft:raw_gold_block":1,"minecraft:bamboo_hanging_sign":1,"minecraft:torch":66,"minecraft:porkchop":2,"minecraft:waxed_copper_grate":1,"minecraft:pointed_dripstone":6,"minecraft:diamond_chestplate":1,"minecraft:honey_bottle":7,"minecraft:arrow":127,"minecraft:rotten_flesh":24,"minecraft:decorated_pot":19,"minecraft:hay_block":52,"minecraft:iron_block":1,"minecraft:flow_armor_trim_smithing_template":1,"minecraft:tuff_bricks":17,"minecraft:mutton":7,"minecraft:cobblestone":97,"minecraft:white_wool":5,"minecraft:heartbreak_pottery_sherd":1,"minecraft:cooked_beef":33,"minecraft:golden_carrot":4,"minecraft:glow_ink_sac":15,"minecraft:water_bucket":2,"minecraft:leather":8,"minecraft:red_glazed_terracotta":1,"minecraft:packed_mud":1,"minecraft:oak_log":18,"minecraft:waxed_copper_block":6,"minecraft:lapis_lazuli":40,"minecraft:dirt":2,"minecraft:cooked_mutton":8,"minecraft:bone":244,"minecraft:glass":6,"minecraft:bow":13,"minecraft:wheat_seeds":1,"minecraft:raw_gold":7,"minecraft:bolt_armor_trim_smithing_template":1,"minecraft:iron_ingot":57,"minecraft:polished_tuff_slab":1,"minecraft:cooked_chicken":5,"minecraft:guster_banner_pattern":1,"minecraft:blade_pottery_sherd":1,"minecraft:glass_bottle":2,"minecraft:moss_block":34,"minecraft:iron_sword":3,"minecraft:oak_planks":5,"minecraft:emerald_block":1,"minecraft:waxed_exposed_copper_bulb":1,"minecraft:dandelion":1,"minecraft:dripstone_block":2,"minecraft:sand":9,"minecraft:polished_tuff":13,"travelersbackpack:white_sleeping_bag":2,"travelersbackpack:standard":3,"minecraft:slime_ball":130,"minecraft:diamond":14,"minecraft:diamond_axe":3,"minecraft:miner_pottery_sherd":1,"minecraft:iron_helmet":1,"minecraft:waxed_oxidized_copper_grate":9,"minecraft:crossbow":1,"minecraft:breeze_rod":53,"minecraft:granite":5,"minecraft:golden_apple":4,"minecraft:gray_wool":1,"minecraft:emerald":42,"minecraft:bread":46,"minecraft:baked_potato":16,"minecraft:plenty_pottery_sherd":1,"minecraft:ominous_trial_key":14,"minecraft:coal":164,"minecraft:chiseled_tuff_bricks":1}},"DataVersion":3953}