{"stats":{"minecraft:used":{"croptopia:leek":1,"minecraft:chest":2,"minecraft:shield":103,"minecraft:rotten_flesh":9,"croptopia:zucchini":1,"minecraft:carrot":16,"croptopia:rutabaga_seed":4,"minecraft:lantern":1,"minecraft:iron_helmet":1,"supplementaries:bomb_blue":1,"minecraft:bow":4,"minecraft:furnace":13,"morebowsandarrows:iron_bow":1,"minecraft:stone_pickaxe":130,"minecraft:oak_planks":3,"minecraft:wooden_pickaxe":13,"minecraft:jungle_boat":1,"minecraft:golden_hoe":12,"minecraft:sand":2,"magistuarmory:iron_estoc":80,"croptopia:rutabaga":1,"minecraft:blast_furnace":1,"croptopia:olive_seed":9,"minecraft:shears":7,"minecraft:cyan_bed":3,"minecraft:bread":134,"adorn:guide_book":1,"croptopia:leek_seed":3,"minecraft:wooden_sword":50,"minecraft:bone_meal":52,"minecraft:experience_bottle":2,"minecraft:orange_bed":2,"minecraft:torch":453,"minecraft:dirt":2,"minecraft:iron_hoe":20,"minecraft:wooden_axe":8,"minecraft:iron_axe":230,"minecraft:smooth_basalt":1,"magistuarmory:iron_claymore":4,"croptopia:squash":1,"croptopia:cooked_calamari":5,"minecraft:cobbled_deepslate":11,"minecraft:water_bucket":57,"minecraft:crafting_table":9,"croptopia:yam":1,"minecraft:acacia_stairs":1,"geodes:lapis_crystal_block":1,"croptopia:baked_yam":1,"minecraft:iron_pickaxe":642,"blockus:bluestone":2,"minecraft:stone_axe":73,"minecraft:cobblestone":8,"minecraft:cooked_porkchop":7,"minecraft:porkchop":6,"minecraft:bucket":59,"blockus:marble":2},"minecraft:broken":{"minecraft:stone_pickaxe":1,"minecraft:wooden_sword":1,"minecraft:stone_axe":1,"minecraft:shield":1,"minecraft:leather_boots":1,"minecraft:iron_pickaxe":2,"minecraft:iron_helmet":1},"minecraft:mined":{"croptopia:cantaloupe_crop":1,"geodes:medium_lapis_bud":1,"croptopia:grape_crop":1,"minecraft:grass_block":16,"geodes:small_lapis_bud":1,"minecraft:iron_ore":162,"minecraft:pumpkin":6,"minecraft:deepslate_lapis_ore":6,"minecraft:flowering_azalea_leaves":6,"betterarcheology:loot_vase":1,"minecraft:blue_orchid":11,"minecraft:orange_bed":3,"minecraft:smoker":2,"minecraft:amethyst_cluster":1,"minecraft:torch":4,"minecraft:blast_furnace":3,"minecraft:melon":2,"minecraft:dead_bush":2,"supplementaries:wild_flax":6,"croptopia:raspberry_crop":1,"minecraft:cobblestone":2,"minecraft:honeycomb_block":1,"minecraft:cyan_bed":4,"minecraft:sugar_cane":3,"minecraft:oak_planks":3,"minecraft:wall_torch":4,"minecraft:pink_petals":39,"geodes:lapis_cluster":1,"croptopia:zucchini_crop":3,"minecraft:grass":31,"minecraft:sand":3,"minecraft:dirt":9,"blockus:limestone":3,"minecraft:smooth_basalt":5,"minecraft:deepslate":60,"blockus:bluestone":6,"blockus:viridite":3,"minecraft:tuff":1,"minecraft:deepslate_diamond_ore":37,"minecraft:mangrove_roots":1,"terrestria:small_oak_log":3,"minecraft:jungle_planks":1,"minecraft:rooted_dirt":1,"geodes:large_lapis_bud":1,"minecraft:large_fern":2,"minecraft:hay_block":56,"croptopia:ginger_crop":4,"minecraft:furnace":11,"minecraft:packed_mud":2,"minecraft:carrots":6,"croptopia:squash_crop":9,"minecraft:deepslate_iron_ore":75,"minecraft:vine":1,"minecraft:bamboo_sapling":2,"minecraft:bamboo":3,"minecraft:stone":65,"minecraft:smithing_table":1,"geodes:lapis_crystal_block":1,"minecraft:crafting_table":10,"minecraft:honey_block":5,"minecraft:emerald_ore":3,"minecraft:structure_void":1,"minecraft:rose_bush":1,"minecraft:tall_grass":6,"minecraft:deepslate_coal_ore":2,"blockus:marble":2,"minecraft:lapis_ore":3,"minecraft:deepslate_gold_ore":95,"croptopia:olive_crop":26,"supplementaries:urn":103,"croptopia:leek_crop":10,"minecraft:coarse_dirt":1,"minecraft:sweet_berry_bush":8,"minecraft:jungle_fence":1,"croptopia:yam_crop":7,"croptopia:turmeric_crop":6,"minecraft:coal_ore":211,"croptopia:celery_crop":1,"minecraft:cocoa":11,"croptopia:saguaro_crop":6,"croptopia:kiwi_crop":6,"croptopia:rutabaga_crop":11,"minecraft:small_dripleaf":2,"minecraft:fern":1},"minecraft:dropped":{"minecraft:brown_mushroom":2,"minecraft:porkchop":1,"croptopia:rutabaga":1,"minecraft:glow_ink_sac":3,"minecraft:diamond":35,"minecraft:jungle_fence":1,"minecraft:leather":1,"minecraft:jungle_planks":2,"blockus:viridite":3,"minecraft:cod":1,"minecraft:flint":1,"minecraft:dirt":3,"minecraft:packed_mud":2,"croptopia:squash_seed":2,"minecraft:sand":1,"croptopia:rutabaga_seed":2,"minecraft:iron_pickaxe":1,"croptopia:cantaloupe_seed":2,"croptopia:olive_seed":2,"minecraft:stone_axe":1,"minecraft:mangrove_roots":3,"magistuarmory:iron_claymore":1,"minecraft:cobbled_deepslate":57,"minecraft:wheat":1,"minecraft:rotten_flesh":28,"universal_graves:grave_compass":2,"minecraft:oak_planks":4,"supplementaries:flax_seeds":2,"supplementaries:ash":92,"croptopia:zucchini":1,"minecraft:trident":1,"minecraft:gunpowder":1,"minecraft:skeleton_skull":1,"minecraft:arrow":3,"croptopia:squash":4,"minecraft:water_bucket":2,"minecraft:iron_ingot":1,"minecraft:bread":68,"minecraft:wheat_seeds":4,"minecraft:iron_helmet":1,"minecraft:cobblestone":31,"croptopia:olive":1,"croptopia:ginger_seed":1,"minecraft:pufferfish":1,"mca:book_romance":1,"minecraft:torch":1,"naturalist:bass":2,"croptopia:zucchini_seed":2,"minecraft:wooden_axe":1,"geodes:pyrite_chunk":1,"blockus:marble":2,"minecraft:zombie_head":3,"minecraft:iron_leggings":1,"minecraft:dead_bush":2,"minecraft:iron_axe":1,"croptopia:kiwi":1,"croptopia:yam_seed":1,"minecraft:smooth_basalt":2,"minecraft:furnace":2,"minecraft:raw_copper":4,"croptopia:ginger":1,"croptopia:leek_seed":4,"blockus:limestone":5,"minecraft:clay_ball":1,"blockus:bluestone":6,"croptopia:saguaro":6,"croptopia:kiwi_seed":9,"minecraft:iron_chestplate":1,"minecraft:spider_eye":2,"minecraft:bow":2,"minecraft:wooden_pickaxe":2},"minecraft:picked_up":{"blockus:limestone":5,"croptopia:zucchini":3,"minecraft:wheat":8,"croptopia:grape_seed":1,"supplementaries:bomb_blue":1,"minecraft:smithing_table":1,"minecraft:string":13,"minecraft:raw_copper":4,"minecraft:pufferfish":1,"minecraft:zombie_head":3,"blockus:marble":4,"minecraft:gold_nugget":61,"minecraft:cobbled_deepslate":68,"minecraft:melon_slice":8,"minecraft:furnace":11,"adorn:guide_book":1,"minecraft:tipped_arrow":4,"minecraft:stick":1,"minecraft:torch":99,"croptopia:rutabaga":11,"croptopia:olive_seed":40,"minecraft:porkchop":15,"minecraft:honeycomb_block":1,"croptopia:ginger_seed":3,"minecraft:orange_bed":2,"minecraft:rotten_flesh":37,"croptopia:squash_seed":12,"supplementaries:antique_ink":8,"minecraft:mangrove_roots":3,"supplementaries:ash":90,"minecraft:cod":2,"minecraft:cobblestone":74,"minecraft:pink_petals":93,"minecraft:feather":2,"minecraft:water_bucket":1,"minecraft:jungle_log":13,"minecraft:smoker":2,"supplementaries:flax_seeds":29,"croptopia:celery":1,"minecraft:lapis_lazuli":83,"minecraft:dirt":18,"minecraft:lantern":1,"croptopia:kiwi_seed":13,"minecraft:bone":72,"terrestria:small_oak_log":2,"minecraft:bow":2,"minecraft:wheat_seeds":5,"minecraft:raw_gold":78,"fishofthieves:earthworms":2,"minecraft:bamboo":17,"croptopia:roe":1,"minecraft:oak_planks":3,"croptopia:yam":7,"minecraft:cooked_porkchop":2,"croptopia:turmeric":6,"croptopia:ginger":3,"fishofthieves:pondie":3,"minecraft:jungle_planks":2,"minecraft:sand":3,"minecraft:cyan_bed":4,"minecraft:acacia_stairs":1,"minecraft:diamond":38,"waystones:waystone":1,"croptopia:leek_seed":15,"minecraft:bone_meal":1,"minecraft:emerald":58,"croptopia:zucchini_seed":5,"minecraft:cocoa_beans":31,"minecraft:crafting_table":9,"minecraft:brown_mushroom":2,"blockus:bluestone":8,"minecraft:wooden_pickaxe":2,"croptopia:saguaro_seed":11,"minecraft:blue_orchid":10,"minecraft:iron_nugget":79,"minecraft:sugar_cane":7,"minecraft:raw_iron":404,"minecraft:flowering_azalea_leaves":5,"minecraft:carrot":22,"croptopia:yam_seed":10,"croptopia:grape":1,"croptopia:cantaloupe_seed":2,"minecraft:arrow":53,"minecraft:hay_block":56,"minecraft:saddle":1,"minecraft:skeleton_skull":1,"geodes:pyrite_chunk":1,"minecraft:glow_ink_sac":3,"minecraft:leather":4,"minecraft:jungle_fence":1,"croptopia:glowing_calamari":5,"minecraft:packed_mud":2,"fishofthieves:grubs":2,"minecraft:oak_log":12,"croptopia:leek":9,"minecraft:gunpowder":1,"naturalist:glow_goop":1,"naturalist:bass":3,"croptopia:olive":26,"croptopia:squash":9,"croptopia:raspberry":1,"minecraft:iron_ingot":4,"minecraft:stone_pickaxe":1,"croptopia:kiwi":6,"minecraft:smooth_basalt":3,"minecraft:pumpkin":6,"minecraft:sweet_berries":26,"geodes:lapis_crystal_block":1,"croptopia:rutabaga_seed":16,"croptopia:turmeric_seed":10,"minecraft:blast_furnace":3,"minecraft:spider_eye":2,"blockus:viridite":3,"croptopia:saguaro":6,"minecraft:stone_axe":1,"minecraft:honey_block":5,"minecraft:iron_helmet":2,"minecraft:coal":362},"minecraft:custom":{"minecraft:interact_with_crafting_table":61,"minecraft:open_barrel":5,"minecraft:leave_game":8,"minecraft:time_since_death":9769,"minecraft:sprint_one_cm":1294994,"minecraft:damage_blocked_by_shield":4080,"minecraft:drop":205,"minecraft:talked_to_villager":1,"minecraft:play_time":380675,"minecraft:deaths":5,"minecraft:jump":8278,"minecraft:walk_on_water_one_cm":85382,"minecraft:interact_with_furnace":59,"minecraft:sleep_in_bed":7,"minecraft:waystone_activated":2,"minecraft:damage_dealt":23317,"minecraft:player_kills":8,"minecraft:crouch_one_cm":20288,"minecraft:interact_with_smoker":1,"minecraft:mob_kills":104,"minecraft:interact_with_campfire":2,"minecraft:climb_one_cm":2725,"minecraft:walk_one_cm":618228,"minecraft:sneak_time":8783,"minecraft:walk_under_water_one_cm":40258,"minecraft:boat_one_cm":33732,"minecraft:total_world_time":380675,"minecraft:time_since_rest":9793,"minecraft:damage_taken":7315,"minecraft:swim_one_cm":195918,"minecraft:fly_one_cm":1348652,"minecraft:open_chest":108,"minecraft:fall_one_cm":161908},"minecraft:killed_by":{"minecraft:creeper":2,"minecraft:zombie":1,"minecraft:player":1},"minecraft:killed":{"minecraft:spider":10,"minecraft:cod":1,"naturalist:boar":6,"minecraft:pufferfish":1,"minecraft:skeleton":24,"minecraft:silverfish":1,"naturalist:firefly":1,"minecraft:creeper":3,"minecraft:zombie":28,"tinyskeletons:baby_skeleton":1,"minecraft:stray":8,"fishofthieves:pondie":3,"naturalist:duck":1,"naturalist:coral_snake":1,"naturalist:bass":1,"minecraft:drowned":1,"minecraft:husk":11,"minecraft:player":5},"minecraft:crafted":{"minecraft:oak_planks":56,"magistuarmory:iron_shortsword":3,"minecraft:iron_boots":2,"minecraft:chest":2,"minecraft:cooked_porkchop":5,"minecraft:crafting_table":3,"minecraft:jungle_boat":1,"minecraft:iron_helmet":2,"minecraft:hay_block":9,"minecraft:iron_chestplate":3,"minecraft:shield":1,"minecraft:stick":124,"minecraft:iron_ingot":123,"minecraft:iron_pickaxe":4,"minecraft:shears":1,"minecraft:trident":1,"magistuarmory:leather_strip":6,"morebowsandarrows:iron_bow":1,"magistuarmory:iron_claymore":2,"minecraft:furnace":4,"minecraft:bone_meal":51,"magistuarmory:iron_estoc":1,"magistuarmory:hilt":3,"minecraft:iron_axe":2,"minecraft:iron_hoe":1,"croptopia:cooked_calamari":5,"minecraft:wheat":541,"croptopia:baked_yam":1,"minecraft:stone_axe":1,"minecraft:bread":163,"minecraft:air":0,"minecraft:jungle_planks":52,"minecraft:wooden_axe":1,"minecraft:iron_leggings":3,"minecraft:torch":360}},"DataVersion":3465}