{"stats":{"minecraft:broken":{"minecraft:iron_boots":2,"minecraft:iron_chestplate":1,"minecraft:iron_leggings":1,"minecraft:stone_pickaxe":2,"minecraft:stone_axe":1,"minecraft:shield":1,"minecraft:iron_axe":1,"minecraft:iron_helmet":2},"minecraft:dropped":{"minecraft:iron_sword":1,"minecraft:ominous_bottle":1,"minecraft:diamond_axe":1,"minecraft:cooked_beef":4,"minecraft:glow_ink_sac":15,"minecraft:glass_bottle":5,"minecraft:cooked_porkchop":7,"minecraft:decorated_pot":10,"minecraft:rooted_dirt":3,"minecraft:leather":8,"travelersbackpack:iron_tier_upgrade":1,"travelersbackpack:standard":4,"minecraft:red_mushroom":1,"minecraft:emerald":59,"minecraft:sand":9,"minecraft:fishing_rod":2,"minecraft:white_wool":2,"minecraft:gold_ingot":10,"minecraft:bone":7,"minecraft:gravel":2,"minecraft:red_glazed_terracotta":1,"minecraft:iron_nugget":1,"minecraft:cooked_chicken":8,"minecraft:chiseled_tuff_bricks":1,"minecraft:cobbled_deepslate":36,"minecraft:pointed_dripstone":5,"minecraft:rotten_flesh":29,"minecraft:oak_planks":2,"minecraft:white_bed":1,"minecraft:waxed_copper_block":6,"minecraft:wind_charge":55,"minecraft:music_disc_creator":1,"minecraft:tipped_arrow":43,"minecraft:red_candle":8,"minecraft:blade_pottery_sherd":1,"minecraft:lingering_potion":1,"minecraft:glass":10,"minecraft:egg":16,"minecraft:enchanted_book":1,"minecraft:water_bucket":1,"minecraft:iron_ingot":84,"minecraft:bread":65,"minecraft:wheat_seeds":9,"travelersbackpack:bookshelf":1,"minecraft:dripstone_block":2,"minecraft:plenty_pottery_sherd":1,"minecraft:iron_helmet":2,"minecraft:waxed_copper_grate":1,"minecraft:polished_tuff":7,"minecraft:granite":1,"minecraft:ominous_trial_key":4,"minecraft:golden_apple":4,"minecraft:gray_wool":1,"minecraft:torch":22,"minecraft:wooden_axe":2,"minecraft:melon_slice":144,"minecraft:cooked_salmon":4,"minecraft:fire_charge":2,"minecraft:potion":1,"minecraft:iron_leggings":2,"minecraft:iron_axe":1,"minecraft:orange_bed":1,"minecraft:string":38,"minecraft:bucket":1,"minecraft:furnace":1,"minecraft:tuff_bricks":16,"minecraft:stone_sword":1,"minecraft:iron_boots":2,"minecraft:flint_and_steel":1,"minecraft:filled_map":1,"minecraft:shield":3,"minecraft:flower_pot":1,"minecraft:trial_key":6,"minecraft:spruce_planks":2,"minecraft:iron_chestplate":3,"minecraft:oak_boat":1,"minecraft:miner_pottery_sherd":1,"minecraft:slime_ball":130,"minecraft:bow":5,"minecraft:wooden_pickaxe":2,"minecraft:waxed_exposed_copper_bulb":1,"minecraft:heartbreak_pottery_sherd":1,"minecraft:waxed_oxidized_copper_grate":8,"minecraft:brick":4},"minecraft:custom":{"minecraft:interact_with_crafting_table":39,"minecraft:open_barrel":26,"minecraft:leave_game":1,"minecraft:time_since_death":61842,"minecraft:sprint_one_cm":882850,"minecraft:damage_blocked_by_shield":4691,"minecraft:drop":260,"minecraft:talked_to_villager":22,"minecraft:play_time":359560,"minecraft:deaths":2,"minecraft:jump":5696,"minecraft:walk_on_water_one_cm":55739,"minecraft:interact_with_furnace":142,"minecraft:sleep_in_bed":7,"minecraft:damage_dealt":44233,"minecraft:player_kills":1,"minecraft:crouch_one_cm":18518,"minecraft:inspect_dispenser":37,"minecraft:interact_with_smithing_table":4,"minecraft:mob_kills":367,"minecraft:climb_one_cm":19726,"minecraft:walk_one_cm":588302,"minecraft:sneak_time":7858,"minecraft:walk_under_water_one_cm":46952,"minecraft:boat_one_cm":124322,"minecraft:total_world_time":359560,"minecraft:time_since_rest":12709,"minecraft:damage_taken":10312,"minecraft:swim_one_cm":113214,"minecraft:fly_one_cm":960672,"minecraft:open_chest":58,"minecraft:fish_caught":15,"minecraft:fall_one_cm":166186},"minecraft:killed_by":{"minecraft:creeper":1,"minecraft:stray":1},"minecraft:picked_up":{"minecraft:wooden_axe":2,"minecraft:iron_chestplate":4,"minecraft:wheat":16,"minecraft:flower_pot":1,"minecraft:potion":11,"minecraft:enchanted_book":4,"minecraft:string":42,"minecraft:wayfinder_armor_trim_smithing_template":1,"minecraft:iron_leggings":2,"minecraft:red_candle":12,"minecraft:pufferfish":1,"minecraft:cobbled_deepslate":54,"minecraft:bucket":1,"minecraft:spruce_planks":2,"minecraft:trial_key":16,"minecraft:iron_pickaxe":2,"minecraft:enchanted_golden_apple":2,"minecraft:melon_slice":181,"minecraft:furnace":15,"minecraft:iron_boots":2,"minecraft:tipped_arrow":152,"minecraft:stick":67,"minecraft:torch":83,"minecraft:acacia_log":1,"travelersbackpack:iron_tier_upgrade":1,"minecraft:porkchop":12,"minecraft:golden_axe":1,"minecraft:waxed_copper_grate":1,"minecraft:pointed_dripstone":6,"minecraft:orange_bed":3,"minecraft:honey_bottle":7,"minecraft:rotten_flesh":49,"minecraft:iron_block":1,"minecraft:cod":12,"minecraft:cobblestone":99,"minecraft:cooked_beef":39,"minecraft:water_bucket":4,"minecraft:lapis_lazuli":86,"minecraft:dirt":27,"minecraft:name_tag":1,"minecraft:bone":258,"travelersbackpack:bookshelf":3,"minecraft:glass":6,"minecraft:bow":14,"minecraft:wheat_seeds":9,"minecraft:raw_gold":19,"minecraft:bolt_armor_trim_smithing_template":2,"minecraft:guster_banner_pattern":1,"minecraft:moss_block":82,"minecraft:oak_planks":5,"minecraft:sand":10,"minecraft:stripped_spruce_log":1,"travelersbackpack:white_sleeping_bag":2,"minecraft:diamond":47,"minecraft:miner_pottery_sherd":1,"minecraft:waxed_oxidized_copper_grate":9,"minecraft:granite":5,"minecraft:crossbow":2,"minecraft:breeze_rod":60,"minecraft:golden_apple":6,"minecraft:bread":46,"minecraft:emerald":50,"minecraft:rooted_dirt":3,"minecraft:plenty_pottery_sherd":1,"minecraft:ominous_trial_key":15,"minecraft:fishing_rod":1,"minecraft:crafting_table":10,"minecraft:ominous_bottle":5,"minecraft:wooden_pickaxe":1,"minecraft:gold_block":2,"minecraft:music_disc_creator":1,"minecraft:brick":36,"minecraft:shield":6,"minecraft:wind_charge":134,"minecraft:iron_axe":6,"minecraft:beef":56,"minecraft:oak_boat":1,"minecraft:poppy":1,"minecraft:phantom_membrane":6,"minecraft:raw_iron":92,"minecraft:raw_gold_block":1,"minecraft:bamboo_hanging_sign":1,"minecraft:arrow":197,"minecraft:diamond_chestplate":1,"minecraft:decorated_pot":19,"minecraft:hay_block":77,"minecraft:flow_armor_trim_smithing_template":3,"minecraft:tuff_bricks":17,"minecraft:mutton":7,"minecraft:white_wool":5,"minecraft:heartbreak_pottery_sherd":1,"minecraft:golden_carrot":4,"minecraft:glow_ink_sac":15,"minecraft:salmon":2,"minecraft:leather":24,"minecraft:red_glazed_terracotta":1,"minecraft:red_mushroom":1,"minecraft:acacia_wood":1,"minecraft:packed_mud":1,"minecraft:oak_log":37,"minecraft:waxed_copper_block":6,"minecraft:gunpowder":6,"minecraft:cooked_mutton":32,"minecraft:stone_bricks":1,"minecraft:iron_ingot":82,"minecraft:polished_tuff_slab":1,"minecraft:cooked_chicken":5,"minecraft:blade_pottery_sherd":1,"minecraft:glass_bottle":2,"minecraft:iron_sword":3,"minecraft:emerald_block":1,"minecraft:dripstone_block":2,"minecraft:waxed_exposed_copper_bulb":1,"minecraft:dandelion":1,"minecraft:gravel":2,"minecraft:white_bed":1,"minecraft:polished_tuff":13,"travelersbackpack:standard":7,"minecraft:slime_ball":130,"minecraft:iron_helmet":1,"minecraft:diamond_axe":4,"minecraft:gray_wool":1,"minecraft:baked_potato":16,"minecraft:coal":229,"minecraft:chiseled_tuff_bricks":1},"minecraft:killed":{"minecraft:cave_spider":2,"minecraft:spider":3,"minecraft:skeleton":12,"minecraft:chicken":1,"minecraft:silverfish":1,"minecraft:pig":3,"minecraft:creeper":3,"minecraft:sheep":6,"minecraft:zombie":19,"minecraft:stray":106,"minecraft:cow":17,"minecraft:slime":157,"minecraft:phantom":3,"minecraft:drowned":4,"minecraft:breeze":26,"minecraft:player":1},"minecraft:crafted":{"minecraft:oak_planks":148,"minecraft:cooked_chicken":4,"minecraft:cooked_mutton":4,"minecraft:glass":4,"minecraft:bow":2,"minecraft:iron_boots":3,"minecraft:chest":1,"minecraft:stone_hoe":1,"minecraft:emerald":9,"minecraft:cooked_porkchop":7,"minecraft:crafting_table":3,"minecraft:spruce_planks":4,"minecraft:wooden_pickaxe":1,"minecraft:iron_helmet":4,"minecraft:iron_chestplate":4,"minecraft:shield":3,"minecraft:stick":40,"minecraft:iron_ingot":105,"minecraft:iron_pickaxe":1,"minecraft:stone_sword":1,"minecraft:gold_ingot":19,"minecraft:furnace":1,"travelersbackpack:white_sleeping_bag":1,"minecraft:iron_axe":2,"minecraft:stone_pickaxe":2,"minecraft:wheat":452,"minecraft:cooked_beef":37,"minecraft:bucket":2,"minecraft:stone_axe":1,"minecraft:bread":156,"minecraft:air":0,"minecraft:blue_dye":1,"minecraft:oak_boat":1,"minecraft:raw_gold":9,"minecraft:wooden_axe":1,"minecraft:iron_leggings":5,"minecraft:torch":224},"minecraft:mined":{"minecraft:spruce_planks":1,"minecraft:granite":5,"minecraft:chiseled_tuff_bricks":1,"minecraft:tuff_bricks":18,"minecraft:spawner":1,"minecraft:iron_ore":84,"minecraft:cobbled_deepslate":2,"minecraft:fire":7,"minecraft:polished_tuff":13,"minecraft:deepslate_lapis_ore":6,"minecraft:pointed_dripstone":3,"minecraft:polished_tuff_slab":1,"minecraft:orange_bed":2,"minecraft:powder_snow":4,"minecraft:torch":10,"minecraft:melon":11,"minecraft:dead_bush":23,"minecraft:mushroom_stem":1,"minecraft:cobblestone":6,"minecraft:oak_planks":14,"minecraft:wall_torch":7,"minecraft:waxed_copper_bulb":2,"minecraft:red_candle":2,"minecraft:waxed_copper_block":8,"minecraft:oak_log":40,"minecraft:sand":2,"minecraft:dirt":3,"minecraft:dispenser":1,"minecraft:oak_leaves":6,"minecraft:deepslate":43,"minecraft:tuff":2,"minecraft:deepslate_diamond_ore":42,"minecraft:decorated_pot":24,"travelersbackpack:white_sleeping_bag":2,"minecraft:moss_block":37,"minecraft:hay_block":80,"minecraft:furnace":13,"minecraft:packed_mud":1,"minecraft:raw_gold_block":1,"minecraft:waxed_copper_grate":2,"minecraft:acacia_wood":2,"minecraft:gold_block":2,"minecraft:chiseled_tuff":1,"minecraft:deepslate_iron_ore":9,"minecraft:stone":62,"minecraft:waxed_exposed_copper_bulb":1,"minecraft:hanging_roots":1,"travelersbackpack:standard":2,"minecraft:crafting_table":10,"minecraft:short_grass":14,"minecraft:red_glazed_terracotta":1,"minecraft:lapis_ore":3,"minecraft:deepslate_gold_ore":10,"minecraft:waxed_oxidized_copper_grate":11,"minecraft:coal_ore":108,"minecraft:gravel":4,"minecraft:dripstone_block":2,"minecraft:cobweb":34,"minecraft:stone_bricks":2},"minecraft:used":{"minecraft:moss_block":26,"minecraft:tuff_bricks":1,"minecraft:poppy":1,"minecraft:decorated_pot":1,"minecraft:chest":1,"minecraft:shield":232,"minecraft:honey_bottle":2,"minecraft:waxed_oxidized_copper_grate":1,"minecraft:packed_mud":1,"minecraft:stone_bricks":1,"minecraft:bow":2,"minecraft:ominous_bottle":1,"minecraft:furnace":11,"minecraft:stone_pickaxe":263,"minecraft:oak_planks":12,"minecraft:wooden_pickaxe":3,"minecraft:diamond_axe":513,"minecraft:crossbow":11,"minecraft:lingering_potion":2,"minecraft:polished_tuff":6,"minecraft:melon_slice":27,"minecraft:bread":96,"minecraft:oak_boat":1,"minecraft:stone_sword":40,"minecraft:acacia_log":1,"minecraft:cooked_salmon":3,"minecraft:stone_hoe":53,"minecraft:cooked_chicken":1,"minecraft:trial_key":7,"minecraft:orange_bed":2,"minecraft:torch":248,"minecraft:dirt":27,"minecraft:granite":4,"minecraft:wooden_axe":47,"minecraft:iron_axe":186,"minecraft:bamboo_hanging_sign":1,"minecraft:golden_carrot":1,"minecraft:acacia_wood":1,"minecraft:cooked_beef":50,"minecraft:cobbled_deepslate":18,"minecraft:cooked_mutton":2,"minecraft:water_bucket":70,"minecraft:baked_potato":9,"minecraft:crafting_table":12,"minecraft:ominous_trial_key":5,"travelersbackpack:bookshelf":11,"minecraft:wind_charge":31,"minecraft:iron_pickaxe":211,"travelersbackpack:white_sleeping_bag":2,"minecraft:stone_axe":75,"minecraft:fishing_rod":27,"minecraft:cobblestone":59,"minecraft:potion":3,"travelersbackpack:standard":4,"minecraft:bucket":72,"minecraft:dandelion":1}},"DataVersion":3953}