{"stats":{"minecraft:custom":{"minecraft:jump":60,"minecraft:time_since_rest":4632,"minecraft:walk_on_water_one_cm":89,"minecraft:crouch_one_cm":28,"minecraft:sprint_one_cm":5500,"minecraft:play_time":4632,"minecraft:damage_taken":220,"minecraft:time_since_death":4632,"minecraft:walk_one_cm":8325,"minecraft:sneak_time":15,"minecraft:total_world_time":4632,"minecraft:walk_under_water_one_cm":462,"minecraft:swim_one_cm":2048,"minecraft:fall_one_cm":2737,"minecraft:fly_one_cm":8306},"minecraft:mined":{"minecraft:oak_log":4,"minecraft:oak_leaves":4},"minecraft:picked_up":{"minecraft:oak_log":4,"minecraft:oak_sapling":1}},"DataVersion":3953}