{"stats":{"minecraft:used":{"minecraft:cooked_mutton":7,"minecraft:water_bucket":2,"minecraft:stone_sword":37,"minecraft:stone_shovel":34,"minecraft:stone_pickaxe":131,"minecraft:wooden_pickaxe":6,"minecraft:torch":15,"minecraft:dirt":1,"minecraft:sand":1,"minecraft:crafting_table":7,"minecraft:dripstone_block":1,"minecraft:white_bed":2,"minecraft:granite":1,"minecraft:oak_log":1,"minecraft:wooden_axe":41,"minecraft:bread":3,"minecraft:melon_slice":18,"minecraft:iron_pickaxe":79,"minecraft:stone_axe":55,"minecraft:cobblestone":3,"minecraft:oak_sapling":1,"minecraft:furnace":3,"minecraft:bucket":2,"minecraft:cooked_beef":1,"minecraft:coarse_dirt":1},"minecraft:broken":{"minecraft:stone_pickaxe":1,"minecraft:wooden_axe":1},"minecraft:crafted":{"minecraft:cooked_beef":1,"minecraft:oak_planks":16,"minecraft:stone_shovel":1,"minecraft:crafting_table":2,"travelersbackpack:backpack_tank":5,"travelersbackpack:standard":2,"minecraft:wooden_pickaxe":1,"minecraft:furnace":3,"minecraft:stone_axe":1,"minecraft:cooked_mutton":12,"minecraft:air":0,"minecraft:glass":20,"travelersbackpack:white_sleeping_bag":5,"minecraft:stick":20,"minecraft:iron_ingot":6,"minecraft:iron_pickaxe":1,"minecraft:stone_pickaxe":1,"minecraft:wooden_axe":1,"minecraft:stone_sword":1,"minecraft:chest":3,"minecraft:white_bed":1,"minecraft:acacia_planks":24,"minecraft:torch":20},"minecraft:killed":{"minecraft:cave_spider":1,"minecraft:pig":3,"minecraft:spider":1,"minecraft:creeper":1,"minecraft:sheep":20,"minecraft:zombie":3,"minecraft:chicken":4,"minecraft:cow":16},"minecraft:custom":{"minecraft:interact_with_furnace":34,"minecraft:mob_kills":50,"minecraft:interact_with_crafting_table":29,"minecraft:interact_with_stonecutter":1,"minecraft:time_since_death":3083,"minecraft:sleep_in_bed":2,"minecraft:climb_one_cm":404,"minecraft:time_since_rest":3124,"minecraft:sprint_one_cm":201299,"minecraft:damage_taken":1140,"minecraft:walk_one_cm":153485,"minecraft:drop":13,"minecraft:damage_dealt":4672,"minecraft:swim_one_cm":18072,"minecraft:talked_to_villager":1,"minecraft:fly_one_cm":188990,"minecraft:open_chest":1,"minecraft:crouch_one_cm":5423,"minecraft:play_time":64632,"minecraft:deaths":1,"minecraft:sneak_time":2741,"minecraft:walk_under_water_one_cm":848,"minecraft:jump":1015,"minecraft:walk_on_water_one_cm":3471,"minecraft:total_world_time":64632,"minecraft:fall_one_cm":24877},"minecraft:mined":{"minecraft:white_bed":2,"travelersbackpack:standard":1,"minecraft:oak_fence":2,"minecraft:crafting_table":6,"minecraft:granite":2,"minecraft:short_grass":17,"minecraft:acacia_log":6,"minecraft:grass_block":1,"minecraft:lapis_ore":5,"minecraft:copper_ore":1,"minecraft:oak_planks":2,"minecraft:sugar_cane":3,"minecraft:lily_pad":1,"minecraft:moss_block":1,"minecraft:spawner":2,"minecraft:coarse_dirt":1,"minecraft:furnace":1,"minecraft:iron_ore":11,"minecraft:pointed_dripstone":11,"minecraft:oak_log":10,"minecraft:coal_ore":91,"minecraft:dripstone_block":1,"minecraft:sand":31,"minecraft:cobweb":37,"minecraft:stone":91,"minecraft:small_dripleaf":1,"minecraft:oak_leaves":4},"minecraft:dropped":{"minecraft:iron_ingot":2,"minecraft:wheat_seeds":3,"minecraft:mangrove_propagule":1,"minecraft:cooked_mutton":4,"travelersbackpack:standard":2,"minecraft:blade_pottery_sherd":1,"minecraft:miner_pottery_sherd":1,"minecraft:spider_eye":2,"minecraft:wooden_pickaxe":1,"minecraft:heartbreak_pottery_sherd":1,"minecraft:lily_pad":1},"minecraft:picked_up":{"minecraft:coarse_dirt":1,"minecraft:crafting_table":7,"minecraft:feather":3,"minecraft:chicken":4,"minecraft:water_bucket":1,"minecraft:leather":29,"minecraft:oak_log":15,"minecraft:lily_pad":1,"minecraft:lapis_lazuli":38,"minecraft:string":56,"minecraft:dirt":1,"minecraft:raw_copper":8,"minecraft:flint_and_steel":2,"minecraft:cooked_mutton":1,"minecraft:glass":10,"minecraft:wheat_seeds":3,"minecraft:iron_pickaxe":1,"minecraft:beef":23,"minecraft:iron_ingot":10,"minecraft:blade_pottery_sherd":1,"minecraft:iron_nugget":2,"minecraft:light_gray_wool":2,"minecraft:melon_slice":38,"minecraft:sugar_cane":5,"minecraft:chest":1,"minecraft:oak_planks":11,"minecraft:furnace":2,"minecraft:stick":2,"minecraft:raw_iron":19,"minecraft:oak_fence":4,"minecraft:torch":7,"minecraft:acacia_log":6,"minecraft:dripstone_block":2,"minecraft:porkchop":5,"minecraft:sand":40,"minecraft:pointed_dripstone":33,"minecraft:white_bed":2,"minecraft:spider_eye":4,"travelersbackpack:standard":2,"minecraft:stone_sword":1,"minecraft:stone_shovel":1,"minecraft:rotten_flesh":6,"minecraft:stone_axe":1,"minecraft:miner_pottery_sherd":1,"minecraft:granite":2,"minecraft:bread":119,"minecraft:gold_ingot":9,"minecraft:gray_wool":1,"minecraft:oak_sapling":1,"minecraft:mutton":33,"minecraft:mangrove_propagule":1,"minecraft:coal":151,"minecraft:white_wool":19,"minecraft:cobblestone":136,"minecraft:heartbreak_pottery_sherd":1}},"DataVersion":3953}