{"stats":{"minecraft:killed_by":{"minecraft:piglin_brute":1,"minecraft:zombie":1,"minecraft:player":5,"minecraft:stray":4,"minecraft:hoglin":1},"minecraft:crafted":{"minecraft:smooth_stone":3,"minecraft:oak_planks":84,"minecraft:stone":3,"minecraft:bookshelf":11,"minecraft:cooked_mutton":39,"minecraft:glass":187,"minecraft:stone_brick_slab":6,"minecraft:bow":14,"minecraft:iron_boots":1,"minecraft:chest":19,"minecraft:oak_button":1,"minecraft:item_frame":10,"minecraft:wooden_shovel":2,"travelersbackpack:iron_tier_upgrade":2,"minecraft:emerald":232,"minecraft:cooked_porkchop":10,"minecraft:crafting_table":6,"minecraft:spruce_planks":3319,"travelersbackpack:standard":5,"minecraft:wooden_pickaxe":1,"minecraft:iron_helmet":1,"minecraft:smithing_table":1,"minecraft:fletching_table":1,"minecraft:dispenser":1,"minecraft:spruce_trapdoor":4,"minecraft:lectern":2,"minecraft:iron_chestplate":10,"minecraft:wooden_hoe":1,"minecraft:diamond_pickaxe":1,"minecraft:shield":3,"minecraft:stick":5836,"minecraft:iron_ingot":61,"minecraft:iron_pickaxe":1,"minecraft:stone_sword":1,"minecraft:acacia_door":3,"minecraft:redstone_torch":1,"minecraft:composter":2,"minecraft:oak_door":9,"minecraft:stone_shovel":4,"minecraft:spruce_button":1,"minecraft:furnace":4,"minecraft:blast_furnace":1,"minecraft:bone_meal":204,"travelersbackpack:blank_upgrade":4,"travelersbackpack:white_sleeping_bag":5,"minecraft:iron_axe":2,"minecraft:spruce_slab":30,"minecraft:stone_pickaxe":49,"minecraft:netherite_scrap":2,"minecraft:minecart":3,"minecraft:wheat":279,"minecraft:cooked_beef":17,"minecraft:crossbow":1,"travelersbackpack:backpack_tank":12,"minecraft:iron_sword":3,"minecraft:cooked_salmon":1,"minecraft:stone_axe":56,"minecraft:enchanted_book":1,"minecraft:bread":94,"minecraft:air":0,"minecraft:chainmail_boots":2,"minecraft:wooden_axe":1,"minecraft:iron_shovel":1,"minecraft:iron_leggings":8,"minecraft:white_bed":3,"minecraft:acacia_planks":408,"minecraft:torch":52},"minecraft:used":{"minecraft:moss_block":9,"minecraft:tuff_bricks":31,"minecraft:writable_book":1,"minecraft:iron_shovel":254,"minecraft:spruce_slab":9,"minecraft:shield":437,"minecraft:chest":12,"minecraft:decorated_pot":24,"minecraft:iron_sword":499,"minecraft:carrot":98,"minecraft:waxed_copper_grate":7,"minecraft:acacia_sapling":9,"minecraft:honey_bottle":2,"minecraft:glass":98,"minecraft:waxed_oxidized_copper":2,"minecraft:waxed_oxidized_copper_grate":2,"minecraft:lantern":2,"minecraft:iron_helmet":2,"minecraft:stone_bricks":1,"minecraft:item_frame":15,"minecraft:rabbit_stew":1,"minecraft:bow":30,"minecraft:hay_block":9,"minecraft:ominous_bottle":3,"minecraft:oak_sapling":4,"minecraft:furnace":9,"minecraft:acacia_fence":6,"minecraft:egg":21,"minecraft:waxed_weathered_copper_bulb":1,"minecraft:stone_pickaxe":131,"minecraft:oak_planks":27,"minecraft:blackstone":37,"minecraft:wooden_pickaxe":6,"minecraft:composter":2,"minecraft:diamond_axe":1236,"minecraft:glow_berries":17,"minecraft:golden_apple":3,"minecraft:white_wool":2,"minecraft:oak_leaves":13,"minecraft:sand":1,"minecraft:blast_furnace":2,"minecraft:crossbow":84,"minecraft:lingering_potion":6,"minecraft:dripstone_block":1,"minecraft:polished_tuff":8,"minecraft:redstone_torch":1,"minecraft:acacia_door":2,"minecraft:melon_slice":25,"minecraft:bread":127,"minecraft:string":1,"minecraft:lectern":130,"minecraft:gravel":14,"minecraft:chiseled_tuff_bricks":7,"minecraft:grindstone":1,"minecraft:smithing_table":12,"minecraft:andesite":8,"minecraft:coarse_dirt":24,"minecraft:oak_boat":3,"minecraft:waxed_copper_bulb":1,"minecraft:bone_meal":133,"minecraft:trident":12,"minecraft:stone_sword":97,"minecraft:enchanting_table":2,"minecraft:dead_bush":1,"minecraft:acacia_log":3,"minecraft:stone_shovel":187,"minecraft:spruce_planks":69,"minecraft:wooden_shovel":58,"minecraft:trial_key":13,"minecraft:cooked_chicken":10,"minecraft:netherrack":163,"minecraft:oak_door":3,"minecraft:orange_bed":7,"minecraft:torch":56,"minecraft:dirt":74,"minecraft:spyglass":13,"minecraft:granite":1,"minecraft:stone_brick_slab":8,"minecraft:wooden_axe":41,"minecraft:bookshelf":3,"minecraft:iron_axe":90,"minecraft:acacia_slab":2,"minecraft:rooted_dirt":3,"minecraft:spruce_button":1,"minecraft:light_gray_wool":2,"minecraft:basalt":20,"minecraft:golden_carrot":16,"minecraft:cooked_beef":25,"minecraft:golden_axe":6,"minecraft:cobbled_deepslate":18,"minecraft:acacia_planks":4,"minecraft:iron_leggings":1,"minecraft:wheat_seeds":60,"minecraft:cooked_mutton":42,"minecraft:water_bucket":30,"minecraft:cartography_table":6,"minecraft:baked_potato":28,"minecraft:green_bed":4,"minecraft:fletching_table":6,"minecraft:red_glazed_terracotta":1,"minecraft:waxed_copper_block":2,"minecraft:polished_blackstone_bricks":68,"minecraft:rail":2,"minecraft:terracotta":16,"minecraft:crafting_table":19,"minecraft:oak_slab":1,"minecraft:red_bed":1,"minecraft:white_bed":9,"minecraft:smoker":2,"minecraft:oak_log":3,"minecraft:flower_pot":1,"minecraft:wooden_hoe":43,"minecraft:diamond_pickaxe":1787,"minecraft:ominous_trial_key":8,"minecraft:wind_charge":42,"minecraft:cracked_polished_blackstone_bricks":12,"minecraft:iron_pickaxe":159,"travelersbackpack:white_sleeping_bag":1,"minecraft:map":4,"minecraft:spruce_trapdoor":6,"minecraft:spruce_sapling":40,"minecraft:stone_axe":333,"travelersbackpack:standard":77,"minecraft:fishing_rod":38,"minecraft:cobblestone":74,"minecraft:potion":3,"minecraft:cooked_porkchop":37,"minecraft:bucket":30,"minecraft:splash_potion":5},"minecraft:dropped":{"minecraft:iron_sword":1,"minecraft:porkchop":2,"minecraft:diamond_axe":2,"minecraft:ominous_bottle":2,"minecraft:cooked_beef":5,"minecraft:oak_log":17,"minecraft:baked_potato":32,"minecraft:glow_ink_sac":7,"minecraft:glass_bottle":8,"minecraft:diamond":1,"minecraft:spore_blossom":1,"minecraft:cooked_porkchop":7,"minecraft:decorated_pot":1,"minecraft:crossbow":2,"minecraft:orange_tulip":1,"minecraft:glow_berries":12,"minecraft:lantern":3,"travelersbackpack:iron_tier_upgrade":1,"travelersbackpack:standard":7,"minecraft:red_mushroom":1,"minecraft:emerald":92,"minecraft:dirt":69,"minecraft:netherite_scrap":1,"minecraft:stone_button":2,"minecraft:dispenser":1,"minecraft:cornflower":1,"minecraft:bolt_armor_trim_smithing_template":2,"minecraft:iron_pickaxe":2,"minecraft:fishing_rod":1,"minecraft:white_wool":1,"minecraft:bone":3,"minecraft:oak_door":2,"minecraft:stone_axe":43,"minecraft:diamond_block":1,"minecraft:iron_nugget":1,"minecraft:wheat":1,"minecraft:obsidian":2,"minecraft:rotten_flesh":38,"minecraft:enchanted_golden_apple":2,"minecraft:oak_planks":22,"minecraft:cooked_mutton":26,"minecraft:azure_bluet":2,"minecraft:honey_bottle":1,"minecraft:acacia_stairs":1,"minecraft:carrot":64,"minecraft:wind_charge":1,"minecraft:music_disc_creator":1,"minecraft:poppy":10,"minecraft:tipped_arrow":4,"minecraft:trident":1,"minecraft:gunpowder":2,"minecraft:blade_pottery_sherd":1,"minecraft:chainmail_boots":2,"minecraft:breeze_rod":8,"minecraft:painting":2,"minecraft:arrow":67,"minecraft:glass":55,"minecraft:enchanting_table":1,"minecraft:stone_hoe":1,"minecraft:enchanted_book":4,"minecraft:water_bucket":2,"minecraft:iron_ingot":2,"minecraft:bread":99,"minecraft:wheat_seeds":18,"travelersbackpack:bookshelf":1,"minecraft:minecart":1,"minecraft:waxed_oxidized_cut_copper_stairs":1,"minecraft:mangrove_propagule":1,"minecraft:iron_helmet":1,"minecraft:cobblestone":6,"minecraft:copper_ingot":1,"minecraft:ominous_trial_key":37,"minecraft:coal":31,"minecraft:acacia_log":24,"minecraft:flow_armor_trim_smithing_template":1,"minecraft:golden_apple":4,"minecraft:stick":35,"minecraft:gray_wool":1,"minecraft:wooden_hoe":1,"minecraft:cooked_salmon":1,"minecraft:fire_charge":5,"minecraft:potion":8,"minecraft:dead_bush":1,"minecraft:flowering_azalea":2,"minecraft:iron_axe":5,"minecraft:string":13,"minecraft:lily_pad":1,"minecraft:bucket":1,"minecraft:acacia_planks":27,"minecraft:spruce_sapling":12,"minecraft:anvil":1,"minecraft:coarse_dirt":1,"minecraft:bamboo_hanging_sign":2,"minecraft:bowl":1,"minecraft:stone_shovel":3,"minecraft:chicken":1,"minecraft:light_gray_wool":2,"minecraft:name_tag":6,"minecraft:hay_block":4,"minecraft:shield":3,"minecraft:oak_button":1,"minecraft:trial_key":5,"minecraft:diamond_chestplate":3,"minecraft:spruce_planks":64,"minecraft:iron_chestplate":3,"minecraft:diamond_pickaxe":8,"minecraft:wooden_shovel":3,"minecraft:miner_pottery_sherd":1,"minecraft:spider_eye":11,"minecraft:rabbit_stew":1,"minecraft:bow":1,"minecraft:stone_pickaxe":39,"minecraft:wooden_pickaxe":1,"minecraft:heartbreak_pottery_sherd":1},"minecraft:picked_up":{"minecraft:iron_chestplate":17,"minecraft:wheat":112,"minecraft:anvil":1,"minecraft:flower_pot":1,"minecraft:smithing_table":11,"minecraft:enchanted_book":8,"minecraft:potion":25,"minecraft:string":304,"minecraft:raw_copper":8,"minecraft:cooked_salmon":4,"minecraft:iron_leggings":11,"minecraft:pufferfish":1,"minecraft:diamond_leggings":6,"minecraft:gold_nugget":58,"minecraft:cobbled_deepslate":52,"minecraft:bucket":9,"minecraft:spruce_planks":12,"minecraft:trial_key":27,"minecraft:white_tulip":6,"minecraft:wooden_shovel":4,"minecraft:iron_pickaxe":11,"minecraft:enchanted_golden_apple":2,"minecraft:melon_slice":66,"minecraft:iron_boots":6,"minecraft:furnace":13,"minecraft:tipped_arrow":636,"minecraft:stick":113,"minecraft:acacia_fence":6,"minecraft:oak_fence":7,"minecraft:torch":51,"minecraft:green_bed":4,"minecraft:acacia_log":153,"travelersbackpack:iron_tier_upgrade":3,"minecraft:porkchop":36,"minecraft:golden_axe":1,"minecraft:waxed_weathered_copper_bulb":1,"minecraft:pointed_dripstone":33,"minecraft:waxed_copper_grate":11,"minecraft:orange_bed":7,"minecraft:stone_sword":2,"minecraft:honey_bottle":4,"minecraft:rotten_flesh":70,"minecraft:iron_block":2,"minecraft:obsidian":2,"minecraft:cod":19,"minecraft:cobblestone":243,"minecraft:enchanting_table":3,"minecraft:feather":4,"minecraft:cooked_beef":48,"minecraft:water_bucket":8,"minecraft:andesite":22,"minecraft:smoker":7,"minecraft:flint":2,"minecraft:lapis_lazuli":113,"minecraft:dirt":147,"minecraft:lantern":8,"minecraft:name_tag":10,"minecraft:glass":289,"travelersbackpack:bookshelf":1,"minecraft:bone":190,"minecraft:acacia_planks":46,"minecraft:bow":19,"minecraft:wheat_seeds":221,"minecraft:orange_tulip":2,"minecraft:grindstone":2,"minecraft:bolt_armor_trim_smithing_template":2,"minecraft:fletching_table":5,"minecraft:diamond_helmet":5,"minecraft:moss_block":4,"minecraft:honeycomb":35,"minecraft:stone_hoe":6,"minecraft:oak_planks":73,"minecraft:cooked_porkchop":46,"minecraft:sand":339,"minecraft:stripped_spruce_log":9,"minecraft:dead_bush":3,"minecraft:loom":9,"minecraft:acacia_stairs":1,"minecraft:diamond_block":3,"minecraft:barrel":1,"travelersbackpack:white_sleeping_bag":10,"minecraft:diamond":7,"minecraft:miner_pottery_sherd":1,"minecraft:writable_book":4,"minecraft:waxed_oxidized_copper_grate":10,"minecraft:cracked_polished_blackstone_bricks":19,"minecraft:breeze_rod":52,"minecraft:crossbow":18,"minecraft:granite":3,"minecraft:bone_meal":3,"minecraft:golden_apple":19,"minecraft:bread":259,"minecraft:emerald":353,"minecraft:rooted_dirt":3,"minecraft:oak_sapling":6,"minecraft:netherrack":1241,"minecraft:ominous_trial_key":52,"minecraft:diamond_pickaxe":19,"minecraft:fishing_rod":2,"minecraft:coarse_dirt":53,"minecraft:crafting_table":15,"minecraft:azure_bluet":4,"minecraft:ominous_bottle":10,"minecraft:chicken":7,"minecraft:ladder":1,"minecraft:rabbit_stew":1,"minecraft:music_disc_creator":2,"minecraft:shield":26,"minecraft:brick":114,"minecraft:wind_charge":113,"minecraft:cornflower":1,"minecraft:red_bed":1,"minecraft:iron_axe":9,"minecraft:flint_and_steel":8,"minecraft:netherite_scrap":4,"minecraft:item_frame":5,"minecraft:compass":4,"minecraft:iron_shovel":2,"minecraft:blackstone":109,"minecraft:cartography_table":12,"minecraft:beef":29,"minecraft:oak_boat":8,"minecraft:sugar_cane":5,"minecraft:chiseled_tuff":1,"minecraft:guster_pottery_sherd":2,"minecraft:iron_nugget":2,"minecraft:poppy":14,"minecraft:light_gray_wool":8,"minecraft:spruce_slab":5,"minecraft:lectern":128,"minecraft:minecart":5,"minecraft:chest":2,"minecraft:spruce_trapdoor":2,"minecraft:waxed_oxidized_copper":2,"minecraft:egg":17,"minecraft:raw_iron":42,"minecraft:bamboo_hanging_sign":2,"minecraft:copper_ingot":1,"minecraft:bowl":1,"minecraft:fire_charge":17,"minecraft:polished_blackstone_bricks":180,"minecraft:stone_button":4,"minecraft:trident":6,"minecraft:carrot":152,"minecraft:redstone":23,"minecraft:arrow":2073,"minecraft:diamond_chestplate":10,"minecraft:stone_shovel":1,"minecraft:decorated_pot":29,"minecraft:peony":1,"minecraft:diamond_boots":6,"minecraft:hay_block":48,"minecraft:waxed_oxidized_cut_copper_stairs":4,"minecraft:gold_ingot":15,"minecraft:flow_armor_trim_smithing_template":6,"minecraft:tuff_bricks":77,"minecraft:glow_berries":5,"minecraft:mutton":44,"minecraft:oxeye_daisy":1,"minecraft:white_wool":32,"minecraft:bone_block":17,"minecraft:rail":11,"minecraft:heartbreak_pottery_sherd":1,"minecraft:basalt":21,"minecraft:golden_carrot":12,"minecraft:glow_ink_sac":7,"minecraft:salmon":7,"minecraft:leather":71,"minecraft:red_glazed_terracotta":1,"minecraft:red_mushroom":1,"minecraft:acacia_wood":2,"minecraft:waxed_copper_bulb":2,"minecraft:oak_log":46,"minecraft:waxed_copper_block":23,"minecraft:lily_pad":1,"minecraft:ancient_debris":1,"minecraft:gunpowder":2,"minecraft:cooked_mutton":54,"minecraft:red_carpet":3,"minecraft:apple":6,"minecraft:stone_bricks":4,"minecraft:spore_blossom":1,"minecraft:iron_ingot":135,"minecraft:cooked_chicken":19,"minecraft:blade_pottery_sherd":1,"minecraft:glass_bottle":9,"minecraft:acacia_sapling":13,"minecraft:iron_sword":6,"minecraft:flowering_azalea":2,"minecraft:book":24,"minecraft:oak_slab":4,"minecraft:stone_brick_slab":2,"minecraft:quartz":133,"minecraft:spyglass":5,"minecraft:dripstone_block":2,"minecraft:gravel":17,"minecraft:amethyst_shard":3,"minecraft:spruce_sapling":125,"minecraft:blast_furnace":1,"minecraft:white_bed":6,"minecraft:spruce_log":954,"minecraft:spider_eye":53,"minecraft:polished_tuff":10,"travelersbackpack:standard":40,"minecraft:slime_ball":820,"minecraft:stone_axe":4,"minecraft:iron_helmet":12,"minecraft:diamond_axe":16,"minecraft:painting":2,"minecraft:gray_wool":1,"minecraft:oak_button":2,"minecraft:terracotta":302,"minecraft:baked_potato":72,"minecraft:acacia_slab":2,"minecraft:coal":658,"minecraft:mangrove_propagule":1,"minecraft:chiseled_tuff_bricks":8},"minecraft:custom":{"minecraft:animals_bred":1,"minecraft:interact_with_crafting_table":133,"minecraft:open_barrel":27,"minecraft:eat_cake_slice":2,"minecraft:leave_game":14,"minecraft:time_since_death":198623,"minecraft:sprint_one_cm":1900460,"minecraft:damage_blocked_by_shield":5836,"minecraft:drop":412,"minecraft:talked_to_villager":446,"minecraft:play_time":1351670,"minecraft:deaths":17,"minecraft:jump":10516,"minecraft:walk_on_water_one_cm":82300,"minecraft:interact_with_furnace":175,"minecraft:traded_with_villager":368,"minecraft:sleep_in_bed":33,"minecraft:damage_dealt":64717,"minecraft:crouch_one_cm":56392,"minecraft:interact_with_smithing_table":12,"minecraft:inspect_dispenser":51,"minecraft:interact_with_anvil":1,"minecraft:mob_kills":688,"minecraft:climb_one_cm":64148,"minecraft:walk_one_cm":2608786,"minecraft:sneak_time":21986,"minecraft:walk_under_water_one_cm":77332,"minecraft:boat_one_cm":127090,"minecraft:total_world_time":1351670,"minecraft:interact_with_grindstone":2,"minecraft:interact_with_stonecutter":1,"minecraft:time_since_rest":58573,"minecraft:damage_taken":23671,"minecraft:damage_absorbed":100,"minecraft:swim_one_cm":151951,"minecraft:fly_one_cm":1854223,"minecraft:open_chest":533,"minecraft:fish_caught":17,"minecraft:fall_one_cm":293057},"minecraft:broken":{"minecraft:iron_shovel":1,"minecraft:wooden_shovel":1,"minecraft:diamond_helmet":1,"minecraft:iron_boots":2,"minecraft:iron_chestplate":1,"minecraft:iron_leggings":1,"minecraft:stone_pickaxe":1,"minecraft:diamond_boots":1,"minecraft:stone_axe":2,"minecraft:wooden_axe":1,"minecraft:shield":1,"minecraft:golden_axe":1,"minecraft:iron_helmet":3},"minecraft:killed":{"minecraft:cave_spider":1,"minecraft:zombified_piglin":2,"minecraft:spider":67,"minecraft:skeleton":23,"minecraft:chicken":5,"minecraft:silverfish":9,"minecraft:piglin_brute":2,"minecraft:piglin":3,"minecraft:pig":15,"minecraft:zombie_villager":1,"minecraft:iron_golem":1,"minecraft:creeper":9,"minecraft:sheep":29,"minecraft:zombie":43,"minecraft:stray":125,"minecraft:cow":18,"minecraft:armadillo":1,"minecraft:slime":284,"minecraft:phantom":3,"minecraft:drowned":7,"minecraft:hoglin":1,"minecraft:breeze":21,"minecraft:villager":1},"minecraft:mined":{"minecraft:spruce_planks":3,"minecraft:white_bed":4,"minecraft:obsidian":4,"minecraft:spruce_trapdoor":3,"minecraft:granite":2,"minecraft:acacia_log":65,"minecraft:grass_block":41,"minecraft:cracked_polished_blackstone_bricks":7,"minecraft:chiseled_tuff_bricks":1,"minecraft:oxeye_daisy":2,"minecraft:tuff_bricks":22,"minecraft:spawner":2,"minecraft:polished_blackstone_bricks":56,"minecraft:iron_ore":33,"minecraft:fire":23,"minecraft:cobbled_deepslate":8,"minecraft:polished_tuff":2,"minecraft:anvil":1,"minecraft:deepslate_lapis_ore":5,"minecraft:fletching_table":4,"minecraft:azure_bluet":2,"minecraft:enchanting_table":2,"minecraft:pointed_dripstone":11,"minecraft:dirt_path":15,"minecraft:spruce_slab":4,"minecraft:green_bed":14,"minecraft:tripwire":1,"minecraft:orange_bed":7,"minecraft:deepslate_redstone_ore":5,"minecraft:red_bed":1,"minecraft:blackstone":67,"minecraft:smoker":3,"minecraft:torch":7,"minecraft:blast_furnace":1,"minecraft:melon":2,"minecraft:poppy":2,"minecraft:chest":1,"minecraft:glass":8,"minecraft:nether_quartz_ore":59,"minecraft:cobblestone":7,"minecraft:oak_planks":2,"minecraft:sugar_cane":3,"minecraft:wall_torch":4,"minecraft:acacia_sapling":1,"minecraft:wheat":59,"minecraft:waxed_copper_block":1,"minecraft:orange_tulip":1,"minecraft:oak_log":41,"minecraft:waxed_oxidized_copper":2,"minecraft:acacia_fence":6,"minecraft:sand":336,"minecraft:dirt":108,"minecraft:ancient_debris":1,"minecraft:netherrack":1120,"minecraft:oak_leaves":81,"minecraft:deepslate":50,"minecraft:nether_gold_ore":13,"minecraft:deepslate_diamond_ore":4,"minecraft:red_stained_glass":1,"minecraft:ladder":1,"minecraft:decorated_pot":22,"minecraft:acacia_slab":1,"minecraft:spruce_leaves":60,"minecraft:red_mushroom":1,"minecraft:cartography_table":9,"minecraft:moss_block":5,"minecraft:large_fern":5,"minecraft:hay_block":38,"minecraft:spore_blossom":1,"minecraft:furnace":6,"minecraft:carrots":45,"minecraft:acacia_wood":1,"minecraft:acacia_stairs":1,"minecraft:andesite":23,"minecraft:stripped_spruce_log":10,"minecraft:peony":1,"minecraft:bookshelf":8,"minecraft:deepslate_iron_ore":2,"minecraft:rail":1,"minecraft:lantern":2,"minecraft:white_tulip":3,"minecraft:waxed_weathered_copper_bulb":1,"minecraft:stone":146,"minecraft:bone_block":19,"minecraft:smithing_table":10,"minecraft:oak_slab":1,"minecraft:acacia_leaves":13,"minecraft:basalt":5,"minecraft:stone_brick_slab":2,"minecraft:dandelion":3,"travelersbackpack:standard":18,"minecraft:oak_fence":2,"minecraft:crafting_table":10,"minecraft:cornflower":1,"minecraft:short_grass":260,"minecraft:lectern":127,"minecraft:copper_ore":1,"minecraft:tall_grass":24,"minecraft:lapis_ore":8,"minecraft:lily_pad":1,"minecraft:coarse_dirt":55,"minecraft:waxed_oxidized_copper_grate":1,"minecraft:spruce_log":740,"minecraft:birch_leaves":3,"minecraft:coal_ore":192,"minecraft:flower_pot":1,"minecraft:gravel":15,"minecraft:dripstone_block":1,"minecraft:cobweb":52,"minecraft:terracotta":170,"minecraft:oak_button":1,"minecraft:acacia_planks":18,"minecraft:stone_bricks":4,"minecraft:small_dripleaf":1,"minecraft:fern":1}},"DataVersion":3953}