{"stats":{"minecraft:used":{"minecraft:stone_sword":73,"minecraft:stone_shovel":34,"minecraft:shield":147,"minecraft:torch":18,"minecraft:dirt":1,"minecraft:granite":1,"minecraft:wooden_axe":41,"minecraft:iron_axe":14,"minecraft:furnace":3,"minecraft:oak_sapling":1,"minecraft:cooked_beef":1,"minecraft:cobbled_deepslate":4,"minecraft:cooked_mutton":7,"minecraft:water_bucket":3,"minecraft:stone_pickaxe":131,"minecraft:wooden_pickaxe":6,"minecraft:sand":1,"minecraft:crafting_table":7,"minecraft:white_bed":2,"minecraft:dripstone_block":1,"minecraft:oak_log":1,"minecraft:melon_slice":18,"minecraft:bread":15,"minecraft:iron_pickaxe":116,"minecraft:stone_axe":55,"minecraft:cobblestone":45,"minecraft:bucket":3,"minecraft:coarse_dirt":1},"minecraft:broken":{"minecraft:stone_pickaxe":1,"minecraft:wooden_axe":1},"minecraft:crafted":{"minecraft:oak_planks":16,"minecraft:stone_shovel":1,"minecraft:furnace":3,"minecraft:cooked_mutton":12,"minecraft:glass":20,"travelersbackpack:white_sleeping_bag":5,"minecraft:stone_pickaxe":1,"minecraft:chest":3,"minecraft:cooked_beef":1,"minecraft:crafting_table":2,"travelersbackpack:backpack_tank":5,"minecraft:wooden_pickaxe":1,"travelersbackpack:standard":2,"minecraft:stone_axe":1,"minecraft:air":0,"minecraft:stick":20,"minecraft:iron_ingot":6,"minecraft:iron_pickaxe":1,"minecraft:wooden_axe":1,"minecraft:stone_sword":1,"minecraft:white_bed":1,"minecraft:acacia_planks":24,"minecraft:torch":20},"minecraft:killed":{"minecraft:cave_spider":1,"minecraft:spider":1,"minecraft:slime":28,"minecraft:chicken":4,"minecraft:pig":3,"minecraft:creeper":1,"minecraft:sheep":20,"minecraft:zombie":3,"minecraft:stray":11,"minecraft:cow":16},"minecraft:custom":{"minecraft:mob_kills":90,"minecraft:interact_with_crafting_table":29,"minecraft:open_barrel":1,"minecraft:time_since_death":21083,"minecraft:climb_one_cm":1148,"minecraft:sprint_one_cm":239051,"minecraft:walk_one_cm":198483,"minecraft:damage_blocked_by_shield":380,"minecraft:drop":18,"minecraft:talked_to_villager":1,"minecraft:play_time":82632,"minecraft:deaths":1,"minecraft:sneak_time":3327,"minecraft:walk_under_water_one_cm":848,"minecraft:jump":1152,"minecraft:walk_on_water_one_cm":4505,"minecraft:total_world_time":82632,"minecraft:interact_with_furnace":37,"minecraft:interact_with_stonecutter":1,"minecraft:sleep_in_bed":2,"minecraft:time_since_rest":21124,"minecraft:damage_taken":1814,"minecraft:damage_dealt":6650,"minecraft:swim_one_cm":18072,"minecraft:fly_one_cm":206766,"minecraft:open_chest":2,"minecraft:crouch_one_cm":7602,"minecraft:fall_one_cm":29754,"minecraft:inspect_dispenser":3},"minecraft:mined":{"minecraft:white_bed":2,"minecraft:granite":2,"minecraft:acacia_log":6,"minecraft:grass_block":1,"minecraft:decorated_pot":7,"minecraft:moss_block":1,"minecraft:tuff_bricks":5,"minecraft:spawner":2,"minecraft:furnace":1,"minecraft:iron_ore":11,"minecraft:pointed_dripstone":11,"minecraft:waxed_weathered_copper_bulb":1,"minecraft:stone":105,"travelersbackpack:standard":1,"minecraft:oak_fence":2,"minecraft:crafting_table":6,"minecraft:short_grass":17,"minecraft:cobblestone":6,"minecraft:copper_ore":1,"minecraft:lapis_ore":5,"minecraft:lily_pad":1,"minecraft:sugar_cane":3,"minecraft:oak_planks":2,"minecraft:coarse_dirt":1,"minecraft:waxed_copper_block":1,"minecraft:coal_ore":91,"minecraft:oak_log":10,"minecraft:flower_pot":1,"minecraft:sand":31,"minecraft:dripstone_block":1,"minecraft:cobweb":37,"minecraft:oak_button":1,"minecraft:small_dripleaf":1,"minecraft:oak_leaves":4,"minecraft:deepslate":9},"minecraft:dropped":{"minecraft:iron_ingot":2,"minecraft:wheat_seeds":3,"minecraft:mangrove_propagule":1,"travelersbackpack:standard":2,"minecraft:lily_pad":1,"minecraft:stone_axe":1,"minecraft:iron_nugget":1,"minecraft:stone_shovel":1,"minecraft:rotten_flesh":3,"minecraft:cooked_mutton":4,"minecraft:blade_pottery_sherd":1,"minecraft:miner_pottery_sherd":1,"minecraft:spider_eye":3,"minecraft:wooden_pickaxe":1,"minecraft:heartbreak_pottery_sherd":1},"minecraft:picked_up":{"minecraft:crafting_table":7,"minecraft:coarse_dirt":1,"minecraft:iron_chestplate":1,"minecraft:chicken":4,"minecraft:brick":22,"minecraft:shield":1,"minecraft:string":56,"minecraft:raw_copper":8,"minecraft:iron_axe":1,"minecraft:flint_and_steel":2,"minecraft:iron_leggings":1,"minecraft:cobbled_deepslate":4,"minecraft:beef":23,"minecraft:trial_key":2,"minecraft:iron_nugget":2,"minecraft:light_gray_wool":2,"minecraft:iron_pickaxe":1,"minecraft:guster_pottery_sherd":2,"minecraft:melon_slice":38,"minecraft:sugar_cane":5,"minecraft:chest":1,"minecraft:iron_boots":1,"minecraft:furnace":2,"minecraft:tipped_arrow":8,"minecraft:stick":2,"minecraft:raw_iron":19,"minecraft:oak_fence":4,"minecraft:torch":7,"minecraft:acacia_log":6,"minecraft:porkchop":5,"minecraft:waxed_weathered_copper_bulb":1,"minecraft:pointed_dripstone":33,"minecraft:stone_sword":1,"minecraft:arrow":20,"minecraft:rotten_flesh":6,"minecraft:stone_shovel":1,"minecraft:decorated_pot":2,"minecraft:gold_ingot":10,"minecraft:tuff_bricks":4,"minecraft:mutton":33,"minecraft:white_wool":19,"minecraft:cobblestone":149,"minecraft:heartbreak_pottery_sherd":1,"minecraft:feather":3,"minecraft:water_bucket":1,"minecraft:leather":29,"minecraft:waxed_copper_block":1,"minecraft:oak_log":15,"minecraft:lily_pad":1,"minecraft:dirt":1,"minecraft:lapis_lazuli":38,"minecraft:cooked_mutton":1,"minecraft:glass":10,"minecraft:bone":11,"minecraft:wheat_seeds":3,"minecraft:iron_ingot":10,"minecraft:cooked_chicken":2,"minecraft:blade_pottery_sherd":1,"minecraft:oak_planks":11,"minecraft:dripstone_block":2,"minecraft:sand":40,"minecraft:white_bed":2,"minecraft:spider_eye":4,"travelersbackpack:standard":2,"minecraft:slime_ball":26,"minecraft:stone_axe":1,"minecraft:miner_pottery_sherd":1,"minecraft:iron_helmet":1,"minecraft:granite":3,"minecraft:gray_wool":1,"minecraft:emerald":10,"minecraft:oak_button":1,"minecraft:bread":119,"minecraft:oak_sapling":1,"minecraft:coal":151,"minecraft:mangrove_propagule":1}},"DataVersion":3953}