{"stats":{"minecraft:picked_up":{"minecraft:iron_chestplate":17,"minecraft:wheat":94,"minecraft:flower_pot":1,"minecraft:anvil":1,"minecraft:smithing_table":4,"minecraft:potion":25,"minecraft:enchanted_book":8,"minecraft:string":289,"minecraft:raw_copper":8,"minecraft:cooked_salmon":4,"minecraft:iron_leggings":9,"minecraft:pufferfish":1,"minecraft:diamond_leggings":6,"minecraft:gold_nugget":58,"minecraft:cobbled_deepslate":39,"minecraft:bucket":7,"minecraft:spruce_planks":2,"minecraft:white_tulip":6,"minecraft:trial_key":27,"minecraft:wooden_shovel":4,"minecraft:iron_pickaxe":11,"minecraft:enchanted_golden_apple":2,"minecraft:melon_slice":66,"minecraft:iron_boots":4,"minecraft:furnace":13,"minecraft:tipped_arrow":636,"minecraft:stick":36,"minecraft:acacia_fence":6,"minecraft:oak_fence":4,"minecraft:torch":49,"minecraft:green_bed":2,"minecraft:acacia_log":151,"travelersbackpack:iron_tier_upgrade":3,"minecraft:porkchop":36,"minecraft:golden_axe":1,"minecraft:waxed_weathered_copper_bulb":1,"minecraft:waxed_copper_grate":11,"minecraft:pointed_dripstone":33,"minecraft:orange_bed":7,"minecraft:stone_sword":2,"minecraft:honey_bottle":4,"minecraft:rotten_flesh":48,"minecraft:iron_block":2,"minecraft:obsidian":2,"minecraft:cod":19,"minecraft:cobblestone":178,"minecraft:enchanting_table":3,"minecraft:feather":3,"minecraft:cooked_beef":48,"minecraft:water_bucket":6,"minecraft:andesite":22,"minecraft:smoker":4,"minecraft:flint":2,"minecraft:lapis_lazuli":113,"minecraft:dirt":131,"minecraft:lantern":3,"minecraft:name_tag":5,"minecraft:glass":147,"travelersbackpack:bookshelf":1,"minecraft:bone":190,"minecraft:acacia_planks":46,"minecraft:bow":19,"minecraft:wheat_seeds":190,"minecraft:orange_tulip":2,"minecraft:grindstone":2,"minecraft:bolt_armor_trim_smithing_template":2,"minecraft:fletching_table":1,"minecraft:diamond_helmet":5,"minecraft:moss_block":4,"minecraft:oak_planks":72,"minecraft:stone_hoe":6,"minecraft:honeycomb":35,"minecraft:cooked_porkchop":39,"minecraft:sand":275,"minecraft:stripped_spruce_log":9,"minecraft:dead_bush":3,"minecraft:loom":3,"minecraft:acacia_stairs":1,"minecraft:diamond_block":3,"minecraft:barrel":1,"travelersbackpack:white_sleeping_bag":10,"minecraft:diamond":7,"minecraft:writable_book":2,"minecraft:miner_pottery_sherd":1,"minecraft:waxed_oxidized_copper_grate":10,"minecraft:cracked_polished_blackstone_bricks":19,"minecraft:granite":3,"minecraft:crossbow":16,"minecraft:breeze_rod":52,"minecraft:bone_meal":3,"minecraft:golden_apple":17,"minecraft:emerald":206,"minecraft:bread":257,"minecraft:rooted_dirt":3,"minecraft:oak_sapling":3,"minecraft:netherrack":1241,"minecraft:ominous_trial_key":52,"minecraft:diamond_pickaxe":17,"minecraft:fishing_rod":2,"minecraft:crafting_table":13,"minecraft:coarse_dirt":2,"minecraft:azure_bluet":4,"minecraft:ominous_bottle":10,"minecraft:chicken":4,"minecraft:ladder":1,"minecraft:rabbit_stew":1,"minecraft:music_disc_creator":2,"minecraft:brick":114,"minecraft:shield":20,"minecraft:wind_charge":113,"minecraft:cornflower":1,"minecraft:red_bed":1,"minecraft:iron_axe":9,"minecraft:flint_and_steel":8,"minecraft:netherite_scrap":4,"minecraft:item_frame":2,"minecraft:compass":4,"minecraft:iron_shovel":2,"minecraft:blackstone":109,"minecraft:cartography_table":10,"minecraft:beef":29,"minecraft:oak_boat":8,"minecraft:chiseled_tuff":1,"minecraft:iron_nugget":2,"minecraft:light_gray_wool":8,"minecraft:lectern":1,"minecraft:guster_pottery_sherd":2,"minecraft:sugar_cane":5,"minecraft:chest":2,"minecraft:waxed_oxidized_copper":2,"minecraft:egg":16,"minecraft:raw_iron":38,"minecraft:bamboo_hanging_sign":2,"minecraft:copper_ingot":1,"minecraft:bowl":1,"minecraft:fire_charge":17,"minecraft:polished_blackstone_bricks":180,"minecraft:stone_button":4,"minecraft:trident":4,"minecraft:arrow":1800,"minecraft:stone_shovel":1,"minecraft:diamond_chestplate":8,"minecraft:decorated_pot":29,"minecraft:diamond_boots":6,"minecraft:hay_block":39,"minecraft:waxed_oxidized_cut_copper_stairs":4,"minecraft:flow_armor_trim_smithing_template":6,"minecraft:gold_ingot":14,"minecraft:tuff_bricks":77,"minecraft:glow_berries":2,"minecraft:mutton":44,"minecraft:heartbreak_pottery_sherd":1,"minecraft:white_wool":32,"minecraft:bone_block":17,"minecraft:rail":8,"minecraft:oxeye_daisy":1,"minecraft:basalt":21,"minecraft:golden_carrot":12,"minecraft:glow_ink_sac":7,"minecraft:salmon":7,"minecraft:leather":57,"minecraft:red_glazed_terracotta":1,"minecraft:red_mushroom":1,"minecraft:acacia_wood":2,"minecraft:waxed_copper_bulb":2,"minecraft:oak_log":28,"minecraft:waxed_copper_block":23,"minecraft:lily_pad":1,"minecraft:ancient_debris":1,"minecraft:gunpowder":1,"minecraft:cooked_mutton":54,"minecraft:stone_bricks":4,"minecraft:iron_ingot":124,"minecraft:cooked_chicken":19,"minecraft:blade_pottery_sherd":1,"minecraft:glass_bottle":8,"minecraft:iron_sword":6,"minecraft:flowering_azalea":2,"minecraft:acacia_sapling":11,"minecraft:stone_brick_slab":2,"minecraft:quartz":133,"minecraft:spyglass":3,"minecraft:dripstone_block":2,"minecraft:gravel":17,"minecraft:amethyst_shard":3,"minecraft:spruce_sapling":1,"minecraft:white_bed":6,"minecraft:spider_eye":50,"minecraft:polished_tuff":10,"travelersbackpack:standard":32,"minecraft:slime_ball":820,"minecraft:stone_axe":1,"minecraft:iron_helmet":10,"minecraft:diamond_axe":13,"minecraft:painting":2,"minecraft:gray_wool":1,"minecraft:oak_button":2,"minecraft:baked_potato":72,"minecraft:acacia_slab":2,"minecraft:coal":656,"minecraft:mangrove_propagule":1,"minecraft:chiseled_tuff_bricks":8},"minecraft:crafted":{"minecraft:oak_planks":80,"minecraft:cooked_mutton":36,"minecraft:glass":103,"minecraft:stone_brick_slab":6,"minecraft:bow":5,"minecraft:iron_boots":1,"minecraft:chest":10,"minecraft:oak_button":1,"minecraft:item_frame":7,"minecraft:wooden_shovel":2,"travelersbackpack:iron_tier_upgrade":2,"minecraft:cooked_porkchop":6,"minecraft:crafting_table":6,"minecraft:spruce_planks":36,"minecraft:iron_helmet":1,"minecraft:wooden_pickaxe":1,"travelersbackpack:standard":5,"minecraft:smithing_table":1,"minecraft:fletching_table":1,"minecraft:iron_chestplate":1,"minecraft:diamond_pickaxe":1,"minecraft:shield":3,"minecraft:stick":136,"minecraft:iron_ingot":7,"minecraft:iron_pickaxe":1,"minecraft:stone_sword":1,"minecraft:acacia_door":3,"minecraft:oak_door":9,"minecraft:stone_shovel":4,"minecraft:furnace":3,"minecraft:bone_meal":87,"travelersbackpack:blank_upgrade":4,"travelersbackpack:white_sleeping_bag":5,"minecraft:iron_axe":2,"minecraft:stone_pickaxe":1,"minecraft:netherite_scrap":2,"minecraft:wheat":234,"minecraft:cooked_beef":14,"minecraft:crossbow":1,"travelersbackpack:backpack_tank":12,"minecraft:iron_sword":3,"minecraft:stone_axe":1,"minecraft:bread":82,"minecraft:air":0,"minecraft:wooden_axe":1,"minecraft:iron_shovel":1,"minecraft:iron_leggings":1,"minecraft:white_bed":3,"minecraft:acacia_planks":348,"minecraft:torch":32},"minecraft:used":{"minecraft:moss_block":9,"minecraft:tuff_bricks":31,"minecraft:writable_book":1,"minecraft:iron_shovel":198,"minecraft:decorated_pot":24,"minecraft:chest":4,"minecraft:shield":437,"minecraft:iron_sword":499,"minecraft:carrot":7,"minecraft:waxed_copper_grate":7,"minecraft:acacia_sapling":8,"minecraft:honey_bottle":2,"minecraft:waxed_oxidized_copper":2,"minecraft:waxed_oxidized_copper_grate":2,"minecraft:iron_helmet":2,"minecraft:stone_bricks":1,"minecraft:item_frame":9,"minecraft:rabbit_stew":1,"minecraft:bow":30,"minecraft:ominous_bottle":3,"minecraft:oak_sapling":1,"minecraft:furnace":9,"minecraft:acacia_fence":6,"minecraft:egg":20,"minecraft:waxed_weathered_copper_bulb":1,"minecraft:stone_pickaxe":131,"minecraft:oak_planks":27,"minecraft:blackstone":37,"minecraft:wooden_pickaxe":6,"minecraft:diamond_axe":478,"minecraft:glow_berries":8,"minecraft:golden_apple":3,"minecraft:white_wool":2,"minecraft:sand":1,"minecraft:crossbow":53,"minecraft:lingering_potion":6,"minecraft:dripstone_block":1,"minecraft:polished_tuff":8,"minecraft:acacia_door":2,"minecraft:melon_slice":24,"minecraft:bread":113,"minecraft:gravel":14,"minecraft:chiseled_tuff_bricks":7,"minecraft:smithing_table":4,"minecraft:andesite":8,"minecraft:coarse_dirt":2,"minecraft:oak_boat":3,"minecraft:waxed_copper_bulb":1,"minecraft:bone_meal":48,"minecraft:trident":10,"minecraft:stone_sword":97,"minecraft:enchanting_table":2,"minecraft:dead_bush":1,"minecraft:acacia_log":3,"minecraft:stone_shovel":187,"minecraft:spruce_planks":8,"minecraft:wooden_shovel":7,"minecraft:trial_key":13,"minecraft:cooked_chicken":10,"minecraft:netherrack":163,"minecraft:oak_door":3,"minecraft:orange_bed":7,"minecraft:torch":42,"minecraft:dirt":38,"minecraft:spyglass":6,"minecraft:granite":1,"minecraft:stone_brick_slab":8,"minecraft:wooden_axe":41,"minecraft:iron_axe":90,"minecraft:rooted_dirt":3,"minecraft:acacia_slab":2,"minecraft:light_gray_wool":2,"minecraft:basalt":20,"minecraft:golden_carrot":9,"minecraft:cooked_beef":19,"minecraft:cobbled_deepslate":18,"minecraft:acacia_planks":4,"minecraft:golden_axe":6,"minecraft:iron_leggings":1,"minecraft:wheat_seeds":60,"minecraft:cooked_mutton":39,"minecraft:water_bucket":24,"minecraft:cartography_table":6,"minecraft:baked_potato":28,"minecraft:green_bed":2,"minecraft:fletching_table":1,"minecraft:red_glazed_terracotta":1,"minecraft:waxed_copper_block":2,"minecraft:polished_blackstone_bricks":68,"minecraft:crafting_table":17,"minecraft:red_bed":1,"minecraft:white_bed":9,"minecraft:smoker":2,"minecraft:oak_log":3,"minecraft:flower_pot":1,"minecraft:diamond_pickaxe":1565,"minecraft:ominous_trial_key":8,"minecraft:wind_charge":42,"minecraft:cracked_polished_blackstone_bricks":12,"minecraft:iron_pickaxe":159,"minecraft:map":4,"travelersbackpack:white_sleeping_bag":1,"minecraft:stone_axe":55,"minecraft:fishing_rod":38,"travelersbackpack:standard":40,"minecraft:cobblestone":74,"minecraft:potion":3,"minecraft:cooked_porkchop":26,"minecraft:bucket":25,"minecraft:splash_potion":5},"minecraft:mined":{"minecraft:spruce_planks":1,"minecraft:white_bed":4,"minecraft:obsidian":4,"minecraft:granite":2,"minecraft:acacia_log":65,"minecraft:grass_block":30,"minecraft:cracked_polished_blackstone_bricks":7,"minecraft:chiseled_tuff_bricks":1,"minecraft:oxeye_daisy":2,"minecraft:tuff_bricks":22,"minecraft:spawner":2,"minecraft:polished_blackstone_bricks":56,"minecraft:iron_ore":28,"minecraft:fire":23,"minecraft:cobbled_deepslate":8,"minecraft:polished_tuff":2,"minecraft:anvil":1,"minecraft:deepslate_lapis_ore":5,"minecraft:azure_bluet":2,"minecraft:enchanting_table":2,"minecraft:pointed_dripstone":11,"minecraft:dirt_path":15,"minecraft:green_bed":11,"minecraft:orange_bed":7,"minecraft:red_bed":1,"minecraft:blackstone":67,"minecraft:smoker":2,"minecraft:torch":7,"minecraft:poppy":2,"minecraft:melon":2,"minecraft:chest":1,"minecraft:nether_quartz_ore":59,"minecraft:cobblestone":7,"minecraft:oak_planks":2,"minecraft:sugar_cane":3,"minecraft:wall_torch":1,"minecraft:acacia_sapling":1,"minecraft:wheat":59,"minecraft:orange_tulip":1,"minecraft:waxed_copper_block":1,"minecraft:oak_log":23,"minecraft:waxed_oxidized_copper":2,"minecraft:acacia_fence":6,"minecraft:sand":275,"minecraft:dirt":103,"minecraft:ancient_debris":1,"minecraft:netherrack":1120,"minecraft:oak_leaves":4,"minecraft:deepslate":41,"minecraft:nether_gold_ore":13,"minecraft:deepslate_diamond_ore":4,"minecraft:ladder":1,"minecraft:decorated_pot":22,"minecraft:acacia_slab":1,"minecraft:red_mushroom":1,"minecraft:spruce_leaves":15,"minecraft:cartography_table":7,"minecraft:moss_block":5,"minecraft:hay_block":29,"minecraft:furnace":6,"minecraft:acacia_wood":1,"minecraft:acacia_stairs":1,"minecraft:andesite":23,"minecraft:stripped_spruce_log":10,"minecraft:deepslate_iron_ore":2,"minecraft:lantern":2,"minecraft:white_tulip":3,"minecraft:waxed_weathered_copper_bulb":1,"minecraft:stone":135,"minecraft:bone_block":19,"minecraft:smithing_table":3,"minecraft:acacia_leaves":13,"minecraft:basalt":5,"minecraft:stone_brick_slab":2,"minecraft:dandelion":3,"travelersbackpack:standard":15,"minecraft:oak_fence":2,"minecraft:cornflower":1,"minecraft:crafting_table":9,"minecraft:short_grass":52,"minecraft:copper_ore":1,"minecraft:tall_grass":14,"minecraft:lapis_ore":8,"minecraft:lily_pad":1,"minecraft:coarse_dirt":2,"minecraft:waxed_oxidized_copper_grate":1,"minecraft:coal_ore":175,"minecraft:gravel":15,"minecraft:flower_pot":1,"minecraft:dripstone_block":1,"minecraft:cobweb":52,"minecraft:oak_button":1,"minecraft:acacia_planks":18,"minecraft:stone_bricks":4,"minecraft:small_dripleaf":1,"minecraft:fern":1},"minecraft:broken":{"minecraft:diamond_helmet":1,"minecraft:iron_boots":1,"minecraft:iron_chestplate":1,"minecraft:iron_leggings":1,"minecraft:stone_pickaxe":1,"minecraft:diamond_boots":1,"minecraft:wooden_axe":1,"minecraft:shield":1,"minecraft:golden_axe":1,"minecraft:iron_helmet":2},"minecraft:killed_by":{"minecraft:piglin_brute":1,"minecraft:zombie":1,"minecraft:player":3,"minecraft:stray":4,"minecraft:hoglin":1},"minecraft:custom":{"minecraft:animals_bred":1,"minecraft:interact_with_crafting_table":90,"minecraft:open_barrel":27,"minecraft:eat_cake_slice":2,"minecraft:leave_game":7,"minecraft:time_since_death":178252,"minecraft:sprint_one_cm":1539881,"minecraft:damage_blocked_by_shield":5836,"minecraft:drop":292,"minecraft:talked_to_villager":7,"minecraft:play_time":974578,"minecraft:deaths":15,"minecraft:jump":8752,"minecraft:walk_on_water_one_cm":76554,"minecraft:interact_with_furnace":113,"minecraft:sleep_in_bed":19,"minecraft:damage_dealt":58970,"minecraft:crouch_one_cm":47419,"minecraft:inspect_dispenser":44,"minecraft:interact_with_smithing_table":9,"minecraft:interact_with_anvil":1,"minecraft:mob_kills":657,"minecraft:climb_one_cm":33531,"minecraft:walk_one_cm":1723033,"minecraft:sneak_time":18093,"minecraft:walk_under_water_one_cm":77090,"minecraft:boat_one_cm":127090,"minecraft:total_world_time":974578,"minecraft:interact_with_grindstone":1,"minecraft:interact_with_stonecutter":1,"minecraft:time_since_rest":35766,"minecraft:damage_taken":20108,"minecraft:damage_absorbed":100,"minecraft:swim_one_cm":151951,"minecraft:fly_one_cm":1558115,"minecraft:open_chest":330,"minecraft:fish_caught":17,"minecraft:fall_one_cm":259820},"minecraft:killed":{"minecraft:cave_spider":1,"minecraft:zombified_piglin":2,"minecraft:spider":60,"minecraft:skeleton":20,"minecraft:chicken":4,"minecraft:silverfish":9,"minecraft:piglin_brute":2,"minecraft:piglin":3,"minecraft:pig":15,"minecraft:zombie_villager":1,"minecraft:creeper":6,"minecraft:sheep":29,"minecraft:zombie":28,"minecraft:stray":125,"minecraft:cow":18,"minecraft:armadillo":1,"minecraft:slime":284,"minecraft:phantom":3,"minecraft:drowned":7,"minecraft:hoglin":1,"minecraft:breeze":21},"minecraft:dropped":{"minecraft:iron_sword":1,"minecraft:porkchop":2,"minecraft:ominous_bottle":2,"minecraft:diamond_axe":1,"minecraft:cooked_beef":5,"minecraft:baked_potato":32,"minecraft:glow_ink_sac":7,"minecraft:glass_bottle":8,"minecraft:diamond":1,"minecraft:cooked_porkchop":3,"minecraft:decorated_pot":1,"minecraft:orange_tulip":1,"minecraft:crossbow":2,"minecraft:glow_berries":12,"minecraft:lantern":3,"travelersbackpack:iron_tier_upgrade":1,"travelersbackpack:standard":7,"minecraft:red_mushroom":1,"minecraft:dirt":5,"minecraft:netherite_scrap":1,"minecraft:stone_button":2,"minecraft:cornflower":1,"minecraft:bolt_armor_trim_smithing_template":2,"minecraft:iron_pickaxe":2,"minecraft:fishing_rod":1,"minecraft:white_wool":1,"minecraft:bone":3,"minecraft:oak_door":2,"minecraft:stone_axe":1,"minecraft:diamond_block":1,"minecraft:iron_nugget":1,"minecraft:wheat":1,"minecraft:obsidian":2,"minecraft:rotten_flesh":27,"minecraft:enchanted_golden_apple":2,"minecraft:oak_planks":18,"minecraft:cooked_mutton":26,"minecraft:azure_bluet":2,"minecraft:honey_bottle":1,"minecraft:acacia_stairs":1,"minecraft:wind_charge":1,"minecraft:music_disc_creator":1,"minecraft:tipped_arrow":4,"minecraft:trident":1,"minecraft:gunpowder":1,"minecraft:blade_pottery_sherd":1,"minecraft:breeze_rod":8,"minecraft:painting":2,"minecraft:arrow":67,"minecraft:glass":26,"minecraft:enchanting_table":1,"minecraft:stone_hoe":1,"minecraft:enchanted_book":4,"minecraft:iron_ingot":2,"minecraft:bread":99,"minecraft:wheat_seeds":17,"travelersbackpack:bookshelf":1,"minecraft:waxed_oxidized_cut_copper_stairs":1,"minecraft:mangrove_propagule":1,"minecraft:iron_helmet":1,"minecraft:cobblestone":6,"minecraft:copper_ingot":1,"minecraft:ominous_trial_key":37,"minecraft:acacia_log":24,"minecraft:flow_armor_trim_smithing_template":1,"minecraft:coal":31,"minecraft:golden_apple":4,"minecraft:stick":35,"minecraft:gray_wool":1,"minecraft:fire_charge":5,"minecraft:potion":8,"minecraft:dead_bush":1,"minecraft:flowering_azalea":2,"minecraft:iron_axe":5,"minecraft:string":13,"minecraft:lily_pad":1,"minecraft:bucket":1,"minecraft:acacia_planks":27,"minecraft:anvil":1,"minecraft:bamboo_hanging_sign":2,"minecraft:bowl":1,"minecraft:stone_shovel":3,"minecraft:light_gray_wool":2,"minecraft:name_tag":2,"minecraft:hay_block":4,"minecraft:shield":3,"minecraft:oak_button":1,"minecraft:trial_key":5,"minecraft:diamond_chestplate":3,"minecraft:iron_chestplate":3,"minecraft:diamond_pickaxe":8,"minecraft:wooden_shovel":3,"minecraft:miner_pottery_sherd":1,"minecraft:spider_eye":11,"minecraft:rabbit_stew":1,"minecraft:bow":1,"minecraft:wooden_pickaxe":1,"minecraft:heartbreak_pottery_sherd":1}},"DataVersion":3953}