{"stats":{"minecraft:killed_by":{"minecraft:zombie":1,"minecraft:player":2,"minecraft:stray":3},"minecraft:killed":{"minecraft:cave_spider":1,"minecraft:spider":4,"minecraft:skeleton":18,"minecraft:chicken":4,"minecraft:silverfish":2,"minecraft:piglin":1,"minecraft:pig":13,"minecraft:zombie_villager":1,"minecraft:creeper":5,"minecraft:sheep":28,"minecraft:zombie":22,"minecraft:stray":72,"minecraft:cow":17,"minecraft:armadillo":1,"minecraft:slime":179,"minecraft:phantom":3,"minecraft:drowned":7,"minecraft:breeze":11},"minecraft:used":{"minecraft:moss_block":9,"minecraft:tuff_bricks":11,"minecraft:decorated_pot":7,"minecraft:chest":4,"minecraft:shield":345,"minecraft:iron_sword":163,"minecraft:acacia_sapling":6,"minecraft:waxed_copper_grate":2,"minecraft:honey_bottle":2,"minecraft:iron_helmet":2,"minecraft:bow":29,"minecraft:ominous_bottle":2,"minecraft:furnace":6,"minecraft:oak_sapling":1,"minecraft:acacia_fence":6,"minecraft:egg":20,"minecraft:waxed_weathered_copper_bulb":1,"minecraft:stone_pickaxe":131,"minecraft:oak_planks":27,"minecraft:wooden_pickaxe":6,"minecraft:diamond_axe":289,"minecraft:golden_apple":3,"minecraft:white_wool":2,"minecraft:glow_berries":5,"minecraft:sand":1,"minecraft:dripstone_block":1,"minecraft:lingering_potion":6,"minecraft:polished_tuff":5,"minecraft:melon_slice":18,"minecraft:bread":91,"minecraft:gravel":14,"minecraft:chiseled_tuff_bricks":1,"minecraft:smithing_table":4,"minecraft:oak_boat":3,"minecraft:coarse_dirt":2,"minecraft:bone_meal":48,"minecraft:waxed_copper_bulb":1,"minecraft:stone_sword":97,"minecraft:acacia_log":3,"minecraft:stone_shovel":187,"minecraft:spruce_planks":8,"minecraft:netherrack":91,"minecraft:cooked_chicken":7,"minecraft:trial_key":7,"minecraft:oak_door":3,"minecraft:orange_bed":2,"minecraft:torch":41,"minecraft:dirt":30,"minecraft:granite":1,"minecraft:wooden_axe":41,"minecraft:iron_axe":90,"minecraft:rooted_dirt":3,"minecraft:light_gray_wool":2,"minecraft:golden_carrot":7,"minecraft:acacia_planks":3,"minecraft:cooked_beef":9,"minecraft:cobbled_deepslate":18,"minecraft:iron_leggings":1,"minecraft:wheat_seeds":39,"minecraft:cooked_mutton":26,"minecraft:water_bucket":21,"minecraft:baked_potato":6,"minecraft:cartography_table":5,"minecraft:fletching_table":1,"minecraft:red_glazed_terracotta":1,"minecraft:waxed_copper_block":2,"minecraft:polished_blackstone_bricks":1,"minecraft:crafting_table":13,"minecraft:red_bed":1,"minecraft:white_bed":6,"minecraft:oak_log":3,"minecraft:diamond_pickaxe":220,"minecraft:ominous_trial_key":5,"minecraft:wind_charge":17,"minecraft:iron_pickaxe":159,"minecraft:stone_axe":55,"minecraft:fishing_rod":38,"minecraft:potion":1,"minecraft:cobblestone":66,"travelersbackpack:standard":13,"minecraft:cooked_porkchop":8,"minecraft:bucket":22,"minecraft:splash_potion":3},"minecraft:custom":{"minecraft:animals_bred":1,"minecraft:interact_with_crafting_table":65,"minecraft:open_barrel":25,"minecraft:leave_game":3,"minecraft:time_since_death":4832,"minecraft:sprint_one_cm":856395,"minecraft:damage_blocked_by_shield":3066,"minecraft:drop":206,"minecraft:talked_to_villager":4,"minecraft:play_time":450195,"minecraft:deaths":8,"minecraft:jump":5082,"minecraft:walk_on_water_one_cm":58798,"minecraft:interact_with_furnace":84,"minecraft:sleep_in_bed":7,"minecraft:damage_dealt":34956,"minecraft:crouch_one_cm":28196,"minecraft:inspect_dispenser":30,"minecraft:interact_with_smithing_table":9,"minecraft:mob_kills":396,"minecraft:climb_one_cm":17011,"minecraft:walk_one_cm":875866,"minecraft:sneak_time":9809,"minecraft:walk_under_water_one_cm":43525,"minecraft:boat_one_cm":127090,"minecraft:total_world_time":450195,"minecraft:interact_with_stonecutter":1,"minecraft:time_since_rest":4858,"minecraft:damage_taken":12192,"minecraft:damage_absorbed":100,"minecraft:swim_one_cm":98980,"minecraft:fly_one_cm":849916,"minecraft:open_chest":123,"minecraft:fish_caught":17,"minecraft:fall_one_cm":151357},"minecraft:crafted":{"minecraft:oak_planks":56,"minecraft:cooked_mutton":36,"minecraft:glass":61,"minecraft:bow":5,"minecraft:chest":8,"travelersbackpack:iron_tier_upgrade":2,"minecraft:cooked_porkchop":6,"minecraft:crafting_table":4,"minecraft:spruce_planks":36,"minecraft:wooden_pickaxe":1,"travelersbackpack:standard":3,"minecraft:smithing_table":1,"minecraft:fletching_table":1,"minecraft:iron_chestplate":1,"minecraft:diamond_pickaxe":1,"minecraft:stick":72,"minecraft:iron_ingot":7,"minecraft:iron_pickaxe":1,"minecraft:stone_sword":1,"minecraft:oak_door":9,"minecraft:stone_shovel":4,"minecraft:furnace":3,"minecraft:bone_meal":84,"travelersbackpack:blank_upgrade":4,"travelersbackpack:white_sleeping_bag":5,"minecraft:iron_axe":2,"minecraft:stone_pickaxe":1,"minecraft:wheat":234,"minecraft:cooked_beef":11,"travelersbackpack:backpack_tank":8,"minecraft:iron_sword":3,"minecraft:stone_axe":1,"minecraft:bread":76,"minecraft:air":0,"minecraft:wooden_axe":1,"minecraft:white_bed":3,"minecraft:acacia_planks":100,"minecraft:torch":32},"minecraft:broken":{"minecraft:iron_boots":1,"minecraft:iron_leggings":1,"minecraft:stone_pickaxe":1,"minecraft:wooden_axe":1,"minecraft:iron_helmet":2},"minecraft:dropped":{"minecraft:iron_sword":1,"minecraft:ominous_bottle":1,"minecraft:cooked_beef":4,"minecraft:baked_potato":20,"minecraft:glow_ink_sac":7,"minecraft:glass_bottle":6,"minecraft:diamond":1,"minecraft:cooked_porkchop":3,"minecraft:decorated_pot":1,"travelersbackpack:iron_tier_upgrade":1,"travelersbackpack:standard":4,"minecraft:red_mushroom":1,"minecraft:dirt":1,"minecraft:stone_button":2,"minecraft:bolt_armor_trim_smithing_template":2,"minecraft:iron_pickaxe":2,"minecraft:fishing_rod":1,"minecraft:white_wool":1,"minecraft:bone":2,"minecraft:oak_door":2,"minecraft:stone_axe":1,"minecraft:iron_nugget":1,"minecraft:obsidian":2,"minecraft:rotten_flesh":27,"minecraft:oak_planks":18,"minecraft:cooked_mutton":26,"minecraft:honey_bottle":1,"minecraft:music_disc_creator":1,"minecraft:wind_charge":1,"minecraft:tipped_arrow":4,"minecraft:gunpowder":1,"minecraft:blade_pottery_sherd":1,"minecraft:breeze_rod":8,"minecraft:arrow":67,"minecraft:glass":26,"minecraft:stone_hoe":1,"minecraft:enchanted_book":3,"minecraft:iron_ingot":2,"minecraft:bread":99,"minecraft:wheat_seeds":11,"minecraft:mangrove_propagule":1,"minecraft:iron_helmet":1,"minecraft:cobblestone":6,"minecraft:copper_ingot":1,"minecraft:acacia_log":24,"minecraft:ominous_trial_key":3,"minecraft:golden_apple":4,"minecraft:coal":31,"minecraft:flow_armor_trim_smithing_template":1,"minecraft:stick":34,"minecraft:gray_wool":1,"minecraft:fire_charge":5,"minecraft:potion":7,"minecraft:iron_axe":5,"minecraft:lily_pad":1,"minecraft:acacia_planks":23,"minecraft:bamboo_hanging_sign":2,"minecraft:stone_shovel":3,"minecraft:light_gray_wool":2,"minecraft:name_tag":2,"minecraft:shield":1,"minecraft:oak_button":1,"minecraft:trial_key":5,"minecraft:diamond_chestplate":1,"minecraft:iron_chestplate":2,"minecraft:miner_pottery_sherd":1,"minecraft:spider_eye":3,"minecraft:bow":1,"minecraft:wooden_pickaxe":1,"minecraft:heartbreak_pottery_sherd":1},"minecraft:picked_up":{"minecraft:iron_chestplate":14,"minecraft:wheat":39,"minecraft:smithing_table":3,"minecraft:potion":17,"minecraft:enchanted_book":4,"minecraft:string":114,"minecraft:raw_copper":8,"minecraft:cooked_salmon":4,"minecraft:iron_leggings":8,"minecraft:pufferfish":1,"minecraft:diamond_leggings":2,"minecraft:cobbled_deepslate":18,"minecraft:bucket":3,"minecraft:spruce_planks":2,"minecraft:trial_key":20,"minecraft:iron_pickaxe":11,"minecraft:melon_slice":44,"minecraft:furnace":10,"minecraft:iron_boots":3,"minecraft:tipped_arrow":419,"minecraft:stick":18,"minecraft:acacia_fence":6,"minecraft:oak_fence":4,"minecraft:torch":25,"minecraft:acacia_log":50,"travelersbackpack:iron_tier_upgrade":1,"minecraft:porkchop":26,"minecraft:waxed_weathered_copper_bulb":1,"minecraft:waxed_copper_grate":4,"minecraft:pointed_dripstone":33,"minecraft:orange_bed":2,"minecraft:stone_sword":1,"minecraft:honey_bottle":2,"minecraft:rotten_flesh":42,"minecraft:obsidian":2,"minecraft:cod":8,"minecraft:cobblestone":170,"minecraft:feather":3,"minecraft:cooked_beef":16,"minecraft:water_bucket":4,"minecraft:flint":2,"minecraft:lapis_lazuli":61,"minecraft:dirt":119,"minecraft:name_tag":5,"minecraft:bone":133,"minecraft:glass":13,"minecraft:bow":15,"minecraft:wheat_seeds":129,"minecraft:bolt_armor_trim_smithing_template":2,"minecraft:diamond_helmet":2,"minecraft:moss_block":4,"minecraft:stone_hoe":6,"minecraft:oak_planks":72,"minecraft:cooked_porkchop":9,"minecraft:sand":84,"minecraft:stripped_spruce_log":9,"travelersbackpack:white_sleeping_bag":6,"minecraft:diamond":5,"minecraft:miner_pottery_sherd":1,"minecraft:waxed_oxidized_copper_grate":8,"minecraft:cracked_polished_blackstone_bricks":7,"minecraft:granite":3,"minecraft:crossbow":3,"minecraft:breeze_rod":36,"minecraft:golden_apple":17,"minecraft:emerald":184,"minecraft:bread":238,"minecraft:rooted_dirt":3,"minecraft:netherrack":110,"minecraft:oak_sapling":2,"minecraft:ominous_trial_key":12,"minecraft:diamond_pickaxe":1,"minecraft:fishing_rod":2,"minecraft:coarse_dirt":2,"minecraft:crafting_table":11,"minecraft:ominous_bottle":7,"minecraft:chicken":4,"minecraft:ladder":1,"minecraft:music_disc_creator":2,"minecraft:brick":34,"minecraft:shield":11,"minecraft:wind_charge":80,"minecraft:red_bed":1,"minecraft:iron_axe":9,"minecraft:flint_and_steel":8,"minecraft:compass":1,"minecraft:blackstone":1,"minecraft:cartography_table":5,"minecraft:beef":23,"minecraft:oak_boat":5,"minecraft:chest":2,"minecraft:chiseled_tuff":1,"minecraft:light_gray_wool":8,"minecraft:iron_nugget":2,"minecraft:guster_pottery_sherd":2,"minecraft:sugar_cane":5,"minecraft:egg":16,"minecraft:raw_iron":19,"minecraft:bamboo_hanging_sign":2,"minecraft:copper_ingot":1,"minecraft:fire_charge":10,"minecraft:polished_blackstone_bricks":42,"minecraft:stone_button":4,"minecraft:stone_shovel":1,"minecraft:arrow":1274,"minecraft:diamond_chestplate":1,"minecraft:decorated_pot":10,"minecraft:diamond_boots":2,"minecraft:hay_block":29,"minecraft:flow_armor_trim_smithing_template":6,"minecraft:gold_ingot":10,"minecraft:tuff_bricks":17,"minecraft:mutton":44,"minecraft:white_wool":28,"minecraft:heartbreak_pottery_sherd":1,"minecraft:basalt":3,"minecraft:golden_carrot":10,"minecraft:glow_ink_sac":7,"minecraft:salmon":7,"minecraft:leather":29,"minecraft:red_glazed_terracotta":1,"minecraft:red_mushroom":1,"minecraft:acacia_wood":2,"minecraft:waxed_copper_bulb":2,"minecraft:oak_log":22,"minecraft:waxed_copper_block":7,"minecraft:lily_pad":1,"minecraft:gunpowder":1,"minecraft:cooked_mutton":35,"minecraft:iron_ingot":74,"minecraft:cooked_chicken":7,"minecraft:blade_pottery_sherd":1,"minecraft:glass_bottle":8,"minecraft:iron_sword":3,"minecraft:acacia_sapling":9,"minecraft:quartz":40,"minecraft:dripstone_block":2,"minecraft:gravel":14,"minecraft:white_bed":3,"minecraft:polished_tuff":7,"minecraft:spider_eye":4,"travelersbackpack:standard":13,"minecraft:slime_ball":654,"minecraft:stone_axe":1,"minecraft:iron_helmet":9,"minecraft:diamond_axe":6,"minecraft:gray_wool":1,"minecraft:oak_button":2,"minecraft:baked_potato":26,"minecraft:mangrove_propagule":1,"minecraft:coal":540,"minecraft:chiseled_tuff_bricks":1},"minecraft:mined":{"minecraft:spruce_planks":1,"minecraft:white_bed":3,"minecraft:obsidian":2,"minecraft:granite":2,"minecraft:acacia_log":43,"minecraft:grass_block":25,"minecraft:cracked_polished_blackstone_bricks":7,"minecraft:tuff_bricks":7,"minecraft:spawner":2,"minecraft:polished_blackstone_bricks":51,"minecraft:iron_ore":11,"minecraft:cobbled_deepslate":8,"minecraft:fire":16,"minecraft:deepslate_lapis_ore":4,"minecraft:pointed_dripstone":11,"minecraft:dirt_path":14,"minecraft:orange_bed":3,"minecraft:blackstone":1,"minecraft:red_bed":1,"minecraft:torch":7,"minecraft:melon":1,"minecraft:chest":1,"minecraft:nether_quartz_ore":25,"minecraft:cobblestone":7,"minecraft:sugar_cane":3,"minecraft:oak_planks":2,"minecraft:acacia_sapling":1,"minecraft:wheat":41,"minecraft:waxed_copper_block":1,"minecraft:oak_log":17,"minecraft:acacia_fence":6,"minecraft:sand":77,"minecraft:dirt":95,"minecraft:netherrack":127,"minecraft:oak_leaves":4,"minecraft:deepslate":13,"minecraft:deepslate_diamond_ore":4,"minecraft:ladder":1,"minecraft:decorated_pot":15,"minecraft:moss_block":5,"minecraft:cartography_table":5,"minecraft:red_mushroom":1,"minecraft:hay_block":25,"minecraft:furnace":3,"minecraft:acacia_wood":1,"minecraft:stripped_spruce_log":10,"minecraft:waxed_weathered_copper_bulb":1,"minecraft:stone":120,"minecraft:smithing_table":3,"minecraft:acacia_leaves":13,"minecraft:basalt":5,"travelersbackpack:standard":9,"minecraft:oak_fence":2,"minecraft:crafting_table":8,"minecraft:short_grass":40,"minecraft:tall_grass":8,"minecraft:copper_ore":1,"minecraft:lapis_ore":5,"minecraft:lily_pad":1,"minecraft:coarse_dirt":2,"minecraft:coal_ore":94,"minecraft:flower_pot":1,"minecraft:gravel":13,"minecraft:dripstone_block":1,"minecraft:cobweb":38,"minecraft:oak_button":1,"minecraft:small_dripleaf":1}},"DataVersion":3953}