{"stats":{"minecraft:broken":{"minecraft:stone_pickaxe":1,"minecraft:stone_axe":2,"minecraft:wooden_sword":1,"minecraft:leather_boots":1,"minecraft:wooden_axe":1},"minecraft:killed_by":{"minecraft:player":4,"minecraft:stray":1,"minecraft:creeper":1,"minecraft:skeleton":1},"minecraft:dropped":{"minecraft:water_bucket":1,"minecraft:bread":3,"minecraft:oak_log":12,"minecraft:crafting_table":1,"minecraft:jungle_planks":1,"minecraft:mangrove_wood":2,"fishofthieves:grubs":1,"minecraft:redstone":9,"minecraft:stone_axe":1,"minecraft:cobbled_deepslate":5,"minecraft:tuff":3,"minecraft:rotten_flesh":34,"supplementaries:ash":8,"minecraft:potato":1,"minecraft:jungle_log":13,"minecraft:acacia_sapling":6,"minecraft:spider_eye":1,"minecraft:arrow":10,"minecraft:stone_pickaxe":2,"minecraft:wooden_pickaxe":2,"minecraft:cyan_bed":1,"naturalist:duck":1},"minecraft:mined":{"blockus:viridite":1,"minecraft:large_amethyst_bud":1,"minecraft:tuff":10,"minecraft:deepslate_diamond_ore":3,"minecraft:mangrove_roots":1,"minecraft:granite":1,"minecraft:acacia_log":17,"terrestria:small_oak_log":6,"minecraft:grass_block":2,"minecraft:jungle_log":13,"geodes:budding_lapis":1,"minecraft:large_fern":3,"minecraft:furnace":2,"minecraft:packed_mud":2,"minecraft:iron_ore":21,"minecraft:acacia_stairs":1,"minecraft:deepslate_lapis_ore":10,"croptopia:squash_crop":1,"minecraft:deepslate_iron_ore":13,"minecraft:small_amethyst_bud":1,"minecraft:stone":62,"minecraft:orange_bed":1,"minecraft:deepslate_redstone_ore":2,"minecraft:medium_amethyst_bud":1,"minecraft:amethyst_cluster":6,"minecraft:crafting_table":10,"minecraft:torch":1,"minecraft:mangrove_wood":2,"minecraft:dead_bush":1,"minecraft:rose_bush":3,"minecraft:tall_grass":2,"minecraft:lapis_ore":3,"minecraft:cyan_bed":4,"minecraft:deepslate_gold_ore":12,"minecraft:wall_torch":1,"minecraft:amethyst_block":2,"supplementaries:urn":4,"minecraft:jungle_wood":2,"minecraft:mangrove_leaves":2,"minecraft:grass":8,"minecraft:oak_log":12,"minecraft:coal_ore":80,"minecraft:sand":10,"blockus:limestone":5,"minecraft:small_dripleaf":2,"minecraft:deepslate":57,"blockus:bluestone":3},"minecraft:killed":{"minecraft:spider":9,"minecraft:skeleton":17,"minecraft:husk":12,"minecraft:creeper":8,"naturalist:hippo":2,"minecraft:zombie":30,"minecraft:stray":10},"minecraft:picked_up":{"blockus:limestone":4,"minecraft:crafting_table":12,"minecraft:iron_chestplate":1,"blockus:bluestone":1,"minecraft:wooden_pickaxe":2,"minecraft:amethyst_block":2,"minecraft:string":4,"minecraft:iron_leggings":1,"minecraft:cobbled_deepslate":74,"minecraft:rose_bush":4,"minecraft:azalea":7,"minecraft:iron_pickaxe":1,"minecraft:furnace":2,"minecraft:stick":6,"minecraft:raw_iron":39,"naturalist:duck":1,"minecraft:torch":5,"minecraft:acacia_log":16,"croptopia:ginger_seed":1,"minecraft:redstone":9,"minecraft:orange_bed":2,"minecraft:arrow":11,"minecraft:rotten_flesh":42,"croptopia:squash_seed":1,"minecraft:mangrove_roots":1,"supplementaries:ash":8,"minecraft:cobblestone":74,"minecraft:jungle_boat":1,"minecraft:feather":2,"minecraft:water_bucket":2,"minecraft:jungle_log":13,"minecraft:jungle_wood":2,"minecraft:potato":1,"fishofthieves:grubs":1,"minecraft:tuff":9,"minecraft:oak_log":12,"croptopia:leek":1,"minecraft:gunpowder":6,"minecraft:lapis_lazuli":81,"minecraft:dirt":1,"minecraft:bone":15,"terrestria:small_oak_log":7,"minecraft:wheat_seeds":1,"croptopia:squash":1,"minecraft:raw_gold":27,"minecraft:iron_ingot":1,"minecraft:stone_pickaxe":1,"minecraft:acacia_sapling":6,"croptopia:ginger":1,"minecraft:jungle_planks":1,"minecraft:sand":11,"minecraft:amethyst_shard":20,"minecraft:cyan_bed":5,"minecraft:spider_eye":1,"blockus:viridite":1,"minecraft:diamond":39,"minecraft:mangrove_wood":2,"minecraft:stone_axe":1,"croptopia:leek_seed":1,"minecraft:iron_helmet":1,"minecraft:granite":1,"minecraft:bread":71,"minecraft:coal":78},"minecraft:crafted":{"minecraft:oak_planks":28,"minecraft:furnace":1,"minecraft:iron_boots":1,"minecraft:iron_axe":1,"minecraft:stone_pickaxe":2,"minecraft:crafting_table":1,"minecraft:wooden_pickaxe":2,"minecraft:iron_helmet":1,"minecraft:iron_sword":1,"minecraft:stone_axe":2,"minecraft:air":0,"minecraft:jungle_planks":8,"minecraft:stick":36,"minecraft:iron_ingot":29,"minecraft:wooden_axe":1,"minecraft:torch":88},"minecraft:used":{"minecraft:acacia_log":1,"minecraft:shield":53,"minecraft:iron_sword":49,"minecraft:rotten_flesh":4,"minecraft:orange_bed":2,"minecraft:torch":88,"minecraft:dirt":1,"minecraft:jungle_planks":1,"blockus:viridite":1,"minecraft:tuff":6,"minecraft:granite":1,"minecraft:wooden_axe":51,"minecraft:iron_axe":3,"minecraft:mangrove_roots":1,"minecraft:furnace":1,"minecraft:cobbled_deepslate":13,"minecraft:water_bucket":24,"minecraft:stone_pickaxe":132,"minecraft:wooden_pickaxe":14,"minecraft:jungle_boat":1,"minecraft:sand":11,"minecraft:crafting_table":10,"minecraft:bread":81,"minecraft:cyan_bed":3,"minecraft:iron_pickaxe":171,"blockus:bluestone":1,"blockus:limestone":4,"minecraft:stone_axe":148,"minecraft:wooden_sword":62,"minecraft:cobblestone":54,"minecraft:bucket":22},"minecraft:custom":{"minecraft:mob_kills":88,"minecraft:interact_with_crafting_table":21,"minecraft:open_barrel":2,"minecraft:leave_game":3,"minecraft:time_since_death":1,"minecraft:sprint_one_cm":448934,"minecraft:walk_one_cm":654494,"minecraft:damage_blocked_by_shield":2295,"minecraft:drop":32,"minecraft:play_time":252938,"minecraft:deaths":7,"minecraft:sneak_time":7901,"minecraft:walk_under_water_one_cm":15262,"minecraft:boat_one_cm":33030,"minecraft:jump":3776,"minecraft:walk_on_water_one_cm":38180,"minecraft:total_world_time":252938,"minecraft:interact_with_furnace":14,"minecraft:sleep_in_bed":5,"minecraft:time_since_rest":47,"minecraft:damage_taken":5421,"minecraft:damage_dealt":16910,"minecraft:swim_one_cm":19844,"minecraft:fly_one_cm":581232,"minecraft:open_chest":12,"minecraft:crouch_one_cm":19300,"minecraft:fall_one_cm":82789}},"DataVersion":3465}