{"stats":{"minecraft:picked_up":{"minecraft:iron_chestplate":17,"minecraft:wheat":45,"minecraft:flower_pot":1,"minecraft:smithing_table":3,"minecraft:potion":23,"minecraft:enchanted_book":8,"minecraft:string":275,"minecraft:raw_copper":8,"minecraft:cooked_salmon":4,"minecraft:iron_leggings":8,"minecraft:pufferfish":1,"minecraft:diamond_leggings":6,"minecraft:gold_nugget":58,"minecraft:cobbled_deepslate":39,"minecraft:bucket":5,"minecraft:spruce_planks":2,"minecraft:trial_key":27,"minecraft:iron_pickaxe":11,"minecraft:enchanted_golden_apple":2,"minecraft:melon_slice":47,"minecraft:furnace":10,"minecraft:iron_boots":3,"minecraft:tipped_arrow":636,"minecraft:stick":32,"minecraft:acacia_fence":6,"minecraft:oak_fence":4,"minecraft:torch":43,"minecraft:acacia_log":107,"travelersbackpack:iron_tier_upgrade":3,"minecraft:porkchop":30,"minecraft:golden_axe":1,"minecraft:waxed_weathered_copper_bulb":1,"minecraft:waxed_copper_grate":11,"minecraft:pointed_dripstone":33,"minecraft:orange_bed":7,"minecraft:stone_sword":2,"minecraft:honey_bottle":4,"minecraft:rotten_flesh":47,"minecraft:iron_block":2,"minecraft:obsidian":2,"minecraft:cod":15,"minecraft:cobblestone":178,"minecraft:feather":3,"minecraft:cooked_beef":48,"minecraft:water_bucket":5,"minecraft:andesite":22,"minecraft:flint":2,"minecraft:lapis_lazuli":113,"minecraft:dirt":125,"travelersbackpack:bookshelf":1,"minecraft:name_tag":5,"minecraft:bone":189,"minecraft:glass":13,"minecraft:acacia_planks":18,"minecraft:bow":19,"minecraft:wheat_seeds":152,"minecraft:bolt_armor_trim_smithing_template":2,"minecraft:diamond_helmet":5,"minecraft:moss_block":4,"minecraft:honeycomb":12,"minecraft:stone_hoe":6,"minecraft:oak_planks":72,"minecraft:cooked_porkchop":39,"minecraft:sand":84,"minecraft:stripped_spruce_log":9,"minecraft:dead_bush":3,"minecraft:diamond_block":3,"travelersbackpack:white_sleeping_bag":8,"minecraft:diamond":7,"minecraft:miner_pottery_sherd":1,"minecraft:waxed_oxidized_copper_grate":10,"minecraft:cracked_polished_blackstone_bricks":19,"minecraft:granite":3,"minecraft:crossbow":14,"minecraft:breeze_rod":52,"minecraft:bone_meal":3,"minecraft:golden_apple":17,"minecraft:emerald":206,"minecraft:bread":257,"minecraft:rooted_dirt":3,"minecraft:oak_sapling":2,"minecraft:netherrack":1241,"minecraft:ominous_trial_key":52,"minecraft:diamond_pickaxe":14,"minecraft:fishing_rod":2,"minecraft:coarse_dirt":2,"minecraft:crafting_table":12,"minecraft:ominous_bottle":10,"minecraft:chicken":4,"minecraft:ladder":1,"minecraft:music_disc_creator":2,"minecraft:brick":114,"minecraft:shield":18,"minecraft:wind_charge":113,"minecraft:red_bed":1,"minecraft:iron_axe":9,"minecraft:flint_and_steel":8,"minecraft:netherite_scrap":4,"minecraft:compass":4,"minecraft:blackstone":109,"minecraft:cartography_table":5,"minecraft:beef":23,"minecraft:oak_boat":8,"minecraft:chiseled_tuff":1,"minecraft:light_gray_wool":8,"minecraft:iron_nugget":2,"minecraft:guster_pottery_sherd":2,"minecraft:sugar_cane":5,"minecraft:chest":2,"minecraft:waxed_oxidized_copper":2,"minecraft:egg":16,"minecraft:raw_iron":38,"minecraft:bamboo_hanging_sign":2,"minecraft:copper_ingot":1,"minecraft:fire_charge":17,"minecraft:polished_blackstone_bricks":180,"minecraft:stone_button":4,"minecraft:trident":2,"minecraft:arrow":1682,"minecraft:stone_shovel":1,"minecraft:diamond_chestplate":5,"minecraft:decorated_pot":29,"minecraft:waxed_oxidized_cut_copper_stairs":1,"minecraft:diamond_boots":6,"minecraft:hay_block":33,"minecraft:flow_armor_trim_smithing_template":6,"minecraft:gold_ingot":14,"minecraft:tuff_bricks":77,"minecraft:mutton":44,"minecraft:rail":8,"minecraft:bone_block":17,"minecraft:white_wool":28,"minecraft:heartbreak_pottery_sherd":1,"minecraft:basalt":21,"minecraft:golden_carrot":12,"minecraft:glow_ink_sac":7,"minecraft:salmon":7,"minecraft:leather":29,"minecraft:red_glazed_terracotta":1,"minecraft:red_mushroom":1,"minecraft:acacia_wood":2,"minecraft:waxed_copper_bulb":2,"minecraft:lily_pad":1,"minecraft:oak_log":22,"minecraft:waxed_copper_block":23,"minecraft:ancient_debris":1,"minecraft:gunpowder":1,"minecraft:cooked_mutton":54,"minecraft:iron_ingot":83,"minecraft:cooked_chicken":17,"minecraft:blade_pottery_sherd":1,"minecraft:glass_bottle":8,"minecraft:iron_sword":6,"minecraft:acacia_sapling":10,"minecraft:quartz":133,"minecraft:dripstone_block":2,"minecraft:gravel":17,"minecraft:white_bed":5,"minecraft:polished_tuff":10,"minecraft:spider_eye":50,"travelersbackpack:standard":24,"minecraft:slime_ball":820,"minecraft:stone_axe":1,"minecraft:iron_helmet":9,"minecraft:diamond_axe":11,"minecraft:gray_wool":1,"minecraft:oak_button":2,"minecraft:baked_potato":51,"minecraft:mangrove_propagule":1,"minecraft:coal":621,"minecraft:chiseled_tuff_bricks":8},"minecraft:used":{"minecraft:moss_block":9,"minecraft:tuff_bricks":31,"minecraft:decorated_pot":24,"minecraft:chest":4,"minecraft:shield":437,"minecraft:iron_sword":499,"minecraft:waxed_copper_grate":6,"minecraft:acacia_sapling":7,"minecraft:honey_bottle":2,"minecraft:waxed_oxidized_copper":2,"minecraft:waxed_oxidized_copper_grate":2,"minecraft:iron_helmet":2,"minecraft:bow":30,"minecraft:ominous_bottle":3,"minecraft:oak_sapling":1,"minecraft:furnace":6,"minecraft:acacia_fence":6,"minecraft:egg":20,"minecraft:waxed_weathered_copper_bulb":1,"minecraft:stone_pickaxe":131,"minecraft:oak_planks":27,"minecraft:blackstone":37,"minecraft:wooden_pickaxe":6,"minecraft:diamond_axe":410,"minecraft:golden_apple":3,"minecraft:white_wool":2,"minecraft:glow_berries":5,"minecraft:sand":1,"minecraft:crossbow":42,"minecraft:lingering_potion":6,"minecraft:dripstone_block":1,"minecraft:polished_tuff":8,"minecraft:acacia_door":2,"minecraft:melon_slice":18,"minecraft:bread":107,"minecraft:gravel":14,"minecraft:chiseled_tuff_bricks":5,"minecraft:smithing_table":4,"minecraft:andesite":8,"minecraft:oak_boat":3,"minecraft:coarse_dirt":2,"minecraft:waxed_copper_bulb":1,"minecraft:bone_meal":48,"minecraft:trident":4,"minecraft:stone_sword":97,"minecraft:acacia_log":3,"minecraft:stone_shovel":187,"minecraft:spruce_planks":8,"minecraft:trial_key":13,"minecraft:cooked_chicken":10,"minecraft:netherrack":163,"minecraft:oak_door":3,"minecraft:orange_bed":6,"minecraft:torch":42,"minecraft:dirt":36,"minecraft:granite":1,"minecraft:wooden_axe":41,"minecraft:iron_axe":90,"minecraft:rooted_dirt":3,"minecraft:light_gray_wool":2,"minecraft:basalt":20,"minecraft:golden_carrot":9,"minecraft:cooked_beef":19,"minecraft:cobbled_deepslate":18,"minecraft:acacia_planks":4,"minecraft:golden_axe":6,"minecraft:iron_leggings":1,"minecraft:wheat_seeds":44,"minecraft:cooked_mutton":39,"minecraft:water_bucket":21,"minecraft:baked_potato":12,"minecraft:cartography_table":5,"minecraft:fletching_table":1,"minecraft:red_glazed_terracotta":1,"minecraft:waxed_copper_block":2,"minecraft:polished_blackstone_bricks":68,"minecraft:crafting_table":14,"minecraft:red_bed":1,"minecraft:white_bed":8,"minecraft:oak_log":3,"minecraft:flower_pot":1,"minecraft:diamond_pickaxe":1549,"minecraft:ominous_trial_key":8,"minecraft:wind_charge":42,"minecraft:cracked_polished_blackstone_bricks":12,"minecraft:iron_pickaxe":159,"travelersbackpack:white_sleeping_bag":1,"minecraft:stone_axe":55,"minecraft:fishing_rod":38,"minecraft:potion":2,"minecraft:cobblestone":74,"travelersbackpack:standard":24,"minecraft:cooked_porkchop":26,"minecraft:bucket":22,"minecraft:splash_potion":5},"minecraft:killed":{"minecraft:cave_spider":1,"minecraft:zombified_piglin":1,"minecraft:spider":59,"minecraft:skeleton":20,"minecraft:chicken":4,"minecraft:silverfish":9,"minecraft:piglin_brute":2,"minecraft:piglin":3,"minecraft:pig":13,"minecraft:zombie_villager":1,"minecraft:creeper":5,"minecraft:sheep":28,"minecraft:zombie":25,"minecraft:stray":125,"minecraft:cow":17,"minecraft:armadillo":1,"minecraft:slime":284,"minecraft:phantom":3,"minecraft:drowned":7,"minecraft:hoglin":1,"minecraft:breeze":21},"minecraft:crafted":{"minecraft:oak_planks":56,"minecraft:cooked_mutton":36,"minecraft:glass":61,"minecraft:bow":5,"minecraft:chest":8,"travelersbackpack:iron_tier_upgrade":2,"minecraft:cooked_porkchop":6,"minecraft:crafting_table":5,"minecraft:spruce_planks":36,"minecraft:wooden_pickaxe":1,"travelersbackpack:standard":3,"minecraft:smithing_table":1,"minecraft:fletching_table":1,"minecraft:iron_chestplate":1,"minecraft:diamond_pickaxe":1,"minecraft:shield":3,"minecraft:stick":72,"minecraft:iron_ingot":7,"minecraft:iron_pickaxe":1,"minecraft:stone_sword":1,"minecraft:acacia_door":3,"minecraft:oak_door":9,"minecraft:stone_shovel":4,"minecraft:furnace":3,"minecraft:bone_meal":87,"travelersbackpack:blank_upgrade":4,"travelersbackpack:white_sleeping_bag":5,"minecraft:iron_axe":2,"minecraft:stone_pickaxe":1,"minecraft:netherite_scrap":2,"minecraft:wheat":234,"minecraft:cooked_beef":14,"minecraft:crossbow":1,"travelersbackpack:backpack_tank":8,"minecraft:iron_sword":3,"minecraft:stone_axe":1,"minecraft:bread":76,"minecraft:air":0,"minecraft:wooden_axe":1,"minecraft:white_bed":3,"minecraft:acacia_planks":328,"minecraft:torch":32},"minecraft:mined":{"minecraft:spruce_planks":1,"minecraft:white_bed":4,"minecraft:obsidian":4,"minecraft:granite":2,"minecraft:acacia_log":46,"minecraft:grass_block":28,"minecraft:cracked_polished_blackstone_bricks":7,"minecraft:chiseled_tuff_bricks":1,"minecraft:tuff_bricks":22,"minecraft:spawner":2,"minecraft:polished_blackstone_bricks":56,"minecraft:iron_ore":28,"minecraft:cobbled_deepslate":8,"minecraft:fire":23,"minecraft:polished_tuff":2,"minecraft:deepslate_lapis_ore":5,"minecraft:pointed_dripstone":11,"minecraft:dirt_path":14,"minecraft:orange_bed":7,"minecraft:red_bed":1,"minecraft:blackstone":67,"minecraft:torch":7,"minecraft:melon":1,"minecraft:chest":1,"minecraft:nether_quartz_ore":59,"minecraft:cobblestone":7,"minecraft:sugar_cane":3,"minecraft:oak_planks":2,"minecraft:acacia_sapling":1,"minecraft:wheat":46,"minecraft:waxed_copper_block":1,"minecraft:oak_log":17,"minecraft:waxed_oxidized_copper":2,"minecraft:acacia_fence":6,"minecraft:sand":77,"minecraft:dirt":99,"minecraft:netherrack":1120,"minecraft:ancient_debris":1,"minecraft:oak_leaves":4,"minecraft:deepslate":41,"minecraft:nether_gold_ore":13,"minecraft:deepslate_diamond_ore":4,"minecraft:ladder":1,"minecraft:decorated_pot":22,"minecraft:moss_block":5,"minecraft:cartography_table":5,"minecraft:red_mushroom":1,"minecraft:hay_block":29,"minecraft:furnace":3,"minecraft:acacia_wood":1,"minecraft:andesite":23,"minecraft:stripped_spruce_log":10,"minecraft:deepslate_iron_ore":2,"minecraft:waxed_weathered_copper_bulb":1,"minecraft:stone":135,"minecraft:bone_block":19,"minecraft:smithing_table":3,"minecraft:acacia_leaves":13,"minecraft:basalt":5,"travelersbackpack:standard":13,"minecraft:oak_fence":2,"minecraft:crafting_table":8,"minecraft:short_grass":44,"minecraft:tall_grass":9,"minecraft:copper_ore":1,"minecraft:lapis_ore":8,"minecraft:lily_pad":1,"minecraft:coarse_dirt":2,"minecraft:waxed_oxidized_copper_grate":1,"minecraft:coal_ore":175,"minecraft:flower_pot":1,"minecraft:gravel":15,"minecraft:dripstone_block":1,"minecraft:cobweb":52,"minecraft:acacia_planks":1,"minecraft:oak_button":1,"minecraft:small_dripleaf":1},"minecraft:broken":{"minecraft:diamond_helmet":1,"minecraft:iron_boots":1,"minecraft:iron_chestplate":1,"minecraft:iron_leggings":1,"minecraft:stone_pickaxe":1,"minecraft:diamond_boots":1,"minecraft:wooden_axe":1,"minecraft:shield":1,"minecraft:golden_axe":1,"minecraft:iron_helmet":2},"minecraft:killed_by":{"minecraft:piglin_brute":1,"minecraft:zombie":1,"minecraft:player":2,"minecraft:stray":4,"minecraft:hoglin":1},"minecraft:custom":{"minecraft:animals_bred":1,"minecraft:interact_with_crafting_table":68,"minecraft:open_barrel":26,"minecraft:eat_cake_slice":2,"minecraft:leave_game":5,"minecraft:time_since_death":48708,"minecraft:sprint_one_cm":1238377,"minecraft:damage_blocked_by_shield":5836,"minecraft:drop":248,"minecraft:talked_to_villager":4,"minecraft:play_time":663999,"minecraft:deaths":13,"minecraft:jump":7117,"minecraft:walk_on_water_one_cm":71140,"minecraft:interact_with_furnace":98,"minecraft:sleep_in_bed":11,"minecraft:damage_dealt":57763,"minecraft:crouch_one_cm":41579,"minecraft:inspect_dispenser":44,"minecraft:interact_with_smithing_table":9,"minecraft:interact_with_anvil":1,"minecraft:mob_kills":646,"minecraft:climb_one_cm":29467,"minecraft:walk_one_cm":1396551,"minecraft:sneak_time":14923,"minecraft:walk_under_water_one_cm":75776,"minecraft:boat_one_cm":127090,"minecraft:total_world_time":663999,"minecraft:interact_with_stonecutter":1,"minecraft:time_since_rest":10569,"minecraft:damage_taken":18513,"minecraft:damage_absorbed":100,"minecraft:swim_one_cm":134584,"minecraft:fly_one_cm":1136760,"minecraft:open_chest":187,"minecraft:fish_caught":17,"minecraft:fall_one_cm":212200},"minecraft:dropped":{"minecraft:iron_sword":1,"minecraft:porkchop":2,"minecraft:diamond_axe":1,"minecraft:ominous_bottle":2,"minecraft:cooked_beef":5,"minecraft:baked_potato":20,"minecraft:glow_ink_sac":7,"minecraft:glass_bottle":7,"minecraft:diamond":1,"minecraft:cooked_porkchop":3,"minecraft:decorated_pot":1,"minecraft:crossbow":2,"travelersbackpack:iron_tier_upgrade":1,"travelersbackpack:standard":5,"minecraft:red_mushroom":1,"minecraft:dirt":1,"minecraft:netherite_scrap":1,"minecraft:stone_button":2,"minecraft:bolt_armor_trim_smithing_template":2,"minecraft:iron_pickaxe":2,"minecraft:fishing_rod":1,"minecraft:white_wool":1,"minecraft:bone":2,"minecraft:oak_door":2,"minecraft:stone_axe":1,"minecraft:diamond_block":1,"minecraft:iron_nugget":1,"minecraft:wheat":1,"minecraft:obsidian":2,"minecraft:rotten_flesh":27,"minecraft:enchanted_golden_apple":2,"minecraft:oak_planks":18,"minecraft:cooked_mutton":26,"minecraft:honey_bottle":1,"minecraft:wind_charge":1,"minecraft:music_disc_creator":1,"minecraft:tipped_arrow":4,"minecraft:trident":1,"minecraft:gunpowder":1,"minecraft:blade_pottery_sherd":1,"minecraft:breeze_rod":8,"minecraft:arrow":67,"minecraft:glass":26,"minecraft:stone_hoe":1,"minecraft:enchanted_book":4,"minecraft:bread":99,"minecraft:iron_ingot":2,"minecraft:wheat_seeds":14,"travelersbackpack:bookshelf":1,"minecraft:mangrove_propagule":1,"minecraft:iron_helmet":1,"minecraft:cobblestone":6,"minecraft:copper_ingot":1,"minecraft:ominous_trial_key":37,"minecraft:flow_armor_trim_smithing_template":1,"minecraft:acacia_log":24,"minecraft:coal":31,"minecraft:golden_apple":4,"minecraft:stick":35,"minecraft:gray_wool":1,"minecraft:fire_charge":5,"minecraft:potion":8,"minecraft:dead_bush":1,"minecraft:iron_axe":5,"minecraft:lily_pad":1,"minecraft:acacia_planks":23,"minecraft:bamboo_hanging_sign":2,"minecraft:stone_shovel":3,"minecraft:light_gray_wool":2,"minecraft:name_tag":2,"minecraft:hay_block":4,"minecraft:shield":3,"minecraft:oak_button":1,"minecraft:trial_key":5,"minecraft:diamond_chestplate":2,"minecraft:iron_chestplate":3,"minecraft:diamond_pickaxe":8,"minecraft:miner_pottery_sherd":1,"minecraft:spider_eye":11,"minecraft:bow":1,"minecraft:wooden_pickaxe":1,"minecraft:heartbreak_pottery_sherd":1}},"DataVersion":3953}