{"stats":{"minecraft:used":{"minecraft:wooden_axe":20,"minecraft:melon_slice":14,"minecraft:dirt":1,"minecraft:crafting_table":2,"minecraft:white_bed":1},"minecraft:crafted":{"minecraft:oak_planks":16,"minecraft:crafting_table":1,"minecraft:stick":8,"minecraft:wooden_pickaxe":1,"minecraft:wooden_axe":1,"minecraft:white_bed":1},"minecraft:killed":{"minecraft:sheep":6,"minecraft:spider":1,"minecraft:cow":3},"minecraft:custom":{"minecraft:time_since_rest":970,"minecraft:sprint_one_cm":63850,"minecraft:damage_taken":300,"minecraft:walk_one_cm":31299,"minecraft:mob_kills":11,"minecraft:damage_dealt":938,"minecraft:interact_with_crafting_table":2,"minecraft:swim_one_cm":2048,"minecraft:fly_one_cm":78450,"minecraft:crouch_one_cm":386,"minecraft:play_time":16632,"minecraft:sneak_time":128,"minecraft:walk_under_water_one_cm":462,"minecraft:jump":385,"minecraft:sleep_in_bed":1,"minecraft:walk_on_water_one_cm":89,"minecraft:time_since_death":16632,"minecraft:total_world_time":16632,"minecraft:climb_one_cm":404,"minecraft:fall_one_cm":9856},"minecraft:mined":{"minecraft:white_bed":1,"minecraft:crafting_table":2,"minecraft:short_grass":4,"minecraft:grass_block":1,"minecraft:oak_log":4,"minecraft:lily_pad":1,"minecraft:small_dripleaf":1,"minecraft:moss_block":1,"minecraft:sugar_cane":3,"minecraft:oak_leaves":4},"minecraft:picked_up":{"minecraft:crafting_table":2,"minecraft:leather":4,"minecraft:oak_log":4,"minecraft:lily_pad":1,"minecraft:white_bed":1,"minecraft:spider_eye":1,"minecraft:dirt":1,"minecraft:wheat_seeds":1,"minecraft:beef":5,"minecraft:light_gray_wool":1,"minecraft:gray_wool":1,"minecraft:oak_sapling":1,"minecraft:melon_slice":18,"minecraft:sugar_cane":5,"minecraft:mutton":9,"minecraft:oak_planks":11,"minecraft:white_wool":4}},"DataVersion":3953}