{"stats":{"minecraft:used":{"minecraft:tuff_bricks":11,"minecraft:stone_sword":97,"minecraft:stone_shovel":34,"minecraft:decorated_pot":7,"minecraft:chest":1,"minecraft:shield":299,"minecraft:iron_sword":153,"minecraft:cooked_chicken":3,"minecraft:trial_key":7,"minecraft:torch":23,"minecraft:dirt":1,"minecraft:waxed_copper_grate":2,"minecraft:honey_bottle":2,"minecraft:granite":1,"minecraft:wooden_axe":41,"minecraft:iron_axe":90,"minecraft:iron_helmet":2,"minecraft:light_gray_wool":2,"minecraft:golden_carrot":7,"minecraft:bow":4,"minecraft:ominous_bottle":2,"minecraft:furnace":3,"minecraft:oak_sapling":1,"minecraft:egg":20,"minecraft:cooked_beef":1,"minecraft:cobbled_deepslate":4,"minecraft:iron_leggings":1,"minecraft:cooked_mutton":13,"minecraft:water_bucket":21,"minecraft:waxed_weathered_copper_bulb":1,"minecraft:stone_pickaxe":131,"minecraft:baked_potato":6,"minecraft:oak_planks":27,"minecraft:wooden_pickaxe":6,"minecraft:diamond_axe":79,"minecraft:red_glazed_terracotta":1,"minecraft:waxed_copper_block":2,"minecraft:white_wool":1,"minecraft:glow_berries":2,"minecraft:golden_apple":3,"minecraft:sand":1,"minecraft:crafting_table":10,"minecraft:lingering_potion":6,"minecraft:white_bed":2,"minecraft:dripstone_block":1,"minecraft:polished_tuff":5,"minecraft:oak_log":3,"minecraft:ominous_trial_key":5,"minecraft:wind_charge":17,"minecraft:melon_slice":18,"minecraft:bread":72,"minecraft:iron_pickaxe":127,"minecraft:chiseled_tuff_bricks":1,"minecraft:stone_axe":55,"minecraft:potion":1,"travelersbackpack:standard":3,"minecraft:cobblestone":64,"minecraft:bucket":22,"minecraft:splash_potion":3,"minecraft:waxed_copper_bulb":1,"minecraft:coarse_dirt":1},"minecraft:broken":{"minecraft:iron_boots":1,"minecraft:stone_pickaxe":1,"minecraft:iron_helmet":1,"minecraft:wooden_axe":1},"minecraft:crafted":{"minecraft:oak_planks":28,"minecraft:stone_shovel":1,"minecraft:furnace":3,"minecraft:cooked_mutton":12,"minecraft:glass":20,"travelersbackpack:white_sleeping_bag":5,"minecraft:bow":4,"minecraft:iron_axe":2,"minecraft:stone_pickaxe":1,"minecraft:chest":3,"minecraft:cooked_beef":1,"minecraft:crafting_table":3,"minecraft:spruce_planks":36,"travelersbackpack:backpack_tank":5,"minecraft:wooden_pickaxe":1,"travelersbackpack:standard":2,"minecraft:iron_sword":2,"minecraft:stone_axe":1,"minecraft:air":0,"minecraft:stick":60,"minecraft:iron_ingot":6,"minecraft:iron_pickaxe":1,"minecraft:wooden_axe":1,"minecraft:stone_sword":1,"minecraft:white_bed":1,"minecraft:acacia_planks":24,"minecraft:torch":20},"minecraft:killed":{"minecraft:cave_spider":1,"minecraft:spider":1,"minecraft:slime":179,"minecraft:skeleton":2,"minecraft:chicken":4,"minecraft:silverfish":2,"minecraft:pig":3,"minecraft:creeper":1,"minecraft:sheep":20,"minecraft:zombie":5,"minecraft:stray":72,"minecraft:breeze":11,"minecraft:cow":16},"minecraft:custom":{"minecraft:mob_kills":323,"minecraft:interact_with_crafting_table":35,"minecraft:open_barrel":25,"minecraft:time_since_death":17618,"minecraft:climb_one_cm":13278,"minecraft:sprint_one_cm":575303,"minecraft:walk_one_cm":530089,"minecraft:damage_blocked_by_shield":2340,"minecraft:drop":91,"minecraft:talked_to_villager":1,"minecraft:play_time":214632,"minecraft:deaths":7,"minecraft:sneak_time":4610,"minecraft:walk_under_water_one_cm":7544,"minecraft:jump":2634,"minecraft:walk_on_water_one_cm":33990,"minecraft:total_world_time":214632,"minecraft:interact_with_furnace":39,"minecraft:interact_with_stonecutter":1,"minecraft:sleep_in_bed":2,"minecraft:time_since_rest":17651,"minecraft:damage_taken":8614,"minecraft:damage_absorbed":100,"minecraft:damage_dealt":24804,"minecraft:swim_one_cm":22043,"minecraft:fly_one_cm":422489,"minecraft:open_chest":20,"minecraft:crouch_one_cm":11962,"minecraft:fall_one_cm":83794,"minecraft:inspect_dispenser":30},"minecraft:mined":{"minecraft:white_bed":2,"minecraft:deepslate_diamond_ore":4,"minecraft:granite":2,"minecraft:acacia_log":6,"minecraft:grass_block":1,"minecraft:decorated_pot":15,"minecraft:moss_block":1,"minecraft:tuff_bricks":7,"minecraft:spawner":2,"minecraft:furnace":1,"minecraft:iron_ore":11,"minecraft:fire":4,"minecraft:stripped_spruce_log":10,"minecraft:pointed_dripstone":11,"minecraft:waxed_weathered_copper_bulb":1,"minecraft:stone":105,"travelersbackpack:standard":7,"minecraft:oak_fence":2,"minecraft:crafting_table":7,"minecraft:torch":2,"minecraft:short_grass":17,"minecraft:cobblestone":7,"minecraft:copper_ore":1,"minecraft:lapis_ore":5,"minecraft:lily_pad":1,"minecraft:sugar_cane":3,"minecraft:oak_planks":2,"minecraft:coarse_dirt":1,"minecraft:waxed_copper_block":1,"minecraft:coal_ore":91,"minecraft:oak_log":10,"minecraft:flower_pot":1,"minecraft:sand":31,"minecraft:dripstone_block":1,"minecraft:cobweb":38,"minecraft:oak_button":1,"minecraft:small_dripleaf":1,"minecraft:oak_leaves":4,"minecraft:deepslate":12},"minecraft:killed_by":{"minecraft:player":1,"minecraft:stray":3,"minecraft:zombie":1},"minecraft:picked_up":{"minecraft:crafting_table":10,"minecraft:coarse_dirt":1,"minecraft:iron_chestplate":13,"minecraft:ominous_bottle":7,"minecraft:chicken":4,"minecraft:enchanted_book":4,"minecraft:potion":17,"minecraft:music_disc_creator":2,"minecraft:brick":34,"minecraft:shield":10,"minecraft:wind_charge":80,"minecraft:string":112,"minecraft:raw_copper":8,"minecraft:iron_axe":9,"minecraft:flint_and_steel":8,"minecraft:iron_leggings":8,"minecraft:cobbled_deepslate":7,"minecraft:bucket":3,"minecraft:beef":23,"minecraft:trial_key":20,"minecraft:chiseled_tuff":1,"minecraft:iron_nugget":2,"minecraft:light_gray_wool":8,"minecraft:iron_pickaxe":10,"minecraft:guster_pottery_sherd":2,"minecraft:melon_slice":38,"minecraft:sugar_cane":5,"minecraft:chest":1,"minecraft:egg":16,"minecraft:iron_boots":3,"minecraft:furnace":7,"minecraft:tipped_arrow":385,"minecraft:stick":6,"minecraft:raw_iron":19,"minecraft:bamboo_hanging_sign":2,"minecraft:oak_fence":4,"minecraft:torch":15,"minecraft:acacia_log":6,"minecraft:fire_charge":10,"minecraft:porkchop":5,"minecraft:stone_button":4,"minecraft:waxed_weathered_copper_bulb":1,"minecraft:waxed_copper_grate":4,"minecraft:pointed_dripstone":33,"minecraft:diamond_chestplate":1,"minecraft:honey_bottle":2,"minecraft:stone_sword":1,"minecraft:arrow":1201,"minecraft:rotten_flesh":22,"minecraft:stone_shovel":1,"minecraft:decorated_pot":10,"minecraft:flow_armor_trim_smithing_template":6,"minecraft:gold_ingot":10,"minecraft:tuff_bricks":17,"minecraft:mutton":33,"minecraft:white_wool":20,"minecraft:cobblestone":149,"minecraft:heartbreak_pottery_sherd":1,"minecraft:feather":3,"minecraft:cooked_beef":6,"minecraft:golden_carrot":10,"minecraft:glow_ink_sac":3,"minecraft:water_bucket":4,"minecraft:leather":29,"minecraft:red_glazed_terracotta":1,"minecraft:waxed_copper_bulb":2,"minecraft:waxed_copper_block":7,"minecraft:oak_log":15,"minecraft:lily_pad":1,"minecraft:dirt":1,"minecraft:lapis_lazuli":38,"minecraft:name_tag":5,"minecraft:cooked_mutton":35,"minecraft:glass":10,"minecraft:bone":116,"minecraft:bow":12,"minecraft:wheat_seeds":3,"minecraft:iron_ingot":72,"minecraft:cooked_chicken":3,"minecraft:bolt_armor_trim_smithing_template":2,"minecraft:blade_pottery_sherd":1,"minecraft:glass_bottle":8,"minecraft:iron_sword":2,"minecraft:stone_hoe":6,"minecraft:oak_planks":72,"minecraft:dripstone_block":2,"minecraft:sand":40,"minecraft:stripped_spruce_log":9,"minecraft:white_bed":2,"minecraft:polished_tuff":7,"minecraft:spider_eye":4,"travelersbackpack:white_sleeping_bag":6,"travelersbackpack:standard":8,"minecraft:diamond_axe":5,"minecraft:slime_ball":654,"minecraft:diamond":5,"minecraft:stone_axe":1,"minecraft:breeze_rod":36,"minecraft:miner_pottery_sherd":1,"minecraft:waxed_oxidized_copper_grate":8,"minecraft:iron_helmet":9,"minecraft:crossbow":1,"minecraft:granite":3,"minecraft:golden_apple":17,"minecraft:gray_wool":1,"minecraft:emerald":184,"minecraft:oak_button":2,"minecraft:bread":237,"minecraft:baked_potato":26,"minecraft:oak_sapling":1,"minecraft:ominous_trial_key":12,"minecraft:coal":533,"minecraft:mangrove_propagule":1,"minecraft:chiseled_tuff_bricks":1},"minecraft:dropped":{"minecraft:bread":40,"minecraft:enchanted_book":3,"minecraft:iron_ingot":2,"minecraft:iron_sword":1,"minecraft:wheat_seeds":3,"minecraft:cooked_beef":4,"minecraft:baked_potato":20,"minecraft:glass_bottle":6,"minecraft:diamond":1,"minecraft:decorated_pot":1,"minecraft:iron_helmet":1,"minecraft:mangrove_propagule":1,"minecraft:ominous_trial_key":2,"minecraft:coal":31,"travelersbackpack:standard":2,"minecraft:golden_apple":3,"minecraft:stick":34,"minecraft:gray_wool":1,"minecraft:stone_button":2,"minecraft:fire_charge":5,"minecraft:potion":6,"minecraft:iron_axe":5,"minecraft:bolt_armor_trim_smithing_template":2,"minecraft:iron_pickaxe":2,"minecraft:lily_pad":1,"minecraft:white_wool":1,"minecraft:stone_axe":1,"minecraft:iron_nugget":1,"minecraft:bamboo_hanging_sign":2,"minecraft:stone_shovel":1,"minecraft:rotten_flesh":10,"minecraft:light_gray_wool":2,"minecraft:oak_planks":18,"minecraft:name_tag":1,"minecraft:cooked_mutton":14,"minecraft:honey_bottle":1,"minecraft:wind_charge":1,"minecraft:music_disc_creator":1,"minecraft:tipped_arrow":4,"minecraft:shield":1,"minecraft:oak_button":1,"minecraft:trial_key":5,"minecraft:diamond_chestplate":1,"minecraft:iron_chestplate":2,"minecraft:blade_pottery_sherd":1,"minecraft:breeze_rod":1,"minecraft:miner_pottery_sherd":1,"minecraft:spider_eye":3,"minecraft:arrow":67,"minecraft:bow":1,"minecraft:wooden_pickaxe":1,"minecraft:heartbreak_pottery_sherd":1}},"DataVersion":3953}