{"stats":{"minecraft:killed":{"minecraft:spider":14,"naturalist:tortoise":2,"naturalist:boar":5,"minecraft:skeleton":22,"minecraft:husk":13,"minecraft:pig":1,"minecraft:ravager":2,"minecraft:creeper":10,"naturalist:hippo":2,"minecraft:zombie":44,"minecraft:stray":13},"minecraft:custom":{"minecraft:mob_kills":128,"minecraft:interact_with_crafting_table":29,"minecraft:open_barrel":2,"minecraft:leave_game":7,"minecraft:time_since_death":79228,"minecraft:climb_one_cm":389,"minecraft:sprint_one_cm":684304,"minecraft:walk_one_cm":890874,"minecraft:damage_blocked_by_shield":2810,"minecraft:drop":61,"minecraft:play_time":494203,"minecraft:sneak_time":10863,"minecraft:deaths":18,"minecraft:walk_under_water_one_cm":30073,"minecraft:boat_one_cm":33030,"minecraft:jump":5689,"minecraft:interact_with_blast_furnace":1,"minecraft:walk_on_water_one_cm":50502,"minecraft:total_world_time":494203,"minecraft:interact_with_furnace":20,"minecraft:sleep_in_bed":9,"minecraft:time_since_rest":57353,"minecraft:damage_taken":8739,"minecraft:damage_dealt":24389,"minecraft:swim_one_cm":37331,"minecraft:fly_one_cm":997216,"minecraft:open_chest":40,"minecraft:crouch_one_cm":27345,"minecraft:fall_one_cm":130315},"minecraft:mined":{"blockus:viridite":1,"minecraft:large_amethyst_bud":1,"minecraft:tuff":10,"minecraft:dark_oak_leaves":1,"minecraft:deepslate_diamond_ore":3,"minecraft:candle":1,"minecraft:dark_oak_log":205,"minecraft:mangrove_roots":1,"minecraft:granite":1,"minecraft:acacia_log":27,"terrestria:small_oak_log":6,"minecraft:grass_block":19,"minecraft:jungle_log":14,"minecraft:cherry_wood":9,"geodes:budding_lapis":1,"minecraft:large_fern":3,"minecraft:packed_mud":5,"minecraft:furnace":2,"minecraft:iron_ore":21,"minecraft:cobbled_deepslate":1,"minecraft:acacia_stairs":1,"minecraft:deepslate_lapis_ore":10,"croptopia:squash_crop":1,"minecraft:deepslate_iron_ore":13,"minecraft:vine":1,"minecraft:small_amethyst_bud":1,"minecraft:stone":128,"minecraft:orange_bed":1,"minecraft:deepslate_redstone_ore":2,"minecraft:cut_sandstone":25,"minecraft:medium_amethyst_bud":1,"minecraft:amethyst_cluster":6,"minecraft:crafting_table":10,"minecraft:torch":1,"minecraft:mangrove_wood":4,"minecraft:dark_oak_wood":45,"minecraft:emerald_ore":1,"minecraft:chest":1,"minecraft:dead_bush":1,"minecraft:rose_bush":3,"minecraft:tall_grass":5,"minecraft:birch_wood":114,"blockus:marble":1,"minecraft:cyan_bed":4,"minecraft:lapis_ore":3,"minecraft:deepslate_gold_ore":12,"diagonalfences:minecraft/jungle_fence":2,"croptopia:olive_crop":6,"minecraft:wall_torch":1,"minecraft:amethyst_block":2,"minecraft:pink_petals":4,"supplementaries:urn":4,"croptopia:leek_crop":3,"minecraft:light_gray_candle":1,"minecraft:jungle_wood":2,"minecraft:birch_log":55,"minecraft:jungle_fence":5,"minecraft:mangrove_leaves":2,"minecraft:grass":38,"minecraft:oak_log":28,"minecraft:coal_ore":84,"croptopia:rutabaga_crop":4,"minecraft:acacia_fence":5,"minecraft:sand":10,"minecraft:dirt":12,"blockus:limestone":5,"minecraft:small_dripleaf":2,"minecraft:deepslate":57,"minecraft:fern":1,"blockus:bluestone":6},"minecraft:picked_up":{"blockus:limestone":4,"minecraft:crafting_table":12,"minecraft:iron_chestplate":1,"blockus:bluestone":2,"minecraft:wooden_pickaxe":3,"minecraft:amethyst_block":2,"minecraft:string":4,"minecraft:iron_leggings":1,"universal_graves:grave_compass":1,"minecraft:cobbled_deepslate":75,"minecraft:rose_bush":4,"minecraft:azalea":7,"minecraft:iron_pickaxe":1,"minecraft:chest":1,"minecraft:birch_sapling":31,"minecraft:furnace":4,"minecraft:dark_oak_sapling":15,"minecraft:stick":49,"minecraft:raw_iron":39,"naturalist:duck":1,"magistuarmory:iron_claymore":1,"minecraft:acacia_fence":4,"croptopia:rutabaga":4,"minecraft:torch":7,"minecraft:acacia_log":26,"croptopia:olive_seed":7,"minecraft:porkchop":9,"croptopia:ginger_seed":1,"minecraft:trident":1,"minecraft:redstone":9,"minecraft:orange_bed":2,"minecraft:arrow":19,"minecraft:rotten_flesh":50,"croptopia:squash_seed":1,"minecraft:saddle":1,"minecraft:mangrove_roots":1,"supplementaries:ash":16,"minecraft:cobblestone":141,"minecraft:birch_log":51,"minecraft:pink_petals":64,"minecraft:jungle_boat":1,"minecraft:feather":2,"minecraft:glow_ink_sac":6,"minecraft:water_bucket":2,"minecraft:jungle_log":14,"minecraft:cut_sandstone":14,"minecraft:leather":6,"minecraft:jungle_wood":2,"minecraft:jungle_fence":8,"minecraft:potato":1,"minecraft:packed_mud":5,"fishofthieves:grubs":1,"minecraft:tuff":9,"minecraft:oak_log":27,"croptopia:leek":4,"minecraft:gunpowder":10,"minecraft:lantern":1,"minecraft:lapis_lazuli":81,"minecraft:dirt":56,"croptopia:olive":5,"minecraft:bone":20,"minecraft:apple":1,"terrestria:small_oak_log":7,"minecraft:bow":2,"minecraft:wheat_seeds":4,"croptopia:squash":1,"minecraft:raw_gold":27,"minecraft:birch_wood":114,"minecraft:iron_ingot":2,"minecraft:stone_pickaxe":1,"fishofthieves:earthworms":10,"minecraft:acacia_sapling":12,"croptopia:ginger":1,"minecraft:sand":11,"minecraft:jungle_planks":1,"minecraft:amethyst_shard":20,"croptopia:rutabaga_seed":7,"minecraft:dark_oak_log":187,"minecraft:cyan_bed":5,"minecraft:spider_eye":1,"blockus:viridite":1,"minecraft:light_gray_candle":4,"minecraft:stone_axe":1,"minecraft:diamond":40,"minecraft:mangrove_wood":3,"minecraft:cherry_wood":9,"croptopia:leek_seed":5,"minecraft:iron_helmet":1,"minecraft:granite":1,"minecraft:cherry_sapling":7,"minecraft:emerald":1,"minecraft:bread":71,"minecraft:oak_sapling":5,"minecraft:dark_oak_wood":17,"minecraft:coal":109},"minecraft:dropped":{"minecraft:water_bucket":1,"minecraft:bread":3,"minecraft:porkchop":2,"minecraft:wheat_seeds":1,"minecraft:oak_log":12,"minecraft:glow_ink_sac":6,"minecraft:diamond":3,"minecraft:crafting_table":1,"minecraft:cooked_porkchop":2,"minecraft:jungle_planks":3,"minecraft:packed_mud":5,"minecraft:dirt":17,"minecraft:mangrove_wood":3,"minecraft:cut_sandstone":14,"fishofthieves:grubs":1,"minecraft:acacia_planks":12,"minecraft:bone":2,"minecraft:redstone":9,"minecraft:stone_axe":1,"minecraft:cobbled_deepslate":25,"minecraft:tuff":3,"minecraft:rotten_flesh":39,"universal_graves:grave_compass":3,"blockus:bluestone":1,"supplementaries:ash":8,"minecraft:potato":1,"fishofthieves:earthworms":8,"minecraft:jungle_log":13,"minecraft:acacia_sapling":12,"minecraft:spider_eye":1,"minecraft:arrow":10,"minecraft:wooden_pickaxe":5,"minecraft:stone_pickaxe":2,"minecraft:cyan_bed":1,"naturalist:duck":1},"minecraft:killed_by":{"minecraft:player":7,"minecraft:stray":1,"minecraft:creeper":2,"minecraft:skeleton":3,"minecraft:zombie":3},"minecraft:used":{"minecraft:trident":1,"minecraft:iron_shovel":14,"minecraft:acacia_log":1,"minecraft:chest":4,"minecraft:shield":68,"minecraft:iron_sword":84,"minecraft:rotten_flesh":6,"minecraft:orange_bed":2,"minecraft:torch":95,"minecraft:dirt":39,"minecraft:jungle_planks":1,"blockus:viridite":1,"minecraft:tuff":6,"minecraft:granite":1,"minecraft:wooden_axe":51,"croptopia:rutabaga_seed":4,"minecraft:lantern":1,"minecraft:iron_axe":244,"minecraft:golden_carrot":2,"minecraft:bow":4,"minecraft:mangrove_roots":1,"magistuarmory:iron_claymore":85,"minecraft:furnace":5,"minecraft:acacia_fence":4,"minecraft:cobbled_deepslate":50,"minecraft:dark_oak_sapling":12,"minecraft:water_bucket":44,"minecraft:stone_pickaxe":159,"minecraft:jungle_fence":8,"minecraft:wooden_pickaxe":14,"minecraft:jungle_boat":1,"minecraft:sand":11,"croptopia:olive_seed":6,"minecraft:crafting_table":14,"minecraft:bread":81,"minecraft:cyan_bed":3,"minecraft:iron_pickaxe":248,"blockus:bluestone":1,"blockus:limestone":4,"minecraft:stone_axe":422,"croptopia:leek_seed":3,"minecraft:wooden_sword":62,"minecraft:cobblestone":64,"minecraft:porkchop":1,"minecraft:cooked_porkchop":4,"minecraft:bucket":43},"minecraft:crafted":{"minecraft:oak_planks":32,"minecraft:furnace":1,"minecraft:iron_boots":1,"minecraft:iron_axe":1,"minecraft:stone_pickaxe":3,"minecraft:chest":3,"minecraft:cooked_porkchop":6,"minecraft:crafting_table":3,"minecraft:wooden_pickaxe":2,"minecraft:iron_helmet":1,"minecraft:iron_sword":1,"minecraft:stone_axe":4,"minecraft:jungle_planks":12,"minecraft:air":0,"minecraft:stick":40,"minecraft:iron_ingot":29,"minecraft:wooden_axe":1,"minecraft:iron_shovel":1,"minecraft:acacia_planks":44,"minecraft:torch":88},"minecraft:broken":{"minecraft:iron_boots":1,"minecraft:stone_pickaxe":1,"minecraft:shield":1,"minecraft:iron_axe":1,"minecraft:stone_axe":4,"minecraft:leather_boots":1,"minecraft:wooden_sword":1,"minecraft:iron_pickaxe":1,"minecraft:iron_helmet":1,"minecraft:wooden_axe":1,"minecraft:bow":1}},"DataVersion":3465}