{"stats":{"minecraft:broken":{"minecraft:iron_boots":1,"minecraft:stone_pickaxe":1,"minecraft:iron_helmet":2,"minecraft:wooden_axe":1},"minecraft:dropped":{"minecraft:enchanted_book":3,"minecraft:bread":40,"minecraft:iron_ingot":2,"minecraft:iron_sword":1,"minecraft:wheat_seeds":3,"minecraft:ominous_bottle":1,"minecraft:cooked_beef":4,"minecraft:baked_potato":20,"minecraft:glow_ink_sac":7,"minecraft:glass_bottle":6,"minecraft:diamond":1,"minecraft:decorated_pot":1,"minecraft:mangrove_propagule":1,"minecraft:iron_helmet":1,"travelersbackpack:iron_tier_upgrade":1,"minecraft:ominous_trial_key":3,"travelersbackpack:standard":2,"minecraft:coal":31,"minecraft:flow_armor_trim_smithing_template":1,"minecraft:golden_apple":4,"minecraft:red_mushroom":1,"minecraft:stick":34,"minecraft:gray_wool":1,"minecraft:stone_button":2,"minecraft:fire_charge":5,"minecraft:potion":7,"minecraft:iron_axe":5,"minecraft:bolt_armor_trim_smithing_template":2,"minecraft:iron_pickaxe":2,"minecraft:lily_pad":1,"minecraft:white_wool":1,"minecraft:stone_axe":1,"minecraft:iron_nugget":1,"minecraft:bamboo_hanging_sign":2,"minecraft:stone_shovel":1,"minecraft:rotten_flesh":18,"minecraft:light_gray_wool":2,"minecraft:oak_planks":18,"minecraft:name_tag":1,"minecraft:cooked_mutton":26,"minecraft:honey_bottle":1,"minecraft:wind_charge":1,"minecraft:music_disc_creator":1,"minecraft:tipped_arrow":4,"minecraft:shield":1,"minecraft:oak_button":1,"minecraft:trial_key":5,"minecraft:diamond_chestplate":1,"minecraft:iron_chestplate":2,"minecraft:blade_pottery_sherd":1,"minecraft:miner_pottery_sherd":1,"minecraft:breeze_rod":8,"minecraft:spider_eye":3,"minecraft:arrow":67,"minecraft:bow":1,"minecraft:wooden_pickaxe":1,"minecraft:heartbreak_pottery_sherd":1},"minecraft:custom":{"minecraft:mob_kills":332,"minecraft:interact_with_crafting_table":50,"minecraft:open_barrel":25,"minecraft:leave_game":2,"minecraft:time_since_death":83077,"minecraft:climb_one_cm":14042,"minecraft:sprint_one_cm":618838,"minecraft:walk_one_cm":577846,"minecraft:damage_blocked_by_shield":2400,"minecraft:drop":114,"minecraft:talked_to_villager":1,"minecraft:play_time":280091,"minecraft:sneak_time":5401,"minecraft:deaths":7,"minecraft:walk_under_water_one_cm":22525,"minecraft:jump":3274,"minecraft:walk_on_water_one_cm":51438,"minecraft:total_world_time":280091,"minecraft:interact_with_furnace":66,"minecraft:interact_with_stonecutter":1,"minecraft:sleep_in_bed":2,"minecraft:time_since_rest":83110,"minecraft:damage_taken":9431,"minecraft:damage_absorbed":100,"minecraft:damage_dealt":26288,"minecraft:swim_one_cm":25074,"minecraft:fly_one_cm":500367,"minecraft:open_chest":20,"minecraft:crouch_one_cm":13313,"minecraft:fall_one_cm":100840,"minecraft:inspect_dispenser":30},"minecraft:killed_by":{"minecraft:player":1,"minecraft:stray":3,"minecraft:zombie":1},"minecraft:picked_up":{"minecraft:iron_chestplate":13,"minecraft:coarse_dirt":1,"minecraft:crafting_table":11,"minecraft:ominous_bottle":7,"minecraft:chicken":4,"minecraft:enchanted_book":4,"minecraft:potion":17,"minecraft:music_disc_creator":2,"minecraft:shield":10,"minecraft:brick":34,"minecraft:wind_charge":80,"minecraft:string":112,"minecraft:raw_copper":8,"minecraft:iron_axe":9,"minecraft:flint_and_steel":8,"minecraft:iron_leggings":8,"minecraft:cobbled_deepslate":18,"minecraft:bucket":3,"minecraft:beef":23,"minecraft:trial_key":20,"minecraft:chiseled_tuff":1,"minecraft:iron_pickaxe":10,"minecraft:iron_nugget":2,"minecraft:sugar_cane":5,"minecraft:melon_slice":38,"minecraft:light_gray_wool":8,"minecraft:guster_pottery_sherd":2,"minecraft:chest":1,"minecraft:egg":16,"minecraft:iron_boots":3,"minecraft:furnace":9,"minecraft:tipped_arrow":385,"minecraft:raw_iron":19,"minecraft:stick":9,"minecraft:bamboo_hanging_sign":2,"minecraft:oak_fence":4,"minecraft:torch":16,"minecraft:acacia_log":15,"minecraft:fire_charge":10,"minecraft:porkchop":5,"minecraft:stone_button":4,"minecraft:waxed_weathered_copper_bulb":1,"minecraft:pointed_dripstone":33,"minecraft:waxed_copper_grate":4,"minecraft:stone_sword":1,"minecraft:stone_shovel":1,"minecraft:arrow":1205,"minecraft:honey_bottle":2,"minecraft:rotten_flesh":27,"minecraft:diamond_chestplate":1,"minecraft:decorated_pot":10,"minecraft:gold_ingot":10,"minecraft:flow_armor_trim_smithing_template":6,"minecraft:tuff_bricks":17,"minecraft:mutton":34,"minecraft:white_wool":21,"minecraft:cobblestone":158,"minecraft:heartbreak_pottery_sherd":1,"minecraft:feather":3,"minecraft:cooked_beef":10,"minecraft:golden_carrot":10,"minecraft:glow_ink_sac":7,"minecraft:water_bucket":4,"minecraft:leather":29,"minecraft:red_glazed_terracotta":1,"minecraft:red_mushroom":1,"minecraft:waxed_copper_bulb":2,"minecraft:oak_log":15,"minecraft:waxed_copper_block":7,"minecraft:lily_pad":1,"minecraft:dirt":1,"minecraft:lapis_lazuli":61,"minecraft:name_tag":5,"minecraft:cooked_mutton":35,"minecraft:glass":13,"minecraft:bone":121,"minecraft:bow":13,"minecraft:wheat_seeds":3,"minecraft:iron_ingot":72,"minecraft:cooked_chicken":7,"minecraft:blade_pottery_sherd":1,"minecraft:bolt_armor_trim_smithing_template":2,"minecraft:glass_bottle":8,"minecraft:moss_block":1,"minecraft:oak_planks":72,"minecraft:iron_sword":2,"minecraft:stone_hoe":6,"minecraft:acacia_sapling":1,"minecraft:cooked_porkchop":2,"minecraft:dripstone_block":2,"minecraft:sand":84,"minecraft:stripped_spruce_log":9,"minecraft:white_bed":2,"minecraft:spider_eye":4,"minecraft:polished_tuff":7,"travelersbackpack:white_sleeping_bag":6,"travelersbackpack:standard":8,"minecraft:slime_ball":654,"minecraft:stone_axe":1,"minecraft:diamond":5,"minecraft:iron_helmet":9,"minecraft:miner_pottery_sherd":1,"minecraft:diamond_axe":5,"minecraft:waxed_oxidized_copper_grate":8,"minecraft:breeze_rod":36,"minecraft:crossbow":1,"minecraft:granite":3,"minecraft:golden_apple":17,"minecraft:gray_wool":1,"minecraft:emerald":184,"minecraft:bread":237,"minecraft:oak_button":2,"minecraft:rooted_dirt":3,"minecraft:baked_potato":26,"minecraft:oak_sapling":1,"minecraft:ominous_trial_key":12,"minecraft:mangrove_propagule":1,"minecraft:coal":539,"minecraft:chiseled_tuff_bricks":1},"minecraft:killed":{"minecraft:cave_spider":1,"minecraft:spider":1,"minecraft:slime":179,"minecraft:skeleton":7,"minecraft:chicken":4,"minecraft:silverfish":2,"minecraft:pig":3,"minecraft:creeper":1,"minecraft:sheep":21,"minecraft:zombie":8,"minecraft:stray":72,"minecraft:breeze":11,"minecraft:cow":16},"minecraft:crafted":{"minecraft:oak_planks":28,"minecraft:stone_shovel":3,"minecraft:furnace":3,"minecraft:bone_meal":18,"travelersbackpack:blank_upgrade":4,"minecraft:cooked_mutton":36,"minecraft:glass":61,"travelersbackpack:white_sleeping_bag":5,"minecraft:bow":5,"minecraft:iron_axe":2,"minecraft:stone_pickaxe":1,"minecraft:chest":8,"minecraft:cooked_beef":4,"travelersbackpack:iron_tier_upgrade":2,"minecraft:crafting_table":3,"minecraft:spruce_planks":36,"travelersbackpack:backpack_tank":8,"minecraft:wooden_pickaxe":1,"travelersbackpack:standard":3,"minecraft:iron_sword":2,"minecraft:stone_axe":1,"minecraft:air":0,"minecraft:stick":64,"minecraft:iron_ingot":7,"minecraft:iron_pickaxe":1,"minecraft:wooden_axe":1,"minecraft:stone_sword":1,"minecraft:white_bed":1,"minecraft:acacia_planks":60,"minecraft:torch":32},"minecraft:mined":{"minecraft:spruce_planks":1,"minecraft:white_bed":2,"minecraft:deepslate_diamond_ore":4,"minecraft:granite":2,"minecraft:acacia_log":15,"minecraft:grass_block":1,"minecraft:decorated_pot":15,"minecraft:red_mushroom":1,"minecraft:moss_block":2,"minecraft:spawner":2,"minecraft:tuff_bricks":7,"minecraft:furnace":3,"minecraft:iron_ore":11,"minecraft:fire":4,"minecraft:cobbled_deepslate":8,"minecraft:stripped_spruce_log":10,"minecraft:deepslate_lapis_ore":4,"minecraft:pointed_dripstone":11,"minecraft:waxed_weathered_copper_bulb":1,"minecraft:stone":114,"minecraft:acacia_leaves":11,"travelersbackpack:standard":7,"minecraft:oak_fence":2,"minecraft:crafting_table":8,"minecraft:torch":2,"minecraft:short_grass":19,"minecraft:copper_ore":1,"minecraft:cobblestone":7,"minecraft:lapis_ore":5,"minecraft:lily_pad":1,"minecraft:oak_planks":2,"minecraft:sugar_cane":3,"minecraft:coarse_dirt":1,"minecraft:waxed_copper_block":1,"minecraft:coal_ore":94,"minecraft:oak_log":10,"minecraft:sand":77,"minecraft:cobweb":38,"minecraft:flower_pot":1,"minecraft:dripstone_block":1,"minecraft:oak_button":1,"minecraft:small_dripleaf":1,"minecraft:oak_leaves":4,"minecraft:deepslate":13},"minecraft:used":{"minecraft:tuff_bricks":11,"minecraft:moss_block":6,"minecraft:stone_sword":97,"minecraft:stone_shovel":82,"minecraft:chest":1,"minecraft:decorated_pot":7,"minecraft:spruce_planks":8,"minecraft:shield":301,"minecraft:iron_sword":153,"minecraft:cooked_chicken":7,"minecraft:trial_key":7,"minecraft:torch":29,"minecraft:dirt":1,"minecraft:honey_bottle":2,"minecraft:granite":1,"minecraft:waxed_copper_grate":2,"minecraft:acacia_sapling":1,"minecraft:wooden_axe":41,"minecraft:rooted_dirt":3,"minecraft:iron_axe":90,"minecraft:iron_helmet":2,"minecraft:light_gray_wool":2,"minecraft:golden_carrot":7,"minecraft:bow":7,"minecraft:ominous_bottle":2,"minecraft:oak_sapling":1,"minecraft:furnace":3,"minecraft:egg":20,"minecraft:cooked_beef":3,"minecraft:cobbled_deepslate":18,"minecraft:iron_leggings":1,"minecraft:cooked_mutton":16,"minecraft:water_bucket":21,"minecraft:waxed_weathered_copper_bulb":1,"minecraft:stone_pickaxe":131,"minecraft:baked_potato":6,"minecraft:oak_planks":27,"minecraft:wooden_pickaxe":6,"minecraft:diamond_axe":121,"minecraft:red_glazed_terracotta":1,"minecraft:waxed_copper_block":2,"minecraft:white_wool":1,"minecraft:golden_apple":3,"minecraft:glow_berries":5,"minecraft:sand":1,"minecraft:crafting_table":12,"minecraft:white_bed":2,"minecraft:lingering_potion":6,"minecraft:dripstone_block":1,"minecraft:polished_tuff":5,"minecraft:oak_log":3,"minecraft:ominous_trial_key":5,"minecraft:wind_charge":17,"minecraft:melon_slice":18,"minecraft:bread":72,"minecraft:iron_pickaxe":154,"minecraft:stone_axe":55,"minecraft:chiseled_tuff_bricks":1,"minecraft:potion":1,"travelersbackpack:standard":6,"minecraft:cobblestone":66,"minecraft:cooked_porkchop":2,"minecraft:coarse_dirt":1,"minecraft:bucket":22,"minecraft:splash_potion":3,"minecraft:waxed_copper_bulb":1,"minecraft:bone_meal":8}},"DataVersion":3953}