{"stats":{"minecraft:used":{"minecraft:tuff_bricks":11,"minecraft:stone_sword":97,"minecraft:stone_shovel":34,"minecraft:decorated_pot":6,"minecraft:chest":1,"minecraft:shield":271,"minecraft:cooked_chicken":3,"minecraft:trial_key":3,"minecraft:torch":21,"minecraft:dirt":1,"minecraft:granite":1,"minecraft:wooden_axe":41,"minecraft:iron_axe":77,"minecraft:golden_carrot":1,"minecraft:bow":3,"minecraft:ominous_bottle":1,"minecraft:furnace":3,"minecraft:oak_sapling":1,"minecraft:egg":20,"minecraft:cooked_beef":1,"minecraft:cobbled_deepslate":4,"minecraft:cooked_mutton":7,"minecraft:water_bucket":12,"minecraft:waxed_weathered_copper_bulb":1,"minecraft:stone_pickaxe":131,"minecraft:oak_planks":7,"minecraft:wooden_pickaxe":6,"minecraft:red_glazed_terracotta":1,"minecraft:sand":1,"minecraft:crafting_table":8,"minecraft:lingering_potion":5,"minecraft:white_bed":2,"minecraft:dripstone_block":1,"minecraft:polished_tuff":5,"minecraft:oak_log":3,"minecraft:ominous_trial_key":1,"minecraft:melon_slice":18,"minecraft:bread":40,"minecraft:iron_pickaxe":120,"minecraft:chiseled_tuff_bricks":1,"minecraft:stone_axe":55,"minecraft:cobblestone":64,"minecraft:bucket":12,"minecraft:coarse_dirt":1},"minecraft:broken":{"minecraft:stone_pickaxe":1,"minecraft:wooden_axe":1},"minecraft:crafted":{"minecraft:oak_planks":28,"minecraft:stone_shovel":1,"minecraft:furnace":3,"minecraft:cooked_mutton":12,"minecraft:glass":20,"travelersbackpack:white_sleeping_bag":5,"minecraft:bow":3,"minecraft:iron_axe":2,"minecraft:stone_pickaxe":1,"minecraft:chest":3,"minecraft:cooked_beef":1,"minecraft:crafting_table":2,"travelersbackpack:backpack_tank":5,"minecraft:wooden_pickaxe":1,"travelersbackpack:standard":2,"minecraft:iron_sword":2,"minecraft:stone_axe":1,"minecraft:air":0,"minecraft:stick":28,"minecraft:iron_ingot":6,"minecraft:iron_pickaxe":1,"minecraft:wooden_axe":1,"minecraft:stone_sword":1,"minecraft:white_bed":1,"minecraft:acacia_planks":24,"minecraft:torch":20},"minecraft:killed":{"minecraft:cave_spider":1,"minecraft:spider":1,"minecraft:slime":28,"minecraft:chicken":4,"minecraft:pig":3,"minecraft:creeper":1,"minecraft:sheep":20,"minecraft:zombie":3,"minecraft:stray":34,"minecraft:breeze":6,"minecraft:cow":16},"minecraft:custom":{"minecraft:mob_kills":121,"minecraft:interact_with_crafting_table":32,"minecraft:open_barrel":13,"minecraft:time_since_death":4294,"minecraft:climb_one_cm":5541,"minecraft:sprint_one_cm":340481,"minecraft:walk_one_cm":310862,"minecraft:damage_blocked_by_shield":1210,"minecraft:drop":58,"minecraft:talked_to_villager":1,"minecraft:play_time":130632,"minecraft:deaths":2,"minecraft:sneak_time":4104,"minecraft:walk_under_water_one_cm":1725,"minecraft:jump":1662,"minecraft:walk_on_water_one_cm":11176,"minecraft:total_world_time":130632,"minecraft:interact_with_furnace":37,"minecraft:interact_with_stonecutter":1,"minecraft:sleep_in_bed":2,"minecraft:time_since_rest":4333,"minecraft:damage_taken":3581,"minecraft:damage_dealt":12742,"minecraft:swim_one_cm":21641,"minecraft:fly_one_cm":271681,"minecraft:open_chest":12,"minecraft:crouch_one_cm":10042,"minecraft:fall_one_cm":45013,"minecraft:inspect_dispenser":23},"minecraft:mined":{"minecraft:white_bed":2,"minecraft:granite":2,"minecraft:acacia_log":6,"minecraft:grass_block":1,"minecraft:decorated_pot":15,"minecraft:moss_block":1,"minecraft:tuff_bricks":7,"minecraft:spawner":2,"minecraft:furnace":1,"minecraft:iron_ore":11,"minecraft:fire":1,"minecraft:pointed_dripstone":11,"minecraft:waxed_weathered_copper_bulb":1,"minecraft:stone":105,"travelersbackpack:standard":2,"minecraft:oak_fence":2,"minecraft:crafting_table":6,"minecraft:short_grass":17,"minecraft:cobblestone":7,"minecraft:copper_ore":1,"minecraft:lapis_ore":5,"minecraft:lily_pad":1,"minecraft:sugar_cane":3,"minecraft:oak_planks":2,"minecraft:coarse_dirt":1,"minecraft:waxed_copper_block":1,"minecraft:coal_ore":91,"minecraft:oak_log":10,"minecraft:flower_pot":1,"minecraft:sand":31,"minecraft:dripstone_block":1,"minecraft:cobweb":37,"minecraft:oak_button":1,"minecraft:small_dripleaf":1,"minecraft:oak_leaves":4,"minecraft:deepslate":9},"minecraft:picked_up":{"minecraft:crafting_table":8,"minecraft:coarse_dirt":1,"minecraft:iron_chestplate":2,"minecraft:ominous_bottle":3,"minecraft:chicken":4,"minecraft:potion":4,"minecraft:brick":30,"minecraft:shield":4,"minecraft:wind_charge":9,"minecraft:string":102,"minecraft:raw_copper":8,"minecraft:iron_axe":4,"minecraft:flint_and_steel":3,"minecraft:iron_leggings":2,"minecraft:cobbled_deepslate":4,"minecraft:beef":23,"minecraft:trial_key":15,"minecraft:chiseled_tuff":1,"minecraft:iron_nugget":2,"minecraft:light_gray_wool":2,"minecraft:iron_pickaxe":4,"minecraft:guster_pottery_sherd":2,"minecraft:melon_slice":38,"minecraft:sugar_cane":5,"minecraft:chest":1,"minecraft:egg":16,"minecraft:iron_boots":1,"minecraft:furnace":5,"minecraft:tipped_arrow":29,"minecraft:stick":4,"minecraft:raw_iron":19,"minecraft:bamboo_hanging_sign":2,"minecraft:oak_fence":4,"minecraft:torch":7,"minecraft:acacia_log":6,"minecraft:fire_charge":5,"minecraft:porkchop":5,"minecraft:stone_button":4,"minecraft:waxed_weathered_copper_bulb":1,"minecraft:pointed_dripstone":33,"minecraft:stone_sword":1,"minecraft:arrow":253,"minecraft:rotten_flesh":11,"minecraft:stone_shovel":1,"minecraft:decorated_pot":9,"minecraft:flow_armor_trim_smithing_template":1,"minecraft:gold_ingot":10,"minecraft:tuff_bricks":17,"minecraft:mutton":33,"minecraft:white_wool":19,"minecraft:cobblestone":149,"minecraft:heartbreak_pottery_sherd":1,"minecraft:feather":3,"minecraft:golden_carrot":2,"minecraft:water_bucket":3,"minecraft:leather":29,"minecraft:red_glazed_terracotta":1,"minecraft:waxed_copper_bulb":1,"minecraft:waxed_copper_block":5,"minecraft:oak_log":15,"minecraft:lily_pad":1,"minecraft:dirt":1,"minecraft:lapis_lazuli":38,"minecraft:name_tag":2,"minecraft:cooked_mutton":14,"minecraft:glass":10,"minecraft:bone":32,"minecraft:bow":6,"minecraft:wheat_seeds":3,"minecraft:iron_ingot":51,"minecraft:cooked_chicken":3,"minecraft:blade_pottery_sherd":1,"minecraft:iron_sword":1,"minecraft:stone_hoe":1,"minecraft:oak_planks":52,"minecraft:dripstone_block":2,"minecraft:sand":40,"minecraft:white_bed":2,"minecraft:polished_tuff":7,"minecraft:spider_eye":4,"travelersbackpack:white_sleeping_bag":1,"travelersbackpack:standard":3,"minecraft:slime_ball":54,"minecraft:diamond":1,"minecraft:stone_axe":1,"minecraft:breeze_rod":3,"minecraft:miner_pottery_sherd":1,"minecraft:waxed_oxidized_copper_grate":8,"minecraft:iron_helmet":3,"minecraft:crossbow":1,"minecraft:granite":3,"minecraft:golden_apple":2,"minecraft:gray_wool":1,"minecraft:emerald":59,"minecraft:oak_button":2,"minecraft:bread":191,"minecraft:baked_potato":18,"minecraft:oak_sapling":1,"minecraft:ominous_trial_key":4,"minecraft:coal":213,"minecraft:mangrove_propagule":1,"minecraft:chiseled_tuff_bricks":1},"minecraft:dropped":{"minecraft:bread":40,"minecraft:enchanted_book":1,"minecraft:iron_ingot":2,"minecraft:iron_sword":1,"minecraft:wheat_seeds":3,"minecraft:baked_potato":18,"minecraft:diamond":1,"minecraft:decorated_pot":1,"minecraft:iron_helmet":1,"minecraft:mangrove_propagule":1,"minecraft:ominous_trial_key":1,"minecraft:coal":31,"travelersbackpack:standard":2,"minecraft:golden_apple":1,"minecraft:stone_button":2,"minecraft:potion":2,"minecraft:iron_axe":5,"minecraft:iron_pickaxe":1,"minecraft:lily_pad":1,"minecraft:stone_axe":1,"minecraft:iron_nugget":1,"minecraft:bamboo_hanging_sign":2,"minecraft:stone_shovel":1,"minecraft:rotten_flesh":8,"minecraft:oak_planks":18,"minecraft:name_tag":1,"minecraft:cooked_mutton":14,"minecraft:tipped_arrow":4,"minecraft:oak_button":1,"minecraft:trial_key":5,"minecraft:iron_chestplate":1,"minecraft:blade_pottery_sherd":1,"minecraft:breeze_rod":1,"minecraft:miner_pottery_sherd":1,"minecraft:spider_eye":3,"minecraft:arrow":67,"minecraft:bow":1,"minecraft:wooden_pickaxe":1,"minecraft:heartbreak_pottery_sherd":1}},"DataVersion":3953}