{
  "minecraft:recipes/decorations/crafting_table": {
    "criteria": {
      "unlock_right_away": "2024-06-17 21:20:28 +0000"
    },
    "done": true
  },
  "betterdungeons:root": {
    "criteria": {
      "always": "2024-06-17 21:20:28 +0000"
    },
    "done": true
  },
  "betterdeserttemples:root": {
    "criteria": {
      "always": "2024-06-17 21:20:28 +0000"
    },
    "done": true
  },
  "dungeons_arise:wda_root": {
    "criteria": {
      "WDA": "2024-06-17 21:20:28 +0000"
    },
    "done": true
  },
  "advancednetherite:recipes/building_blocks/netherite_iron_block": {
    "criteria": {
      "has_the_recipe": "2024-06-17 21:20:29 +0000"
    },
    "done": true
  },
  "mcwfences:recipes/dark_oak": {
    "criteria": {
      "has_dark_oak": "2024-06-17 21:20:29 +0000"
    },
    "done": true
  },
  "mcwfences:recipes/crimson": {
    "criteria": {
      "has_crimson": "2024-06-17 21:20:29 +0000"
    },
    "done": true
  },
  "mcwfences:recipes/jungle": {
    "criteria": {
      "has_jungle": "2024-06-17 21:20:29 +0000"
    },
    "done": true
  },
  "naturalist:recipes/food/cooked_egg": {
    "criteria": {
      "has_eggs": "2024-06-17 21:20:29 +0000"
    },
    "done": true
  },
  "mcwfences:recipes/warped": {
    "criteria": {
      "has_warped": "2024-06-17 21:20:29 +0000"
    },
    "done": true
  },
  "croptopia:recipes/campfire_toast": {
    "criteria": {
      "has_bread": "2024-06-17 21:20:29 +0000"
    },
    "done": true
  },
  "advancednetherite:recipes/netherite_diamond_block": {
    "criteria": {
      "has_ingredients": "2024-06-17 21:20:29 +0000"
    },
    "done": true
  },
  "advancednetherite:recipes/misc/netherite_diamond_ingot": {
    "criteria": {
      "has_the_recipe": "2024-06-17 21:20:29 +0000"
    },
    "done": true
  },
  "mcwfences:recipes/birch": {
    "criteria": {
      "has_birch": "2024-06-17 21:20:29 +0000"
    },
    "done": true
  },
  "mcwfences:recipes/stone": {
    "criteria": {
      "has_stone": "2024-06-17 21:20:29 +0000"
    },
    "done": true
  },
  "advancednetherite:recipes/building_blocks/netherite_emerald_block": {
    "criteria": {
      "has_the_recipe": "2024-06-17 21:20:29 +0000"
    },
    "done": true
  },
  "mcwfences:recipes/sandstone": {
    "criteria": {
      "has_sand": "2024-06-17 21:20:29 +0000"
    },
    "done": true
  },
  "mcwfences:recipes/acacia": {
    "criteria": {
      "has_acacia": "2024-06-17 21:20:29 +0000"
    },
    "done": true
  },
  "mcwfences:recipes/oak": {
    "criteria": {
      "has_oak": "2024-06-17 21:20:29 +0000"
    },
    "done": true
  },
  "croptopia:recipes/cheeseburger": {
    "criteria": {
      "has_bread": "2024-06-17 21:20:29 +0000"
    },
    "done": true
  },
  "croptopia:recipes/food/toast_from_smoking_bread": {
    "criteria": {
      "has_bread": "2024-06-17 21:20:29 +0000"
    },
    "done": true
  },
  "mcwfences:recipes/hedge": {
    "criteria": {
      "has_birch": "2024-06-17 21:20:29 +0000"
    },
    "done": true
  },
  "advancednetherite:recipes/misc/netherite_emerald_ingot_from_block": {
    "criteria": {
      "has_the_recipe": "2024-06-17 21:20:29 +0000"
    },
    "done": true
  },
  "advancednetherite:recipes/netherite_iron_block": {
    "criteria": {
      "has_ingredients": "2024-06-17 21:20:29 +0000"
    },
    "done": true
  },
  "advancednetherite:recipes/netherite_ingots": {
    "criteria": {
      "has_ingredients": "2024-06-17 21:20:29 +0000"
    },
    "done": true
  },
  "advancednetherite:recipes/netherite_emerald_block": {
    "criteria": {
      "has_ingredients": "2024-06-17 21:20:29 +0000"
    },
    "done": true
  },
  "blockus:recipes/building_blocks/bread_box": {
    "criteria": {
      "has_bread": "2024-06-17 21:20:29 +0000"
    },
    "done": true
  },
  "advancednetherite:recipes/netherite_gold_block": {
    "criteria": {
      "has_ingredients": "2024-06-17 21:20:29 +0000"
    },
    "done": true
  },
  "advancednetherite:recipes/misc/netherite_diamond_ingot_from_block": {
    "criteria": {
      "has_the_recipe": "2024-06-17 21:20:29 +0000"
    },
    "done": true
  },
  "mcwfences:recipes/prismarine": {
    "criteria": {
      "has_qq": "2024-06-17 21:20:29 +0000"
    },
    "done": true
  },
  "mcwfences:recipes/quartz": {
    "criteria": {
      "has_qq": "2024-06-17 21:20:29 +0000"
    },
    "done": true
  },
  "mcwfences:recipes/mangrove": {
    "criteria": {
      "has_mangrove": "2024-06-17 21:20:29 +0000"
    },
    "done": true
  },
  "advancednetherite:recipes/building_blocks/netherite_diamond_block": {
    "criteria": {
      "has_the_recipe": "2024-06-17 21:20:29 +0000"
    },
    "done": true
  },
  "mcwfences:recipes/nether": {
    "criteria": {
      "has_nether_brick": "2024-06-17 21:20:29 +0000"
    },
    "done": true
  },
  "mcwfences:recipes/bamboo": {
    "criteria": {
      "has_bamboo": "2024-06-17 21:20:29 +0000"
    },
    "done": true
  },
  "advancednetherite:recipes/building_blocks/netherite_gold_block": {
    "criteria": {
      "has_the_recipe": "2024-06-17 21:20:29 +0000"
    },
    "done": true
  },
  "mcwfences:recipes/spruce": {
    "criteria": {
      "has_spruce": "2024-06-17 21:20:29 +0000"
    },
    "done": true
  },
  "advancednetherite:recipes/misc/netherite_gold_ingot": {
    "criteria": {
      "has_the_recipe": "2024-06-17 21:20:29 +0000"
    },
    "done": true
  },
  "advancednetherite:recipes/misc/netherite_gold_ingot_from_block": {
    "criteria": {
      "has_the_recipe": "2024-06-17 21:20:29 +0000"
    },
    "done": true
  },
  "croptopia:recipes/food/toast_from_bread": {
    "criteria": {
      "has_bread": "2024-06-17 21:20:29 +0000"
    },
    "done": true
  },
  "mcwfences:recipes/end": {
    "criteria": {
      "has_end_brick": "2024-06-17 21:20:29 +0000"
    },
    "done": true
  },
  "advancednetherite:recipes/misc/netherite_iron_ingot_from_block": {
    "criteria": {
      "has_the_recipe": "2024-06-17 21:20:29 +0000"
    },
    "done": true
  },
  "mcwfences:recipes/mud_brick": {
    "criteria": {
      "has_qq": "2024-06-17 21:20:29 +0000"
    },
    "done": true
  },
  "mcwfences:recipes/blackstone": {
    "criteria": {
      "has_blackstone": "2024-06-17 21:20:29 +0000"
    },
    "done": true
  },
  "advancednetherite:recipes/misc/netherite_emerald_ingot": {
    "criteria": {
      "has_the_recipe": "2024-06-17 21:20:29 +0000"
    },
    "done": true
  },
  "mcwfences:recipes/deepslate": {
    "criteria": {
      "has_deepslate": "2024-06-17 21:20:29 +0000"
    },
    "done": true
  },
  "advancednetherite:recipes/misc/netherite_iron_ingot": {
    "criteria": {
      "has_the_recipe": "2024-06-17 21:20:29 +0000"
    },
    "done": true
  },
  "minecraft:adventure/adventuring_time": {
    "criteria": {
      "minecraft:sparse_jungle": "2024-06-19 04:17:44 +0000",
      "minecraft:river": "2024-06-19 04:12:45 +0000",
      "minecraft:lukewarm_ocean": "2024-06-19 04:19:46 +0000",
      "minecraft:forest": "2024-06-17 21:20:30 +0000",
      "minecraft:desert": "2024-06-17 21:22:44 +0000",
      "minecraft:deep_lukewarm_ocean": "2024-06-19 04:20:30 +0000",
      "minecraft:savanna": "2024-06-19 04:24:02 +0000"
    },
    "done": false
  },
  "mca:root": {
    "criteria": {
      "village_desert": "2024-06-17 21:22:44 +0000"
    },
    "done": true
  },
  "minecraft:recipes/building_blocks/lime_concrete_powder": {
    "criteria": {
      "has_sand": "2024-06-17 21:24:24 +0000"
    },
    "done": true
  },
  "minecraft:recipes/building_blocks/magenta_concrete_powder": {
    "criteria": {
      "has_sand": "2024-06-17 21:24:24 +0000"
    },
    "done": true
  },
  "minecraft:recipes/building_blocks/black_concrete_powder": {
    "criteria": {
      "has_sand": "2024-06-17 21:24:24 +0000"
    },
    "done": true
  },
  "minecraft:recipes/building_blocks/cyan_concrete_powder": {
    "criteria": {
      "has_sand": "2024-06-17 21:24:24 +0000"
    },
    "done": true
  },
  "minecraft:recipes/building_blocks/pink_concrete_powder": {
    "criteria": {
      "has_sand": "2024-06-17 21:24:24 +0000"
    },
    "done": true
  },
  "minecraft:recipes/building_blocks/white_concrete_powder": {
    "criteria": {
      "has_sand": "2024-06-17 21:24:24 +0000"
    },
    "done": true
  },
  "minecraft:recipes/building_blocks/yellow_concrete_powder": {
    "criteria": {
      "has_sand": "2024-06-17 21:24:24 +0000"
    },
    "done": true
  },
  "minecraft:recipes/building_blocks/sandstone": {
    "criteria": {
      "has_sand": "2024-06-17 21:24:24 +0000"
    },
    "done": true
  },
  "minecraft:recipes/building_blocks/red_concrete_powder": {
    "criteria": {
      "has_sand": "2024-06-17 21:24:24 +0000"
    },
    "done": true
  },
  "minecraft:recipes/building_blocks/green_concrete_powder": {
    "criteria": {
      "has_sand": "2024-06-17 21:24:24 +0000"
    },
    "done": true
  },
  "minecraft:recipes/building_blocks/blue_concrete_powder": {
    "criteria": {
      "has_sand": "2024-06-17 21:24:24 +0000"
    },
    "done": true
  },
  "minecraft:recipes/building_blocks/orange_concrete_powder": {
    "criteria": {
      "has_sand": "2024-06-17 21:24:24 +0000"
    },
    "done": true
  },
  "minecraft:recipes/building_blocks/purple_concrete_powder": {
    "criteria": {
      "has_sand": "2024-06-17 21:24:24 +0000"
    },
    "done": true
  },
  "minecraft:recipes/building_blocks/light_gray_concrete_powder": {
    "criteria": {
      "has_sand": "2024-06-17 21:24:24 +0000"
    },
    "done": true
  },
  "minecraft:recipes/building_blocks/brown_concrete_powder": {
    "criteria": {
      "has_sand": "2024-06-17 21:24:24 +0000"
    },
    "done": true
  },
  "minecraft:recipes/building_blocks/light_blue_concrete_powder": {
    "criteria": {
      "has_sand": "2024-06-17 21:24:24 +0000"
    },
    "done": true
  },
  "minecraft:recipes/building_blocks/glass": {
    "criteria": {
      "has_smelts_to_glass": "2024-06-17 21:24:24 +0000"
    },
    "done": true
  },
  "blockus:recipes/building_blocks/sandy_bricks": {
    "criteria": {
      "has_sand": "2024-06-17 21:24:24 +0000"
    },
    "done": true
  },
  "minecraft:recipes/building_blocks/gray_concrete_powder": {
    "criteria": {
      "has_sand": "2024-06-17 21:24:24 +0000"
    },
    "done": true
  },
  "mcwroofs:recipes/concrete": {
    "criteria": {
      "has_planks": "2024-06-17 21:24:24 +0000"
    },
    "done": true
  },
  "mutantmonsters:root": {
    "criteria": {
      "killed_something": "2024-06-17 21:36:06 +0000"
    },
    "done": true
  },
  "minecraft:adventure/kill_a_mob": {
    "criteria": {
      "minecraft:spider": "2024-06-17 21:36:06 +0000"
    },
    "done": true
  },
  "minecraft:adventure/kill_all_mobs": {
    "criteria": {
      "minecraft:skeleton": "2024-06-19 03:47:58 +0000",
      "minecraft:spider": "2024-06-17 21:36:06 +0000",
      "minecraft:creeper": "2024-06-19 04:13:05 +0000",
      "minecraft:husk": "2024-06-19 03:47:41 +0000",
      "minecraft:stray": "2024-06-19 04:12:11 +0000",
      "minecraft:zombie": "2024-06-19 04:09:28 +0000"
    },
    "done": false
  },
  "minecraft:adventure/root": {
    "criteria": {
      "killed_something": "2024-06-17 21:36:06 +0000"
    },
    "done": true
  },
  "minecraft:recipes/redstone/tripwire_hook": {
    "criteria": {
      "has_string": "2024-06-17 21:36:07 +0000"
    },
    "done": true
  },
  "minecraft:recipes/decorations/candle": {
    "criteria": {
      "has_string": "2024-06-17 21:36:07 +0000"
    },
    "done": true
  },
  "minecraft:recipes/combat/bow": {
    "criteria": {
      "has_string": "2024-06-17 21:36:07 +0000"
    },
    "done": true
  },
  "mca:recipes/misc/needle_and_thread": {
    "criteria": {
      "has_item": "2024-06-17 21:36:07 +0000"
    },
    "done": true
  },
  "supplementaries:recipes/bomb": {
    "criteria": {
      "has_string": "2024-06-17 21:36:07 +0000"
    },
    "done": true
  },
  "supplementaries:recipes/slingshot": {
    "criteria": {
      "has_string": "2024-06-17 21:36:07 +0000"
    },
    "done": true
  },
  "minecraft:recipes/combat/crossbow": {
    "criteria": {
      "has_string": "2024-06-17 21:36:07 +0000"
    },
    "done": true
  },
  "supplementaries:recipes/sack": {
    "criteria": {
      "has_string": "2024-06-17 21:36:07 +0000"
    },
    "done": true
  },
  "minecraft:recipes/tools/fishing_rod": {
    "criteria": {
      "has_string": "2024-06-17 21:36:07 +0000"
    },
    "done": true
  },
  "travelersbackpack:recipes/misc/spider": {
    "criteria": {
      "has_string": "2024-06-17 21:36:07 +0000"
    },
    "done": true
  },
  "minecraft:recipes/building_blocks/white_wool_from_string": {
    "criteria": {
      "has_string": "2024-06-17 21:36:07 +0000"
    },
    "done": true
  },
  "minecraft:recipes/decorations/loom": {
    "criteria": {
      "has_string": "2024-06-17 21:36:07 +0000"
    },
    "done": true
  },
  "minecraft:husbandry/balanced_diet": {
    "criteria": {
      "bread": "2024-06-19 03:47:09 +0000"
    },
    "done": false
  },
  "minecraft:husbandry/root": {
    "criteria": {
      "consumed_item": "2024-06-19 03:47:09 +0000"
    },
    "done": true
  },
  "blockus:recipes/building_blocks/rotten_flesh_block": {
    "criteria": {
      "has_rotten_flesh": "2024-06-19 03:48:13 +0000"
    },
    "done": true
  },
  "minecraft:adventure/sleep_in_bed": {
    "criteria": {
      "slept_in_bed": "2024-06-19 03:48:58 +0000"
    },
    "done": true
  },
  "minecraft:recipes/decorations/chest": {
    "criteria": {
      "has_lots_of_items": "2024-06-19 03:51:48 +0000"
    },
    "done": true
  },
  "wythers:world_explorer": {
    "criteria": {
      "wythers:tropical_forest_river": "2024-06-19 05:30:14 +0000",
      "wythers:dry_tropical_grassland": "2024-06-19 05:13:13 +0000",
      "wythers:scrub_forest": "2024-06-19 05:12:02 +0000",
      "wythers:scrubland": "2024-06-19 05:04:55 +0000",
      "wythers:savanna_river": "2024-06-19 05:01:15 +0000",
      "wythers:dry_tropical_forest": "2024-06-19 05:12:25 +0000",
      "wythers:humid_tropical_grassland": "2024-06-19 05:22:17 +0000",
      "wythers:tropical_beach": "2024-06-19 03:57:12 +0000",
      "wythers:tropical_forest": "2024-06-19 04:26:43 +0000",
      "wythers:underground": "2024-06-19 05:16:44 +0000",
      "wythers:sandy_jungle": "2024-06-19 04:12:48 +0000",
      "wythers:wooded_savanna": "2024-06-19 05:28:32 +0000",
      "wythers:badlands_river": "2024-06-19 05:13:09 +0000",
      "wythers:coastal_mangroves": "2024-06-19 04:21:41 +0000",
      "wythers:badlands_desert": "2024-06-19 05:12:13 +0000",
      "wythers:desert_river": "2024-06-19 03:51:58 +0000"
    },
    "done": false
  },
  "naturescompass:natures_compass_sapling": {
    "criteria": {
      "has_recipe": "2024-06-19 03:52:02 +0000"
    },
    "done": true
  },
  "blockus:recipes/misc/charcoal": {
    "criteria": {
      "has_the_recipe": "2024-06-19 03:52:02 +0000"
    },
    "done": true
  },
  "minecraft:recipes/misc/charcoal": {
    "criteria": {
      "has_log": "2024-06-19 03:52:02 +0000"
    },
    "done": true
  },
  "naturescompass:natures_compass_log": {
    "criteria": {
      "has_log": "2024-06-19 03:52:02 +0000"
    },
    "done": true
  },
  "minecraft:recipes/building_blocks/jungle_planks": {
    "criteria": {
      "has_logs": "2024-06-19 03:52:02 +0000"
    },
    "done": true
  },
  "terrestria:recipes/transportation/japanese_maple_boat": {
    "criteria": {
      "in_water": "2024-06-19 03:53:55 +0000"
    },
    "done": true
  },
  "minecraft:recipes/transportation/cherry_boat": {
    "criteria": {
      "in_water": "2024-06-19 03:53:55 +0000"
    },
    "done": true
  },
  "terrestria:recipes/transportation/yucca_palm_boat": {
    "criteria": {
      "in_water": "2024-06-19 03:53:55 +0000"
    },
    "done": true
  },
  "traverse:recipes/transportation/fir_boat": {
    "criteria": {
      "in_water": "2024-06-19 03:53:55 +0000"
    },
    "done": true
  },
  "terrestria:recipes/transportation/sakura_boat": {
    "criteria": {
      "in_water": "2024-06-19 03:53:55 +0000"
    },
    "done": true
  },
  "terrestria:recipes/transportation/willow_boat": {
    "criteria": {
      "in_water": "2024-06-19 03:53:55 +0000"
    },
    "done": true
  },
  "minecraft:recipes/transportation/acacia_boat": {
    "criteria": {
      "in_water": "2024-06-19 03:53:55 +0000"
    },
    "done": true
  },
  "minecraft:recipes/transportation/jungle_boat": {
    "criteria": {
      "in_water": "2024-06-19 03:53:55 +0000"
    },
    "done": true
  },
  "minecraft:recipes/transportation/spruce_boat": {
    "criteria": {
      "in_water": "2024-06-19 03:53:55 +0000"
    },
    "done": true
  },
  "terrestria:recipes/transportation/rubber_boat": {
    "criteria": {
      "in_water": "2024-06-19 03:53:55 +0000"
    },
    "done": true
  },
  "minecraft:recipes/transportation/mangrove_boat": {
    "criteria": {
      "in_water": "2024-06-19 03:53:55 +0000"
    },
    "done": true
  },
  "minecraft:recipes/transportation/dark_oak_boat": {
    "criteria": {
      "in_water": "2024-06-19 03:53:55 +0000"
    },
    "done": true
  },
  "terrestria:recipes/transportation/rainbow_eucalyptus_boat": {
    "criteria": {
      "in_water": "2024-06-19 03:53:55 +0000"
    },
    "done": true
  },
  "blockus:recipes/building_blocks/raw_bamboo_raft": {
    "criteria": {
      "in_water": "2024-06-19 03:53:55 +0000"
    },
    "done": true
  },
  "minecraft:recipes/transportation/bamboo_raft": {
    "criteria": {
      "in_water": "2024-06-19 03:53:55 +0000"
    },
    "done": true
  },
  "terrestria:recipes/transportation/redwood_boat": {
    "criteria": {
      "in_water": "2024-06-19 03:53:55 +0000"
    },
    "done": true
  },
  "fishofthieves:root": {
    "criteria": {
      "in_water": "2024-06-19 03:53:55 +0000"
    },
    "done": true
  },
  "blockus:recipes/building_blocks/charred_boat": {
    "criteria": {
      "in_water": "2024-06-19 03:53:55 +0000"
    },
    "done": true
  },
  "blockus:recipes/building_blocks/white_oak_boat": {
    "criteria": {
      "in_water": "2024-06-19 03:53:55 +0000"
    },
    "done": true
  },
  "terrestria:recipes/transportation/cypress_boat": {
    "criteria": {
      "in_water": "2024-06-19 03:53:55 +0000"
    },
    "done": true
  },
  "minecraft:recipes/transportation/birch_boat": {
    "criteria": {
      "in_water": "2024-06-19 03:53:55 +0000"
    },
    "done": true
  },
  "minecraft:recipes/transportation/oak_boat": {
    "criteria": {
      "in_water": "2024-06-19 03:53:55 +0000"
    },
    "done": true
  },
  "terrestria:recipes/transportation/hemlock_boat": {
    "criteria": {
      "in_water": "2024-06-19 03:53:55 +0000"
    },
    "done": true
  },
  "mcwbridges:recipes/rope_jungle_bridge": {
    "criteria": {
      "has_planks": "2024-06-19 03:55:18 +0000"
    },
    "done": true
  },
  "snowyspirit:recipes/decorations/sled_jungle": {
    "criteria": {
      "has_planks": "2024-06-19 03:55:18 +0000"
    },
    "done": true
  },
  "adorn:recipes/crate": {
    "criteria": {
      "has_key_item_0": "2024-06-19 03:55:18 +0000"
    },
    "done": true
  },
  "minecraft:recipes/misc/stick": {
    "criteria": {
      "has_planks": "2024-06-19 03:55:18 +0000"
    },
    "done": true
  },
  "handcrafted:recipes/misc/jungle_side_table": {
    "criteria": {
      "has_jungle_side_table": "2024-06-19 03:55:18 +0000"
    },
    "done": true
  },
  "adorn:recipes/jungle_kitchen_counter": {
    "criteria": {
      "has_planks": "2024-06-19 03:55:18 +0000"
    },
    "done": true
  },
  "minecraft:recipes/building_blocks/jungle_stairs": {
    "criteria": {
      "has_planks": "2024-06-19 03:55:18 +0000"
    },
    "done": true
  },
  "handcrafted:recipes/misc/bear_trophy": {
    "criteria": {
      "has_bear_trophy": "2024-06-19 03:55:18 +0000"
    },
    "done": true
  },
  "adorn:recipes/jungle_post": {
    "criteria": {
      "has_jungle_planks": "2024-06-19 03:55:18 +0000"
    },
    "done": true
  },
  "handcrafted:recipes/misc/jungle_dining_bench": {
    "criteria": {
      "has_jungle_dining_bench": "2024-06-19 03:55:18 +0000"
    },
    "done": true
  },
  "supplementaries:recipes/sign_post_jungle": {
    "criteria": {
      "has_the_recipe": "2024-06-19 03:55:18 +0000"
    },
    "done": true
  },
  "minecraft:recipes/redstone/jungle_trapdoor": {
    "criteria": {
      "has_planks": "2024-06-19 03:55:18 +0000"
    },
    "done": true
  },
  "mcwpaths:recipes/jungle": {
    "criteria": {
      "has_wood": "2024-06-19 03:55:18 +0000"
    },
    "done": true
  },
  "handcrafted:recipes/misc/jungle_drawer": {
    "criteria": {
      "has_jungle_drawer": "2024-06-19 03:55:18 +0000"
    },
    "done": true
  },
  "minecraft:recipes/decorations/jungle_sign": {
    "criteria": {
      "has_planks": "2024-06-19 03:55:18 +0000"
    },
    "done": true
  },
  "handcrafted:recipes/misc/goat_trophy": {
    "criteria": {
      "has_goat_trophy": "2024-06-19 03:55:18 +0000"
    },
    "done": true
  },
  "supplementaries:recipes/turn_table": {
    "criteria": {
      "minecraft:planks": "2024-06-19 03:55:18 +0000"
    },
    "done": true
  },
  "minecraft:recipes/decorations/jungle_fence": {
    "criteria": {
      "has_planks": "2024-06-19 03:55:18 +0000"
    },
    "done": true
  },
  "handcrafted:recipes/misc/jungle_corner_trim": {
    "criteria": {
      "has_jungle_corner_trim": "2024-06-19 03:55:18 +0000"
    },
    "done": true
  },
  "handcrafted:recipes/misc/jungle_shelf": {
    "criteria": {
      "has_jungle_shelf": "2024-06-19 03:55:18 +0000"
    },
    "done": true
  },
  "handcrafted:recipes/misc/blaze_trophy": {
    "criteria": {
      "has_blaze_trophy": "2024-06-19 03:55:18 +0000"
    },
    "done": true
  },
  "handcrafted:recipes/misc/wolf_trophy": {
    "criteria": {
      "has_wolf_trophy": "2024-06-19 03:55:18 +0000"
    },
    "done": true
  },
  "mcwroofs:recipes/jungle_planks": {
    "criteria": {
      "has_planks": "2024-06-19 03:55:18 +0000"
    },
    "done": true
  },
  "handcrafted:recipes/misc/jungle_table": {
    "criteria": {
      "has_jungle_table": "2024-06-19 03:55:18 +0000"
    },
    "done": true
  },
  "supplementaries:recipes/bed_from_feather_block": {
    "criteria": {
      "minecraft:planks": "2024-06-19 03:55:18 +0000"
    },
    "done": true
  },
  "supplementaries:recipes/decorations/sign_post_jungle": {
    "criteria": {
      "has_planks": "2024-06-19 03:55:18 +0000"
    },
    "done": true
  },
  "handcrafted:recipes/misc/spider_trophy": {
    "criteria": {
      "has_spider_trophy": "2024-06-19 03:55:18 +0000"
    },
    "done": true
  },
  "supplementaries:recipes/notice_board": {
    "criteria": {
      "minecraft:planks": "2024-06-19 03:55:18 +0000"
    },
    "done": true
  },
  "mcwbridges:recipes/jungle_rail_bridge": {
    "criteria": {
      "has_planks": "2024-06-19 03:55:18 +0000"
    },
    "done": true
  },
  "adorn:recipes/picket_fence": {
    "criteria": {
      "has_key_item_0": "2024-06-19 03:55:18 +0000"
    },
    "done": true
  },
  "minecraft:recipes/redstone/jungle_pressure_plate": {
    "criteria": {
      "has_planks": "2024-06-19 03:55:18 +0000"
    },
    "done": true
  },
  "handcrafted:recipes/misc/skeleton_horse_trophy": {
    "criteria": {
      "has_skeleton_horse_trophy": "2024-06-19 03:55:18 +0000"
    },
    "done": true
  },
  "handcrafted:recipes/misc/jungle_counter": {
    "criteria": {
      "has_jungle_counter": "2024-06-19 03:55:18 +0000"
    },
    "done": true
  },
  "handcrafted:recipes/misc/wither_skeleton_trophy": {
    "criteria": {
      "has_wither_skeleton_trophy": "2024-06-19 03:55:18 +0000"
    },
    "done": true
  },
  "mcwbridges:recipes/jungle_log_bridge_middle": {
    "criteria": {
      "has_planks": "2024-06-19 03:55:18 +0000"
    },
    "done": true
  },
  "handcrafted:recipes/misc/jungle_pillar_trim": {
    "criteria": {
      "has_jungle_pillar_trim": "2024-06-19 03:55:18 +0000"
    },
    "done": true
  },
  "supplementaries:recipes/lock_block": {
    "criteria": {
      "minecraft:planks": "2024-06-19 03:55:18 +0000"
    },
    "done": true
  },
  "handcrafted:recipes/misc/salmon_trophy": {
    "criteria": {
      "has_salmon_trophy": "2024-06-19 03:55:18 +0000"
    },
    "done": true
  },
  "adorn:recipes/jungle_kitchen_cupboard": {
    "criteria": {
      "has_planks": "2024-06-19 03:55:18 +0000"
    },
    "done": true
  },
  "handcrafted:recipes/misc/silverfish_trophy": {
    "criteria": {
      "has_silverfish_trophy": "2024-06-19 03:55:18 +0000"
    },
    "done": true
  },
  "blockus:recipes/building_blocks/charred_planks": {
    "criteria": {
      "has_planks": "2024-06-19 03:55:18 +0000"
    },
    "done": true
  },
  "handcrafted:recipes/misc/jungle_nightstand": {
    "criteria": {
      "has_jungle_nightstand": "2024-06-19 03:55:18 +0000"
    },
    "done": true
  },
  "blockus:recipes/building_blocks/jungle_timber_frame": {
    "criteria": {
      "has_jungle_planks": "2024-06-19 03:55:18 +0000"
    },
    "done": true
  },
  "minecraft:recipes/redstone/jungle_door": {
    "criteria": {
      "has_planks": "2024-06-19 03:55:18 +0000"
    },
    "done": true
  },
  "supplementaries:recipes/clock_block": {
    "criteria": {
      "minecraft:planks": "2024-06-19 03:55:18 +0000"
    },
    "done": true
  },
  "blockus:recipes/building_blocks/herringbone_jungle_planks": {
    "criteria": {
      "has_jungle_planks": "2024-06-19 03:55:18 +0000"
    },
    "done": true
  },
  "minecraft:recipes/decorations/barrel": {
    "criteria": {
      "has_planks": "2024-06-19 03:55:18 +0000"
    },
    "done": true
  },
  "handcrafted:recipes/misc/jungle_cupboard": {
    "criteria": {
      "has_jungle_cupboard": "2024-06-19 03:55:18 +0000"
    },
    "done": true
  },
  "minecraft:recipes/building_blocks/jungle_slab": {
    "criteria": {
      "has_planks": "2024-06-19 03:55:18 +0000"
    },
    "done": true
  },
  "handcrafted:recipes/misc/jungle_chair": {
    "criteria": {
      "has_jungle_chair": "2024-06-19 03:55:18 +0000"
    },
    "done": true
  },
  "supplementaries:recipes/speaker_block": {
    "criteria": {
      "minecraft:planks": "2024-06-19 03:55:18 +0000"
    },
    "done": true
  },
  "handcrafted:recipes/misc/fox_trophy": {
    "criteria": {
      "has_fox_trophy": "2024-06-19 03:55:18 +0000"
    },
    "done": true
  },
  "handcrafted:recipes/misc/jungle_desk": {
    "criteria": {
      "has_jungle_desk": "2024-06-19 03:55:18 +0000"
    },
    "done": true
  },
  "minecraft:recipes/redstone/jungle_button": {
    "criteria": {
      "has_planks": "2024-06-19 03:55:18 +0000"
    },
    "done": true
  },
  "handcrafted:recipes/misc/tropical_fish_trophy": {
    "criteria": {
      "has_tropical_fish_trophy": "2024-06-19 03:55:18 +0000"
    },
    "done": true
  },
  "minecraft:recipes/redstone/jungle_fence_gate": {
    "criteria": {
      "has_planks": "2024-06-19 03:55:18 +0000"
    },
    "done": true
  },
  "handcrafted:recipes/misc/pufferfish_trophy": {
    "criteria": {
      "has_pufferfish_trophy": "2024-06-19 03:55:18 +0000"
    },
    "done": true
  },
  "handcrafted:recipes/misc/jungle_bench": {
    "criteria": {
      "has_jungle_bench": "2024-06-19 03:55:18 +0000"
    },
    "done": true
  },
  "adorn:recipes/jungle_kitchen_sink": {
    "criteria": {
      "has_planks": "2024-06-19 03:55:18 +0000"
    },
    "done": true
  },
  "handcrafted:recipes/misc/jungle_couch": {
    "criteria": {
      "has_jungle_couch": "2024-06-19 03:55:18 +0000"
    },
    "done": true
  },
  "handcrafted:recipes/misc/jungle_fancy_bed": {
    "criteria": {
      "has_jungle_fancy_bed": "2024-06-19 03:55:18 +0000"
    },
    "done": true
  },
  "supplementaries:recipes/pulley": {
    "criteria": {
      "minecraft:planks": "2024-06-19 03:55:18 +0000"
    },
    "done": true
  },
  "mcwtrpdoors:recipes/jungle/jungle_blossom_trapdoor": {
    "criteria": {
      "has_plankss": "2024-06-19 03:55:18 +0000"
    },
    "done": true
  },
  "travelersbackpack:recipes/misc/crafting_upgrade": {
    "criteria": {
      "has_crafting_table": "2024-06-19 03:55:22 +0000"
    },
    "done": true
  },
  "minecraft:story/root": {
    "criteria": {
      "crafting_table": "2024-06-19 03:55:22 +0000"
    },
    "done": true
  },
  "minecraft:recipes/building_blocks/oak_planks": {
    "criteria": {
      "has_logs": "2024-06-19 03:55:31 +0000"
    },
    "done": true
  },
  "adorn:recipes/oak_post": {
    "criteria": {
      "has_oak_planks": "2024-06-19 03:55:35 +0000"
    },
    "done": true
  },
  "handcrafted:recipes/misc/oak_drawer": {
    "criteria": {
      "has_oak_drawer": "2024-06-19 03:55:35 +0000"
    },
    "done": true
  },
  "mcwwindows:recipes/parapets": {
    "criteria": {
      "has_wood": "2024-06-19 03:55:35 +0000",
      "has_the_recipe": "2024-06-19 03:55:35 +0000"
    },
    "done": true
  },
  "handcrafted:recipes/misc/oak_shelf": {
    "criteria": {
      "has_oak_shelf": "2024-06-19 03:55:35 +0000"
    },
    "done": true
  },
  "minecraft:recipes/building_blocks/oak_slab": {
    "criteria": {
      "has_planks": "2024-06-19 03:55:35 +0000"
    },
    "done": true
  },
  "adorn:recipes/oak_kitchen_counter": {
    "criteria": {
      "has_planks": "2024-06-19 03:55:35 +0000"
    },
    "done": true
  },
  "mcwtrpdoors:recipes/oak/oak_blossom_trapdoor": {
    "criteria": {
      "has_plankss": "2024-06-19 03:55:35 +0000"
    },
    "done": true
  },
  "minecraft:recipes/redstone/oak_door": {
    "criteria": {
      "has_planks": "2024-06-19 03:55:35 +0000"
    },
    "done": true
  },
  "mcwbridges:recipes/asian_red_bridge_pier": {
    "criteria": {
      "has_planks": "2024-06-19 03:55:35 +0000"
    },
    "done": true
  },
  "handcrafted:recipes/misc/oak_counter": {
    "criteria": {
      "has_oak_counter": "2024-06-19 03:55:35 +0000"
    },
    "done": true
  },
  "minecraft:recipes/redstone/oak_trapdoor": {
    "criteria": {
      "has_planks": "2024-06-19 03:55:35 +0000"
    },
    "done": true
  },
  "mcwpaths:recipes/oak": {
    "criteria": {
      "has_wood": "2024-06-19 03:55:35 +0000"
    },
    "done": true
  },
  "handcrafted:recipes/misc/oak_bench": {
    "criteria": {
      "has_oak_bench": "2024-06-19 03:55:35 +0000"
    },
    "done": true
  },
  "mcwbridges:recipes/asian_red_bridge": {
    "criteria": {
      "has_planks": "2024-06-19 03:55:35 +0000"
    },
    "done": true
  },
  "mcwwindows:recipes/shutters": {
    "criteria": {
      "has_wood": "2024-06-19 03:55:35 +0000"
    },
    "done": true
  },
  "blockus:recipes/building_blocks/herringbone_oak_planks": {
    "criteria": {
      "has_oak_planks": "2024-06-19 03:55:35 +0000"
    },
    "done": true
  },
  "mcwbridges:recipes/rope_oak_bridge": {
    "criteria": {
      "has_planks": "2024-06-19 03:55:35 +0000"
    },
    "done": true
  },
  "handcrafted:recipes/misc/oak_couch": {
    "criteria": {
      "has_oak_couch": "2024-06-19 03:55:35 +0000"
    },
    "done": true
  },
  "mcwbridges:recipes/oak_rail_bridge": {
    "criteria": {
      "has_planks": "2024-06-19 03:55:35 +0000"
    },
    "done": true
  },
  "handcrafted:recipes/misc/oak_chair": {
    "criteria": {
      "has_oak_chair": "2024-06-19 03:55:35 +0000"
    },
    "done": true
  },
  "minecraft:recipes/redstone/oak_pressure_plate": {
    "criteria": {
      "has_planks": "2024-06-19 03:55:35 +0000"
    },
    "done": true
  },
  "handcrafted:recipes/misc/oak_cupboard": {
    "criteria": {
      "has_oak_cupboard": "2024-06-19 03:55:35 +0000"
    },
    "done": true
  },
  "handcrafted:recipes/misc/oak_nightstand": {
    "criteria": {
      "has_oak_nightstand": "2024-06-19 03:55:35 +0000"
    },
    "done": true
  },
  "minecraft:recipes/decorations/oak_sign": {
    "criteria": {
      "has_planks": "2024-06-19 03:55:35 +0000"
    },
    "done": true
  },
  "handcrafted:recipes/misc/oak_fancy_bed": {
    "criteria": {
      "has_oak_fancy_bed": "2024-06-19 03:55:35 +0000"
    },
    "done": true
  },
  "blockus:recipes/building_blocks/oak_timber_frame": {
    "criteria": {
      "has_oak_planks": "2024-06-19 03:55:35 +0000"
    },
    "done": true
  },
  "mcwwindows:recipes/blinds": {
    "criteria": {
      "has_wood": "2024-06-19 03:55:35 +0000"
    },
    "done": true
  },
  "handcrafted:recipes/misc/oak_table": {
    "criteria": {
      "has_oak_table": "2024-06-19 03:55:35 +0000"
    },
    "done": true
  },
  "handcrafted:recipes/misc/oak_corner_trim": {
    "criteria": {
      "has_oak_corner_trim": "2024-06-19 03:55:35 +0000"
    },
    "done": true
  },
  "mcwbridges:recipes/oak_log_bridge_middle": {
    "criteria": {
      "has_planks": "2024-06-19 03:55:35 +0000"
    },
    "done": true
  },
  "mcwroofs:recipes/oak_planks": {
    "criteria": {
      "has_planks": "2024-06-19 03:55:35 +0000"
    },
    "done": true
  },
  "handcrafted:recipes/misc/oak_dining_bench": {
    "criteria": {
      "has_oak_dining_bench": "2024-06-19 03:55:35 +0000"
    },
    "done": true
  },
  "minecraft:recipes/redstone/oak_fence_gate": {
    "criteria": {
      "has_planks": "2024-06-19 03:55:35 +0000"
    },
    "done": true
  },
  "handcrafted:recipes/misc/oak_desk": {
    "criteria": {
      "has_oak_desk": "2024-06-19 03:55:35 +0000"
    },
    "done": true
  },
  "minecraft:recipes/building_blocks/oak_stairs": {
    "criteria": {
      "has_planks": "2024-06-19 03:55:35 +0000"
    },
    "done": true
  },
  "minecraft:recipes/decorations/oak_fence": {
    "criteria": {
      "has_planks": "2024-06-19 03:55:35 +0000"
    },
    "done": true
  },
  "adorn:recipes/oak_kitchen_cupboard": {
    "criteria": {
      "has_planks": "2024-06-19 03:55:35 +0000"
    },
    "done": true
  },
  "minecraft:recipes/redstone/oak_button": {
    "criteria": {
      "has_planks": "2024-06-19 03:55:35 +0000"
    },
    "done": true
  },
  "handcrafted:recipes/misc/oak_pillar_trim": {
    "criteria": {
      "has_oak_pillar_trim": "2024-06-19 03:55:35 +0000"
    },
    "done": true
  },
  "adorn:recipes/oak_kitchen_sink": {
    "criteria": {
      "has_planks": "2024-06-19 03:55:35 +0000"
    },
    "done": true
  },
  "handcrafted:recipes/misc/oak_side_table": {
    "criteria": {
      "has_oak_side_table": "2024-06-19 03:55:35 +0000"
    },
    "done": true
  },
  "minecraft:recipes/decorations/ladder": {
    "criteria": {
      "has_stick": "2024-06-19 03:55:38 +0000"
    },
    "done": true
  },
  "supplementaries:recipes/flags/flag_magenta": {
    "criteria": {
      "has_stick": "2024-06-19 03:55:38 +0000"
    },
    "done": true
  },
  "minecraft:recipes/tools/wooden_axe": {
    "criteria": {
      "has_stick": "2024-06-19 03:55:38 +0000"
    },
    "done": true
  },
  "minecraft:recipes/decorations/campfire": {
    "criteria": {
      "has_stick": "2024-06-19 03:55:38 +0000"
    },
    "done": true
  },
  "supplementaries:recipes/flags/flag_black": {
    "criteria": {
      "has_stick": "2024-06-19 03:55:38 +0000"
    },
    "done": true
  },
  "minecraft:recipes/combat/wooden_sword": {
    "criteria": {
      "has_stick": "2024-06-19 03:55:38 +0000"
    },
    "done": true
  },
  "supplementaries:recipes/flags/flag_green": {
    "criteria": {
      "has_stick": "2024-06-19 03:55:38 +0000"
    },
    "done": true
  },
  "supplementaries:recipes/flags/flag_purple": {
    "criteria": {
      "has_stick": "2024-06-19 03:55:38 +0000"
    },
    "done": true
  },
  "supplementaries:recipes/flags/flag_white": {
    "criteria": {
      "has_stick": "2024-06-19 03:55:38 +0000"
    },
    "done": true
  },
  "supplementaries:recipes/flags/flag_gray": {
    "criteria": {
      "has_stick": "2024-06-19 03:55:38 +0000"
    },
    "done": true
  },
  "blockus:recipes/building_blocks/wooden_frame": {
    "criteria": {
      "has_stick": "2024-06-19 03:55:38 +0000"
    },
    "done": true
  },
  "supplementaries:recipes/flags/flag_light_blue": {
    "criteria": {
      "has_stick": "2024-06-19 03:55:38 +0000"
    },
    "done": true
  },
  "minecraft:recipes/tools/wooden_pickaxe": {
    "criteria": {
      "has_stick": "2024-06-19 03:55:38 +0000"
    },
    "done": true
  },
  "supplementaries:recipes/flags/flag_cyan": {
    "criteria": {
      "has_stick": "2024-06-19 03:55:38 +0000"
    },
    "done": true
  },
  "supplementaries:recipes/flags/flag_red": {
    "criteria": {
      "has_stick": "2024-06-19 03:55:38 +0000"
    },
    "done": true
  },
  "supplementaries:recipes/flags/flag_orange": {
    "criteria": {
      "has_stick": "2024-06-19 03:55:38 +0000"
    },
    "done": true
  },
  "supplementaries:recipes/flags/flag_pink": {
    "criteria": {
      "has_stick": "2024-06-19 03:55:38 +0000"
    },
    "done": true
  },
  "minecraft:recipes/tools/wooden_hoe": {
    "criteria": {
      "has_stick": "2024-06-19 03:55:38 +0000"
    },
    "done": true
  },
  "minecraft:recipes/tools/wooden_shovel": {
    "criteria": {
      "has_stick": "2024-06-19 03:55:38 +0000"
    },
    "done": true
  },
  "supplementaries:recipes/flags/flag_brown": {
    "criteria": {
      "has_stick": "2024-06-19 03:55:38 +0000"
    },
    "done": true
  },
  "supplementaries:recipes/flags/flag_blue": {
    "criteria": {
      "has_stick": "2024-06-19 03:55:38 +0000"
    },
    "done": true
  },
  "supplementaries:recipes/flags/flag_yellow": {
    "criteria": {
      "has_stick": "2024-06-19 03:55:38 +0000"
    },
    "done": true
  },
  "supplementaries:recipes/flags/flag_light_gray": {
    "criteria": {
      "has_stick": "2024-06-19 03:55:38 +0000"
    },
    "done": true
  },
  "terrestria:recipes/tools/log_turner": {
    "criteria": {
      "has_sticks": "2024-06-19 03:55:38 +0000"
    },
    "done": true
  },
  "supplementaries:recipes/flags/flag_lime": {
    "criteria": {
      "has_stick": "2024-06-19 03:55:38 +0000"
    },
    "done": true
  },
  "minecraft:recipes/building_blocks/muddy_mangrove_roots": {
    "criteria": {
      "has_mangrove_roots": "2024-06-19 03:56:56 +0000"
    },
    "done": true
  },
  "minecraft:story/deflect_arrow": {
    "criteria": {
      "deflected_projectile": "2024-06-19 04:12:10 +0000"
    },
    "done": true
  },
  "minecraft:recipes/misc/red_dye_from_rose_bush": {
    "criteria": {
      "has_rose_bush": "2024-06-19 04:12:57 +0000"
    },
    "done": true
  },
  "mcwwindows:recipes/diorite": {
    "criteria": {
      "has_the_recipe": "2024-06-19 04:13:02 +0000"
    },
    "done": true
  },
  "mcwwindows:recipes/dark_prismarine": {
    "criteria": {
      "has_the_recipe": "2024-06-19 04:13:02 +0000"
    },
    "done": true
  },
  "mcwtrpdoors:recipes/oak/oak_mystic_trapdoor": {
    "criteria": {
      "has_logs": "2024-06-19 04:13:02 +0000"
    },
    "done": true
  },
  "mcwtrpdoors:recipes/oak/oak_beach_trapdoor": {
    "criteria": {
      "has_logs": "2024-06-19 04:13:02 +0000"
    },
    "done": true
  },
  "mcwwindows:recipes/spruce": {
    "criteria": {
      "has_the_recipe": "2024-06-19 04:13:02 +0000"
    },
    "done": true
  },
  "mcwtrpdoors:recipes/oak/oak_barred_trapdoor": {
    "criteria": {
      "has_logs": "2024-06-19 04:13:02 +0000"
    },
    "done": true
  },
  "mcwwindows:recipes/oak": {
    "criteria": {
      "has_wood": "2024-06-19 04:13:02 +0000",
      "has_the_recipe": "2024-06-19 04:13:02 +0000"
    },
    "done": true
  },
  "mcwtrpdoors:recipes/oak/oak_four_panel_trapdoor": {
    "criteria": {
      "has_logs": "2024-06-19 04:13:02 +0000"
    },
    "done": true
  },
  "mcwwindows:recipes/granite": {
    "criteria": {
      "has_the_recipe": "2024-06-19 04:13:02 +0000"
    },
    "done": true
  },
  "mcwwindows:recipes/mangrove": {
    "criteria": {
      "has_the_recipe": "2024-06-19 04:13:02 +0000"
    },
    "done": true
  },
  "mcwtrpdoors:recipes/acacia/oak_bark_trapdoor": {
    "criteria": {
      "has_logs": "2024-06-19 04:13:02 +0000"
    },
    "done": true
  },
  "mcwtrpdoors:recipes/oak/oak_barrel_trapdoor": {
    "criteria": {
      "has_logs": "2024-06-19 04:13:02 +0000"
    },
    "done": true
  },
  "mcwwindows:recipes/prismarine": {
    "criteria": {
      "has_the_recipe": "2024-06-19 04:13:02 +0000"
    },
    "done": true
  },
  "mcwwindows:recipes/warped": {
    "criteria": {
      "has_the_recipe": "2024-06-19 04:13:02 +0000"
    },
    "done": true
  },
  "mcwwindows:recipes/dark_oak": {
    "criteria": {
      "has_the_recipe": "2024-06-19 04:13:02 +0000"
    },
    "done": true
  },
  "mcwtrpdoors:recipes/oak/oak_swamp_trapdoor": {
    "criteria": {
      "has_logs": "2024-06-19 04:13:02 +0000"
    },
    "done": true
  },
  "mcwtrpdoors:recipes/oak/oak_paper_trapdoor": {
    "criteria": {
      "has_logs": "2024-06-19 04:13:02 +0000"
    },
    "done": true
  },
  "mcwwindows:recipes/components": {
    "criteria": {
      "has_wood": "2024-06-19 04:13:02 +0000"
    },
    "done": true
  },
  "mcwwindows:recipes/birch": {
    "criteria": {
      "has_the_recipe": "2024-06-19 04:13:02 +0000"
    },
    "done": true
  },
  "mcwtrpdoors:recipes/oak/oak_glass_trapdoor": {
    "criteria": {
      "has_logs": "2024-06-19 04:13:02 +0000"
    },
    "done": true
  },
  "mcwwindows:recipes/cherry": {
    "criteria": {
      "has_the_recipe": "2024-06-19 04:13:02 +0000"
    },
    "done": true
  },
  "blockus:recipes/building_blocks/oak_small_logs": {
    "criteria": {
      "has_oak_log": "2024-06-19 04:13:02 +0000"
    },
    "done": true
  },
  "mcwtrpdoors:recipes/oak/oak_cottage_trapdoor": {
    "criteria": {
      "has_logs": "2024-06-19 04:13:02 +0000"
    },
    "done": true
  },
  "mcwfurnitures:recipes/oak": {
    "criteria": {
      "has_wood": "2024-06-19 04:13:02 +0000"
    },
    "done": true
  },
  "mcwwindows:recipes/stone": {
    "criteria": {
      "has_the_recipe": "2024-06-19 04:13:02 +0000"
    },
    "done": true
  },
  "mcwtrpdoors:recipes/oak/oak_barn_trapdoor": {
    "criteria": {
      "has_logs": "2024-06-19 04:13:02 +0000"
    },
    "done": true
  },
  "mcwwindows:recipes/crimson": {
    "criteria": {
      "has_the_recipe": "2024-06-19 04:13:02 +0000"
    },
    "done": true
  },
  "minecraft:recipes/building_blocks/oak_wood": {
    "criteria": {
      "has_log": "2024-06-19 04:13:02 +0000"
    },
    "done": true
  },
  "mcwwindows:recipes/jungle": {
    "criteria": {
      "has_the_recipe": "2024-06-19 04:13:02 +0000"
    },
    "done": true
  },
  "mcwwindows:recipes/blackstone": {
    "criteria": {
      "has_the_recipe": "2024-06-19 04:13:02 +0000"
    },
    "done": true
  },
  "mcwtrpdoors:recipes/oak/oak_tropical_trapdoor": {
    "criteria": {
      "has_logs": "2024-06-19 04:13:02 +0000"
    },
    "done": true
  },
  "mcwtrpdoors:recipes/print_classic": {
    "criteria": {
      "has_logs": "2024-06-19 04:13:02 +0000"
    },
    "done": true
  },
  "mcwwindows:recipes/andesite": {
    "criteria": {
      "has_the_recipe": "2024-06-19 04:13:02 +0000"
    },
    "done": true
  },
  "mcwbridges:recipes/oak_bridge_pier": {
    "criteria": {
      "has_planks": "2024-06-19 04:13:02 +0000"
    },
    "done": true
  },
  "mcwroofs:recipes/oak": {
    "criteria": {
      "has_planks": "2024-06-19 04:13:02 +0000"
    },
    "done": true
  },
  "mcwtrpdoors:recipes/oak/oak_ranch_trapdoor": {
    "criteria": {
      "has_logs": "2024-06-19 04:13:02 +0000"
    },
    "done": true
  },
  "mcwwindows:recipes/acacia": {
    "criteria": {
      "has_the_recipe": "2024-06-19 04:13:02 +0000"
    },
    "done": true
  },
  "mcwdoors:recipes/oak": {
    "criteria": {
      "has_wood": "2024-06-19 04:13:02 +0000"
    },
    "done": true
  },
  "minecraft:recipes/building_blocks/jungle_wood": {
    "criteria": {
      "has_log": "2024-06-19 04:13:14 +0000"
    },
    "done": true
  },
  "mcwtrpdoors:recipes/jungle/jungle_swamp_trapdoor": {
    "criteria": {
      "has_logs": "2024-06-19 04:13:14 +0000"
    },
    "done": true
  },
  "mcwtrpdoors:recipes/jungle/jungle_ranch_trapdoor": {
    "criteria": {
      "has_logs": "2024-06-19 04:13:14 +0000"
    },
    "done": true
  },
  "mcwtrpdoors:recipes/jungle/jungle_tropical_trapdoor": {
    "criteria": {
      "has_logs": "2024-06-19 04:13:14 +0000"
    },
    "done": true
  },
  "mcwtrpdoors:recipes/jungle/jungle_glass_trapdoor": {
    "criteria": {
      "has_logs": "2024-06-19 04:13:14 +0000"
    },
    "done": true
  },
  "blockus:recipes/building_blocks/jungle_small_logs": {
    "criteria": {
      "has_jungle_log": "2024-06-19 04:13:14 +0000"
    },
    "done": true
  },
  "mcwtrpdoors:recipes/jungle/jungle_barred_trapdoor": {
    "criteria": {
      "has_logs": "2024-06-19 04:13:14 +0000"
    },
    "done": true
  },
  "mcwfurnitures:recipes/jungle": {
    "criteria": {
      "has_wood": "2024-06-19 04:13:14 +0000"
    },
    "done": true
  },
  "mcwdoors:recipes/jungle": {
    "criteria": {
      "has_wood": "2024-06-19 04:13:14 +0000"
    },
    "done": true
  },
  "mcwtrpdoors:recipes/jungle/jungle_four_panel_trapdoor": {
    "criteria": {
      "has_logs": "2024-06-19 04:13:14 +0000"
    },
    "done": true
  },
  "mcwtrpdoors:recipes/jungle/jungle_barrel_trapdoor": {
    "criteria": {
      "has_logs": "2024-06-19 04:13:14 +0000"
    },
    "done": true
  },
  "mcwtrpdoors:recipes/acacia/jungle_bark_trapdoor": {
    "criteria": {
      "has_logs": "2024-06-19 04:13:14 +0000"
    },
    "done": true
  },
  "mcwroofs:recipes/jungle": {
    "criteria": {
      "has_planks": "2024-06-19 04:13:14 +0000"
    },
    "done": true
  },
  "mcwtrpdoors:recipes/jungle/jungle_barn_trapdoor": {
    "criteria": {
      "has_logs": "2024-06-19 04:13:14 +0000"
    },
    "done": true
  },
  "mcwtrpdoors:recipes/jungle/jungle_cottage_trapdoor": {
    "criteria": {
      "has_logs": "2024-06-19 04:13:14 +0000"
    },
    "done": true
  },
  "mcwbridges:recipes/jungle_bridge_pier": {
    "criteria": {
      "has_planks": "2024-06-19 04:13:14 +0000"
    },
    "done": true
  },
  "mcwtrpdoors:recipes/print_beach": {
    "criteria": {
      "has_logs": "2024-06-19 04:13:14 +0000"
    },
    "done": true
  },
  "mcwtrpdoors:recipes/jungle/jungle_classic_trapdoor": {
    "criteria": {
      "has_logs": "2024-06-19 04:13:14 +0000"
    },
    "done": true
  },
  "mcwtrpdoors:recipes/jungle/jungle_mystic_trapdoor": {
    "criteria": {
      "has_logs": "2024-06-19 04:13:14 +0000"
    },
    "done": true
  },
  "mcwtrpdoors:recipes/jungle/jungle_paper_trapdoor": {
    "criteria": {
      "has_logs": "2024-06-19 04:13:14 +0000"
    },
    "done": true
  },
  "travelersbackpack:recipes/misc/skeleton": {
    "criteria": {
      "has_arrow": "2024-06-19 04:17:58 +0000"
    },
    "done": true
  },
  "travelersbackpack:recipes/misc/wolf": {
    "criteria": {
      "has_bone": "2024-06-19 04:17:58 +0000"
    },
    "done": true
  },
  "terrestria:recipes/transportation/willow_chest_boat": {
    "criteria": {
      "has_boat": "2024-06-19 04:21:37 +0000"
    },
    "done": true
  },
  "blockus:recipes/building_blocks/white_oak_chest_boat": {
    "criteria": {
      "has_boat": "2024-06-19 04:21:37 +0000"
    },
    "done": true
  },
  "terrestria:recipes/transportation/rainbow_eucalyptus_chest_boat": {
    "criteria": {
      "has_boat": "2024-06-19 04:21:37 +0000"
    },
    "done": true
  },
  "minecraft:recipes/transportation/spruce_chest_boat": {
    "criteria": {
      "has_boat": "2024-06-19 04:21:37 +0000"
    },
    "done": true
  },
  "terrestria:recipes/transportation/japanese_maple_chest_boat": {
    "criteria": {
      "has_boat": "2024-06-19 04:21:37 +0000"
    },
    "done": true
  },
  "minecraft:recipes/transportation/mangrove_chest_boat": {
    "criteria": {
      "has_boat": "2024-06-19 04:21:37 +0000"
    },
    "done": true
  },
  "minecraft:recipes/transportation/oak_chest_boat": {
    "criteria": {
      "has_boat": "2024-06-19 04:21:37 +0000"
    },
    "done": true
  },
  "terrestria:recipes/transportation/sakura_chest_boat": {
    "criteria": {
      "has_boat": "2024-06-19 04:21:37 +0000"
    },
    "done": true
  },
  "terrestria:recipes/transportation/cypress_chest_boat": {
    "criteria": {
      "has_boat": "2024-06-19 04:21:37 +0000"
    },
    "done": true
  },
  "supplementaries:recipes/boat_jar": {
    "criteria": {
      "minecraft:boats": "2024-06-19 04:21:37 +0000"
    },
    "done": true
  },
  "traverse:recipes/transportation/fir_chest_boat": {
    "criteria": {
      "has_boat": "2024-06-19 04:21:37 +0000"
    },
    "done": true
  },
  "minecraft:recipes/transportation/dark_oak_chest_boat": {
    "criteria": {
      "has_boat": "2024-06-19 04:21:37 +0000"
    },
    "done": true
  },
  "terrestria:recipes/transportation/rubber_chest_boat": {
    "criteria": {
      "has_boat": "2024-06-19 04:21:37 +0000"
    },
    "done": true
  },
  "blockus:recipes/building_blocks/charred_chest_boat": {
    "criteria": {
      "has_boat": "2024-06-19 04:21:37 +0000"
    },
    "done": true
  },
  "terrestria:recipes/transportation/redwood_chest_boat": {
    "criteria": {
      "has_boat": "2024-06-19 04:21:37 +0000"
    },
    "done": true
  },
  "minecraft:recipes/transportation/jungle_chest_boat": {
    "criteria": {
      "has_boat": "2024-06-19 04:21:37 +0000"
    },
    "done": true
  },
  "minecraft:recipes/transportation/bamboo_chest_raft": {
    "criteria": {
      "has_boat": "2024-06-19 04:21:37 +0000"
    },
    "done": true
  },
  "blockus:recipes/building_blocks/raw_bamboo_chest_raft": {
    "criteria": {
      "has_boat": "2024-06-19 04:21:37 +0000"
    },
    "done": true
  },
  "terrestria:recipes/transportation/hemlock_chest_boat": {
    "criteria": {
      "has_boat": "2024-06-19 04:21:37 +0000"
    },
    "done": true
  },
  "minecraft:recipes/transportation/acacia_chest_boat": {
    "criteria": {
      "has_boat": "2024-06-19 04:21:37 +0000"
    },
    "done": true
  },
  "terrestria:recipes/transportation/yucca_palm_chest_boat": {
    "criteria": {
      "has_boat": "2024-06-19 04:21:37 +0000"
    },
    "done": true
  },
  "minecraft:recipes/transportation/cherry_chest_boat": {
    "criteria": {
      "has_boat": "2024-06-19 04:21:37 +0000"
    },
    "done": true
  },
  "minecraft:recipes/transportation/birch_chest_boat": {
    "criteria": {
      "has_boat": "2024-06-19 04:21:37 +0000"
    },
    "done": true
  },
  "blockus:recipes/building_blocks/legacy_first_cobblestone_from_cobblestone_stonecutting": {
    "criteria": {
      "has_cobblestone": "2024-06-19 04:22:14 +0000"
    },
    "done": true
  },
  "minecraft:recipes/building_blocks/cobblestone_slab": {
    "criteria": {
      "has_cobblestone": "2024-06-19 04:22:14 +0000"
    },
    "done": true
  },
  "minecraft:recipes/decorations/cobblestone_wall_from_cobblestone_stonecutting": {
    "criteria": {
      "has_cobblestone": "2024-06-19 04:22:14 +0000"
    },
    "done": true
  },
  "minecraft:recipes/building_blocks/cobblestone_stairs": {
    "criteria": {
      "has_cobblestone": "2024-06-19 04:22:14 +0000"
    },
    "done": true
  },
  "mcwroofs:recipes/cobblestone": {
    "criteria": {
      "has_planks": "2024-06-19 04:22:14 +0000"
    },
    "done": true
  },
  "minecraft:recipes/redstone/lever": {
    "criteria": {
      "has_cobblestone": "2024-06-19 04:22:14 +0000"
    },
    "done": true
  },
  "minecraft:recipes/combat/stone_sword": {
    "criteria": {
      "has_cobblestone": "2024-06-19 04:22:14 +0000"
    },
    "done": true
  },
  "minecraft:recipes/decorations/cobblestone_wall": {
    "criteria": {
      "has_cobblestone": "2024-06-19 04:22:14 +0000"
    },
    "done": true
  },
  "minecraft:recipes/tools/stone_axe": {
    "criteria": {
      "has_cobblestone": "2024-06-19 04:22:14 +0000"
    },
    "done": true
  },
  "blockus:recipes/building_blocks/legacy_cobblestone_from_cobblestone_stonecutting": {
    "criteria": {
      "has_cobblestone": "2024-06-19 04:22:14 +0000"
    },
    "done": true
  },
  "supplementaries:recipes/checker": {
    "criteria": {
      "has_cobblestone": "2024-06-19 04:22:14 +0000"
    },
    "done": true
  },
  "mcwbridges:recipes/cobblestone_bridge_pier": {
    "criteria": {
      "has_planks": "2024-06-19 04:22:14 +0000"
    },
    "done": true
  },
  "mcwbridges:recipes/balustrade_cobblestone_bridge": {
    "criteria": {
      "has_planks": "2024-06-19 04:22:14 +0000"
    },
    "done": true
  },
  "mcwpaths:recipes/cobblestone": {
    "criteria": {
      "has_wood": "2024-06-19 04:22:14 +0000"
    },
    "done": true
  },
  "minecraft:story/mine_stone": {
    "criteria": {
      "get_stone": "2024-06-19 04:22:14 +0000"
    },
    "done": true
  },
  "minecraft:recipes/decorations/furnace": {
    "criteria": {
      "has_cobblestone": "2024-06-19 04:22:14 +0000"
    },
    "done": true
  },
  "minecraft:recipes/building_blocks/cobblestone_slab_from_cobblestone_stonecutting": {
    "criteria": {
      "has_cobblestone": "2024-06-19 04:22:14 +0000"
    },
    "done": true
  },
  "minecraft:recipes/building_blocks/stone": {
    "criteria": {
      "has_cobblestone": "2024-06-19 04:22:14 +0000"
    },
    "done": true
  },
  "minecraft:recipes/tools/stone_pickaxe": {
    "criteria": {
      "has_cobblestone": "2024-06-19 04:22:14 +0000"
    },
    "done": true
  },
  "blockus:recipes/building_blocks/sturdy_stone_alt": {
    "criteria": {
      "has_cobblestone": "2024-06-19 04:22:14 +0000"
    },
    "done": true
  },
  "blockus:recipes/building_blocks/limestone": {
    "criteria": {
      "has_cobblestone": "2024-06-19 04:22:14 +0000"
    },
    "done": true
  },
  "mca:recipes/building_blocks/headstones": {
    "criteria": {
      "has_ingredients": "2024-06-19 04:22:14 +0000"
    },
    "done": true
  },
  "blockus:recipes/building_blocks/sturdy_stone": {
    "criteria": {
      "has_cobblestone": "2024-06-19 04:22:14 +0000"
    },
    "done": true
  },
  "minecraft:recipes/tools/stone_shovel": {
    "criteria": {
      "has_cobblestone": "2024-06-19 04:22:14 +0000"
    },
    "done": true
  },
  "adorn:recipes/cobblestone_post": {
    "criteria": {
      "has_cobblestone": "2024-06-19 04:22:14 +0000"
    },
    "done": true
  },
  "mcwbridges:recipes/cobblestone_bridge": {
    "criteria": {
      "has_planks": "2024-06-19 04:22:14 +0000"
    },
    "done": true
  },
  "additionallanterns:recipes/misc/cobblestone_chain": {
    "criteria": {
      "recipe_condition": "2024-06-19 04:22:14 +0000"
    },
    "done": true
  },
  "mcwbridges:recipes/cobblestone_bridge_stair": {
    "criteria": {
      "has_planks": "2024-06-19 04:22:14 +0000"
    },
    "done": true
  },
  "minecraft:recipes/building_blocks/cobblestone_stairs_from_cobblestone_stonecutting": {
    "criteria": {
      "has_cobblestone": "2024-06-19 04:22:14 +0000"
    },
    "done": true
  },
  "minecraft:recipes/tools/stone_hoe": {
    "criteria": {
      "has_cobblestone": "2024-06-19 04:22:14 +0000"
    },
    "done": true
  },
  "mcwbridges:recipes/granite_bridge_stair": {
    "criteria": {
      "has_planks": "2024-06-19 04:22:26 +0000"
    },
    "done": true
  },
  "minecraft:recipes/building_blocks/granite_slab_from_granite_stonecutting": {
    "criteria": {
      "has_granite": "2024-06-19 04:22:26 +0000"
    },
    "done": true
  },
  "mcwbridges:recipes/granite_bridge_pier": {
    "criteria": {
      "has_planks": "2024-06-19 04:22:26 +0000"
    },
    "done": true
  },
  "minecraft:recipes/decorations/granite_wall_from_granite_stonecutting": {
    "criteria": {
      "has_granite": "2024-06-19 04:22:26 +0000"
    },
    "done": true
  },
  "minecraft:recipes/building_blocks/granite_slab": {
    "criteria": {
      "has_granite": "2024-06-19 04:22:26 +0000"
    },
    "done": true
  },
  "mcwbridges:recipes/balustrade_granite_bridge": {
    "criteria": {
      "has_planks": "2024-06-19 04:22:26 +0000"
    },
    "done": true
  },
  "handcrafted:recipes/misc/granite_pillar_trim": {
    "criteria": {
      "has_granite_pillar_trim": "2024-06-19 04:22:26 +0000"
    },
    "done": true
  },
  "handcrafted:recipes/misc/granite_corner_trim": {
    "criteria": {
      "has_granite_corner_trim": "2024-06-19 04:22:26 +0000"
    },
    "done": true
  },
  "minecraft:recipes/building_blocks/polished_granite_stairs_from_granite_stonecutting": {
    "criteria": {
      "has_granite": "2024-06-19 04:22:26 +0000"
    },
    "done": true
  },
  "adorn:recipes/granite_post": {
    "criteria": {
      "has_granite": "2024-06-19 04:22:26 +0000"
    },
    "done": true
  },
  "blockus:recipes/building_blocks/herringbone_granite_bricks_from_granite_stonecutting": {
    "criteria": {
      "has_granite": "2024-06-19 04:22:26 +0000"
    },
    "done": true
  },
  "adorn:recipes/stone_rod": {
    "criteria": {
      "has_stone": "2024-06-19 04:22:26 +0000"
    },
    "done": true
  },
  "additionallanterns:recipes/misc/granite_chain": {
    "criteria": {
      "recipe_condition": "2024-06-19 04:22:26 +0000"
    },
    "done": true
  },
  "minecraft:recipes/building_blocks/polished_granite": {
    "criteria": {
      "has_granite": "2024-06-19 04:22:26 +0000"
    },
    "done": true
  },
  "blockus:recipes/building_blocks/granite_circular_paving_from_granite_stonecutting": {
    "criteria": {
      "has_granite": "2024-06-19 04:22:26 +0000"
    },
    "done": true
  },
  "mcwbridges:recipes/granite_bridge": {
    "criteria": {
      "has_planks": "2024-06-19 04:22:26 +0000"
    },
    "done": true
  },
  "blockus:recipes/building_blocks/granite_brick_slab_from_granite_stonecutting": {
    "criteria": {
      "has_granite": "2024-06-19 04:22:26 +0000"
    },
    "done": true
  },
  "adorn:recipes/stone_torch": {
    "criteria": {
      "has_stone": "2024-06-19 04:22:26 +0000"
    },
    "done": true
  },
  "blockus:recipes/building_blocks/granite_brick_wall_from_granite_stonecutting": {
    "criteria": {
      "has_granite": "2024-06-19 04:22:26 +0000"
    },
    "done": true
  },
  "blockus:recipes/building_blocks/granite_brick_stairs_from_granite_stonecutting": {
    "criteria": {
      "has_granite": "2024-06-19 04:22:26 +0000"
    },
    "done": true
  },
  "blockus:recipes/building_blocks/granite_bricks_from_granite_stonecutting": {
    "criteria": {
      "has_granite": "2024-06-19 04:22:26 +0000"
    },
    "done": true
  },
  "minecraft:recipes/building_blocks/polished_granite_from_granite_stonecutting": {
    "criteria": {
      "has_granite": "2024-06-19 04:22:26 +0000"
    },
    "done": true
  },
  "blockus:recipes/building_blocks/polished_granite_pillar_from_granite_stonecutting": {
    "criteria": {
      "has_granite": "2024-06-19 04:22:26 +0000"
    },
    "done": true
  },
  "minecraft:recipes/building_blocks/granite_stairs": {
    "criteria": {
      "has_granite": "2024-06-19 04:22:26 +0000"
    },
    "done": true
  },
  "minecraft:recipes/building_blocks/granite_stairs_from_granite_stonecutting": {
    "criteria": {
      "has_granite": "2024-06-19 04:22:26 +0000"
    },
    "done": true
  },
  "mcwpaths:recipes/granite": {
    "criteria": {
      "has_wood": "2024-06-19 04:22:26 +0000"
    },
    "done": true
  },
  "minecraft:recipes/decorations/granite_wall": {
    "criteria": {
      "has_granite": "2024-06-19 04:22:26 +0000"
    },
    "done": true
  },
  "minecraft:recipes/building_blocks/polished_granite_slab_from_granite_stonecutting": {
    "criteria": {
      "has_granite": "2024-06-19 04:22:26 +0000"
    },
    "done": true
  },
  "adorn:recipes/stone_ladder": {
    "criteria": {
      "has_stone": "2024-06-19 04:22:26 +0000"
    },
    "done": true
  },
  "blockus:recipes/building_blocks/chiseled_granite_bricks_from_granite_stonecutting": {
    "criteria": {
      "has_granite": "2024-06-19 04:22:26 +0000"
    },
    "done": true
  },
  "mcwroofs:recipes/granite": {
    "criteria": {
      "has_planks": "2024-06-19 04:22:26 +0000"
    },
    "done": true
  },
  "mcwlights:recipes/paper_lamp": {
    "criteria": {
      "has_the_recipe": "2024-06-19 04:22:32 +0000"
    },
    "done": true
  },
  "minecraft:story/upgrade_tools": {
    "criteria": {
      "stone_pickaxe": "2024-06-19 04:22:32 +0000"
    },
    "done": true
  },
  "mcwlights:recipes/torches": {
    "criteria": {
      "has_the_recipe": "2024-06-19 04:22:32 +0000"
    },
    "done": true
  },
  "mcwlights:recipes/tiki_torches": {
    "criteria": {
      "has_the_recipe": "2024-06-19 04:22:32 +0000"
    },
    "done": true
  },
  "minecraft:recipes/decorations/torch": {
    "criteria": {
      "has_stone_pickaxe": "2024-06-19 04:22:32 +0000"
    },
    "done": true
  },
  "mcwlights:recipes/lantern": {
    "criteria": {
      "has_the_recipe": "2024-06-19 04:22:32 +0000"
    },
    "done": true
  },
  "travelersbackpack:recipes/misc/coal": {
    "criteria": {
      "has_coal": "2024-06-19 04:23:30 +0000"
    },
    "done": true
  },
  "mcwbridges:recipes/bridge_lantern": {
    "criteria": {
      "has_planks": "2024-06-19 04:23:30 +0000"
    },
    "done": true
  },
  "minecraft:recipes/building_blocks/coal_block": {
    "criteria": {
      "has_coal": "2024-06-19 04:23:30 +0000"
    },
    "done": true
  },
  "croptopia:gather_all": {
    "criteria": {
      "ginger_seed": "2024-06-19 04:25:47 +0000",
      "leek_seed": "2024-06-19 04:25:52 +0000",
      "squash_seed": "2024-06-19 04:26:07 +0000"
    },
    "done": false
  },
  "croptopia:getseeds": {
    "criteria": {
      "has_seeds": "2024-06-19 04:25:47 +0000"
    },
    "done": true
  },
  "croptopia:gather_savanna": {
    "criteria": {
      "leek_seed": "2024-06-19 04:25:52 +0000",
      "squash_seed": "2024-06-19 04:26:07 +0000",
      "ginger_seed": "2024-06-19 04:25:47 +0000"
    },
    "done": false
  },
  "croptopia:recipes/documentation": {
    "criteria": {
      "has_crop": "2024-06-19 04:25:47 +0000"
    },
    "done": true
  },
  "croptopia:recipes/misc/ginger_seed": {
    "criteria": {
      "has_ginger": "2024-06-19 04:25:47 +0000"
    },
    "done": true
  },
  "croptopia:recipes/misc/leek_seed": {
    "criteria": {
      "has_leek": "2024-06-19 04:25:52 +0000"
    },
    "done": true
  },
  "croptopia:recipes/leek_soup": {
    "criteria": {
      "has_leek": "2024-06-19 04:25:52 +0000"
    },
    "done": true
  },
  "croptopia:recipes/spaghetti_squash": {
    "criteria": {
      "has_squash": "2024-06-19 04:26:07 +0000"
    },
    "done": true
  },
  "croptopia:recipes/shaped_roasted_squash": {
    "criteria": {
      "has_squash": "2024-06-19 04:26:07 +0000"
    },
    "done": true
  },
  "croptopia:recipes/shaped_ratatouille": {
    "criteria": {
      "has_squash": "2024-06-19 04:26:07 +0000"
    },
    "done": true
  },
  "croptopia:recipes/misc/squash_seed": {
    "criteria": {
      "has_squash": "2024-06-19 04:26:07 +0000"
    },
    "done": true
  },
  "mcwtrpdoors:recipes/acacia/acacia_mystic_trapdoor": {
    "criteria": {
      "has_logs": "2024-06-19 04:54:09 +0000"
    },
    "done": true
  },
  "additionallanterns:recipes/misc/dark_prismarine_lantern": {
    "criteria": {
      "recipe_condition": "2024-06-19 05:16:36 +0000"
    },
    "done": true
  },
  "minecraft:recipes/building_blocks/raw_iron_block": {
    "criteria": {
      "has_raw_iron": "2024-06-19 05:24:47 +0000"
    },
    "done": true
  },
  "mcwwindows:recipes/curtains": {
    "criteria": {
      "has_wood": "2024-06-19 05:04:47 +0000"
    },
    "done": true
  },
  "handcrafted:recipes/misc/black_sheet": {
    "criteria": {
      "has_black_sheet": "2024-06-19 05:04:50 +0000"
    },
    "done": true
  },
  "croptopia:recipes/potato_chips": {
    "criteria": {
      "has_potato": "2024-06-19 05:49:14 +0000"
    },
    "done": true
  },
  "blockus:recipes/building_blocks/soaked_bricks": {
    "criteria": {
      "has_water_bucket": "2024-06-19 05:04:23 +0000"
    },
    "done": true
  },
  "mcwtrpdoors:recipes/acacia/acacia_ranch_trapdoor": {
    "criteria": {
      "has_logs": "2024-06-19 04:54:09 +0000"
    },
    "done": true
  },
  "handcrafted:recipes/misc/white_sheet": {
    "criteria": {
      "has_white_sheet": "2024-06-19 05:04:47 +0000"
    },
    "done": true
  },
  "mcwtrpdoors:recipes/acacia/acacia_barred_trapdoor": {
    "criteria": {
      "has_logs": "2024-06-19 04:54:09 +0000"
    },
    "done": true
  },
  "blockus:recipes/building_blocks/small_limestone_brick_wall_from_limestone_stonecutting": {
    "criteria": {
      "has_limestone": "2024-06-19 05:37:31 +0000"
    },
    "done": true
  },
  "blockus:recipes/building_blocks/polished_limestone": {
    "criteria": {
      "has_limestone": "2024-06-19 05:37:31 +0000"
    },
    "done": true
  },
  "supplementaries:recipes/feather_block": {
    "criteria": {
      "has_feather": "2024-06-19 05:21:25 +0000"
    },
    "done": true
  },
  "additionallanterns:recipes/misc/basalt_lantern": {
    "criteria": {
      "recipe_condition": "2024-06-19 05:16:36 +0000"
    },
    "done": true
  },
  "trashcans:recipes/misc/liquid_trash_can": {
    "criteria": {
      "recipe_condition": "2024-06-19 05:22:22 +0000"
    },
    "done": true
  },
  "comforts:sleeping_bag_white": {
    "criteria": {
      "has_white_wool": "2024-06-19 05:04:47 +0000"
    },
    "done": true
  },
  "additionallanterns:recipes/misc/end_stone_lantern": {
    "criteria": {
      "recipe_condition": "2024-06-19 05:16:36 +0000"
    },
    "done": true
  },
  "blockus:recipes/building_blocks/white_gingham_wool": {
    "criteria": {
      "has_white_wool": "2024-06-19 05:04:47 +0000"
    },
    "done": true
  },
  "adorn:recipes/trading_station": {
    "criteria": {
      "has_emerald": "2024-06-19 05:04:21 +0000"
    },
    "done": true
  },
  "usefulbackpacks:recipes/backpack_small": {
    "criteria": {
      "has_wool": "2024-06-19 05:04:47 +0000"
    },
    "done": true
  },
  "mcwtrpdoors:recipes/acacia/acacia_paper_trapdoor": {
    "criteria": {
      "has_logs": "2024-06-19 04:54:09 +0000"
    },
    "done": true
  },
  "additionallanterns:recipes/misc/stone_lantern": {
    "criteria": {
      "recipe_condition": "2024-06-19 05:16:36 +0000"
    },
    "done": true
  },
  "minecraft:recipes/misc/iron_ingot_from_blasting_raw_iron": {
    "criteria": {
      "has_raw_iron": "2024-06-19 05:24:47 +0000"
    },
    "done": true
  },
  "minecraft:recipes/building_blocks/acacia_wood": {
    "criteria": {
      "has_log": "2024-06-19 04:54:09 +0000"
    },
    "done": true
  },
  "mcwbridges:recipes/bridge_torch": {
    "criteria": {
      "has_planks": "2024-06-19 05:16:36 +0000"
    },
    "done": true
  },
  "mcwtrpdoors:recipes/acacia/acacia_swamp_trapdoor": {
    "criteria": {
      "has_logs": "2024-06-19 04:54:09 +0000"
    },
    "done": true
  },
  "additionallanterns:recipes/misc/iron_lantern": {
    "criteria": {
      "recipe_condition": "2024-06-19 05:16:36 +0000"
    },
    "done": true
  },
  "additionallanterns:recipes/misc/cobblestone_lantern": {
    "criteria": {
      "recipe_condition": "2024-06-19 05:16:36 +0000"
    },
    "done": true
  },
  "handcrafted:recipes/misc/black_cushion": {
    "criteria": {
      "has_black_cushion": "2024-06-19 05:04:50 +0000"
    },
    "done": true
  },
  "mcwroofs:recipes/awning": {
    "criteria": {
      "has_planks": "2024-06-19 05:04:47 +0000"
    },
    "done": true
  },
  "travelersbackpack:recipes/misc/hay": {
    "criteria": {
      "has_wheat": "2024-06-19 05:04:51 +0000"
    },
    "done": true
  },
  "blockus:recipes/building_blocks/chiseled_limestone_pillar_from_limestone_stonecutting": {
    "criteria": {
      "has_limestone": "2024-06-19 05:37:31 +0000"
    },
    "done": true
  },
  "minecraft:recipes/misc/iron_nugget_from_smelting": {
    "criteria": {
      "has_iron_pickaxe": "2024-06-19 05:34:14 +0000"
    },
    "done": true
  },
  "minecraft:recipes/food/baked_potato_from_campfire_cooking": {
    "criteria": {
      "has_potato": "2024-06-19 05:49:14 +0000"
    },
    "done": true
  },
  "blockus:recipes/building_blocks/black_patterned_wool": {
    "criteria": {
      "has_black_wool": "2024-06-19 05:04:50 +0000"
    },
    "done": true
  },
  "minecraft:story/iron_tools": {
    "criteria": {
      "iron_pickaxe": "2024-06-19 05:34:14 +0000"
    },
    "done": true
  },
  "blockus:recipes/building_blocks/limestone_stairs": {
    "criteria": {
      "has_limestone": "2024-06-19 05:37:31 +0000"
    },
    "done": true
  },
  "additionallanterns:recipes/misc/mossy_cobblestone_lantern": {
    "criteria": {
      "recipe_condition": "2024-06-19 05:16:36 +0000"
    },
    "done": true
  },
  "geodes:recipes/building_blocks/emerald_crystal_block": {
    "criteria": {
      "has_emerald": "2024-06-19 05:04:21 +0000"
    },
    "done": true
  },
  "mcwtrpdoors:recipes/acacia/acacia_classic_trapdoor": {
    "criteria": {
      "has_logs": "2024-06-19 04:54:09 +0000"
    },
    "done": true
  },
  "minecraft:recipes/decorations/smoker": {
    "criteria": {
      "has_furnace": "2024-06-19 05:14:28 +0000"
    },
    "done": true
  },
  "minecraft:recipes/building_blocks/emerald_block": {
    "criteria": {
      "has_emerald": "2024-06-19 05:04:21 +0000"
    },
    "done": true
  },
  "naturalist:recipes/food/cooked_duck": {
    "criteria": {
      "has_duck": "2024-06-19 05:21:25 +0000"
    },
    "done": true
  },
  "blockus:recipes/building_blocks/limestone_tile_stairs_from_limestone_stonecutting": {
    "criteria": {
      "has_limestone": "2024-06-19 05:37:31 +0000"
    },
    "done": true
  },
  "blockus:recipes/building_blocks/limestone_bricks_from_limestone_stonecutting": {
    "criteria": {
      "has_limestone": "2024-06-19 05:37:31 +0000"
    },
    "done": true
  },
  "mcwroofs:recipes/acacia": {
    "criteria": {
      "has_planks": "2024-06-19 04:54:09 +0000"
    },
    "done": true
  },
  "blockus:recipes/building_blocks/small_limestone_bricks_from_limestone_stonecutting": {
    "criteria": {
      "has_limestone": "2024-06-19 05:37:31 +0000"
    },
    "done": true
  },
  "mcwtrpdoors:recipes/acacia/acacia_cottage_trapdoor": {
    "criteria": {
      "has_logs": "2024-06-19 04:54:09 +0000"
    },
    "done": true
  },
  "additionallanterns:recipes/misc/netherite_lantern": {
    "criteria": {
      "recipe_condition": "2024-06-19 05:16:36 +0000"
    },
    "done": true
  },
  "additionallanterns:recipes/misc/stone_bricks_lantern": {
    "criteria": {
      "recipe_condition": "2024-06-19 05:16:36 +0000"
    },
    "done": true
  },
  "blockus:recipes/building_blocks/polished_limestone_slab_from_limestone_stonecutting": {
    "criteria": {
      "has_limestone": "2024-06-19 05:37:31 +0000"
    },
    "done": true
  },
  "minecraft:recipes/misc/iron_ingot_from_smelting_raw_iron": {
    "criteria": {
      "has_raw_iron": "2024-06-19 05:24:47 +0000"
    },
    "done": true
  },
  "additionallanterns:recipes/misc/deepslate_bricks_lantern": {
    "criteria": {
      "recipe_condition": "2024-06-19 05:16:36 +0000"
    },
    "done": true
  },
  "adorn:root": {
    "criteria": {
      "has_wool": "2024-06-19 05:04:47 +0000"
    },
    "done": true
  },
  "blockus:recipes/building_blocks/black_gingham_wool": {
    "criteria": {
      "has_black_wool": "2024-06-19 05:04:50 +0000"
    },
    "done": true
  },
  "minecraft:recipes/food/baked_potato_from_smoking": {
    "criteria": {
      "has_potato": "2024-06-19 05:49:14 +0000"
    },
    "done": true
  },
  "additionallanterns:recipes/misc/copper_lantern": {
    "criteria": {
      "recipe_condition": "2024-06-19 05:16:36 +0000"
    },
    "done": true
  },
  "blockus:recipes/building_blocks/limestone_tile_slab_from_limestone_stonecutting": {
    "criteria": {
      "has_limestone": "2024-06-19 05:37:31 +0000"
    },
    "done": true
  },
  "additionallanterns:recipes/misc/bricks_lantern": {
    "criteria": {
      "recipe_condition": "2024-06-19 05:16:36 +0000"
    },
    "done": true
  },
  "blockus:recipes/building_blocks/limestone_circular_paving_from_limestone_stonecutting": {
    "criteria": {
      "has_limestone": "2024-06-19 05:37:31 +0000"
    },
    "done": true
  },
  "additionallanterns:recipes/misc/smooth_stone_lantern": {
    "criteria": {
      "recipe_condition": "2024-06-19 05:16:36 +0000"
    },
    "done": true
  },
  "additionallanterns:recipes/misc/emerald_chain": {
    "criteria": {
      "recipe_condition": "2024-06-19 05:04:21 +0000"
    },
    "done": true
  },
  "usefulbackpacks:recipes/filter_configurator": {
    "criteria": {
      "has_wool": "2024-06-19 05:04:47 +0000"
    },
    "done": true
  },
  "supplementaries:recipes/daub": {
    "criteria": {
      "supplementaries:straw": "2024-06-19 05:04:51 +0000"
    },
    "done": true
  },
  "croptopia:recipes/french_fries": {
    "criteria": {
      "has_potato": "2024-06-19 05:49:14 +0000"
    },
    "done": true
  },
  "blockus:recipes/building_blocks/limestone_slab": {
    "criteria": {
      "has_limestone": "2024-06-19 05:37:31 +0000"
    },
    "done": true
  },
  "minecraft:recipes/building_blocks/acacia_planks": {
    "criteria": {
      "has_log": "2024-06-19 04:54:09 +0000"
    },
    "done": true
  },
  "blockus:recipes/redstone/limestone_button": {
    "criteria": {
      "has_limestone": "2024-06-19 05:37:31 +0000"
    },
    "done": true
  },
  "blockus:recipes/building_blocks/limestone_brick_wall_from_limestone_stonecutting": {
    "criteria": {
      "has_limestone": "2024-06-19 05:37:31 +0000"
    },
    "done": true
  },
  "minecraft:recipes/building_blocks/mangrove_planks": {
    "criteria": {
      "has_logs": "2024-06-19 05:12:24 +0000"
    },
    "done": true
  },
  "mcwfurnitures:recipes/acacia": {
    "criteria": {
      "has_wood": "2024-06-19 04:54:09 +0000"
    },
    "done": true
  },
  "mcwdoors:recipes/acacia": {
    "criteria": {
      "has_wood": "2024-06-19 04:54:09 +0000"
    },
    "done": true
  },
  "supplementaries:recipes/soap": {
    "criteria": {
      "has_water_bucket": "2024-06-19 05:04:23 +0000"
    },
    "done": true
  },
  "minecraft:recipes/decorations/black_carpet": {
    "criteria": {
      "has_black_wool": "2024-06-19 05:04:50 +0000"
    },
    "done": true
  },
  "additionallanterns:recipes/misc/purpur_lantern": {
    "criteria": {
      "recipe_condition": "2024-06-19 05:16:36 +0000"
    },
    "done": true
  },
  "blockus:recipes/building_blocks/polished_limestone_from_limestone_stonecutting": {
    "criteria": {
      "has_limestone": "2024-06-19 05:37:31 +0000"
    },
    "done": true
  },
  "additionallanterns:recipes/misc/emerald_lantern": {
    "criteria": {
      "recipe_condition": "2024-06-19 05:16:36 +0000"
    },
    "done": true
  },
  "additionallanterns:recipes/misc/granite_lantern": {
    "criteria": {
      "recipe_condition": "2024-06-19 05:16:36 +0000"
    },
    "done": true
  },
  "mcwtrpdoors:recipes/acacia/acacia_barn_trapdoor": {
    "criteria": {
      "has_logs": "2024-06-19 04:54:09 +0000"
    },
    "done": true
  },
  "blockus:recipes/building_blocks/chiseled_limestone_from_limestone_stonecutting": {
    "criteria": {
      "has_limestone": "2024-06-19 05:37:31 +0000"
    },
    "done": true
  },
  "blockus:recipes/building_blocks/marble": {
    "criteria": {
      "has_limestone": "2024-06-19 05:37:31 +0000"
    },
    "done": true
  },
  "minecraft:recipes/food/bread": {
    "criteria": {
      "has_wheat": "2024-06-19 05:04:51 +0000"
    },
    "done": true
  },
  "mcwtrpdoors:recipes/acacia/acacia_beach_trapdoor": {
    "criteria": {
      "has_logs": "2024-06-19 04:54:09 +0000"
    },
    "done": true
  },
  "minecraft:recipes/building_blocks/hay_block": {
    "criteria": {
      "has_wheat": "2024-06-19 05:04:51 +0000"
    },
    "done": true
  },
  "travelersbackpack:recipes/misc/chicken": {
    "criteria": {
      "has_feather": "2024-06-19 05:21:25 +0000"
    },
    "done": true
  },
  "additionallanterns:recipes/misc/red_nether_bricks_lantern": {
    "criteria": {
      "recipe_condition": "2024-06-19 05:16:36 +0000"
    },
    "done": true
  },
  "additionallanterns:recipes/misc/andesite_lantern": {
    "criteria": {
      "recipe_condition": "2024-06-19 05:16:36 +0000"
    },
    "done": true
  },
  "minecraft:recipes/decorations/black_bed": {
    "criteria": {
      "has_black_wool": "2024-06-19 05:04:50 +0000"
    },
    "done": true
  },
  "blockus:recipes/building_blocks/small_limestone_brick_stairs_from_limestone_stonecutting": {
    "criteria": {
      "has_limestone": "2024-06-19 05:37:31 +0000"
    },
    "done": true
  },
  "blockus:recipes/building_blocks/limestone_wall_from_limestone_stonecutting": {
    "criteria": {
      "has_limestone": "2024-06-19 05:37:31 +0000"
    },
    "done": true
  },
  "mcwtrpdoors:recipes/acacia/acacia_barrel_trapdoor": {
    "criteria": {
      "has_logs": "2024-06-19 04:54:09 +0000"
    },
    "done": true
  },
  "travelersbackpack:recipes/misc/sheep": {
    "criteria": {
      "has_white_wool": "2024-06-19 05:04:47 +0000"
    },
    "done": true
  },
  "blockus:recipes/building_blocks/water_bricks": {
    "criteria": {
      "has_water_bucket": "2024-06-19 05:04:23 +0000"
    },
    "done": true
  },
  "blockus:recipes/building_blocks/limestone_tiles_from_limestone_stonecutting": {
    "criteria": {
      "has_limestone": "2024-06-19 05:37:31 +0000"
    },
    "done": true
  },
  "additionallanterns:recipes/misc/diorite_lantern": {
    "criteria": {
      "recipe_condition": "2024-06-19 05:16:36 +0000"
    },
    "done": true
  },
  "minecraft:recipes/brewing/cauldron": {
    "criteria": {
      "has_water_bucket": "2024-06-19 05:04:23 +0000"
    },
    "done": true
  },
  "additionallanterns:recipes/misc/diamond_lantern": {
    "criteria": {
      "recipe_condition": "2024-06-19 05:16:36 +0000"
    },
    "done": true
  },
  "additionallanterns:recipes/misc/obsidian_lantern": {
    "criteria": {
      "recipe_condition": "2024-06-19 05:16:36 +0000"
    },
    "done": true
  },
  "adorn:recipes/white_sofa": {
    "criteria": {
      "has_wool": "2024-06-19 05:04:47 +0000"
    },
    "done": true
  },
  "minecraft:recipes/decorations/white_bed": {
    "criteria": {
      "has_white_wool": "2024-06-19 05:04:47 +0000"
    },
    "done": true
  },
  "croptopia:recipes/flour": {
    "criteria": {
      "has_grain": "2024-06-19 05:04:51 +0000"
    },
    "done": true
  },
  "blockus:recipes/building_blocks/thatch": {
    "criteria": {
      "has_wheat": "2024-06-19 05:04:51 +0000"
    },
    "done": true
  },
  "additionallanterns:recipes/misc/warped_lantern": {
    "criteria": {
      "recipe_condition": "2024-06-19 05:16:36 +0000"
    },
    "done": true
  },
  "additionallanterns:recipes/misc/amethyst_lantern": {
    "criteria": {
      "recipe_condition": "2024-06-19 05:16:36 +0000"
    },
    "done": true
  },
  "mcwtrpdoors:recipes/acacia/acacia_glass_trapdoor": {
    "criteria": {
      "has_logs": "2024-06-19 04:54:09 +0000"
    },
    "done": true
  },
  "additionallanterns:recipes/misc/cobbled_deepslate_lantern": {
    "criteria": {
      "recipe_condition": "2024-06-19 05:16:36 +0000"
    },
    "done": true
  },
  "additionallanterns:recipes/misc/crimson_lantern": {
    "criteria": {
      "recipe_condition": "2024-06-19 05:16:36 +0000"
    },
    "done": true
  },
  "adorn:recipes/black_sofa": {
    "criteria": {
      "has_wool": "2024-06-19 05:04:50 +0000"
    },
    "done": true
  },
  "additionallanterns:recipes/misc/red_sandstone_lantern": {
    "criteria": {
      "recipe_condition": "2024-06-19 05:16:36 +0000"
    },
    "done": true
  },
  "blockus:recipes/decorations/limestone_wall": {
    "criteria": {
      "has_limestone": "2024-06-19 05:37:31 +0000"
    },
    "done": true
  },
  "blockus:recipes/building_blocks/limestone_tile_wall_from_limestone_stonecutting": {
    "criteria": {
      "has_limestone": "2024-06-19 05:37:31 +0000"
    },
    "done": true
  },
  "supplementaries:recipes/flower_box": {
    "criteria": {
      "has_dirt": "2024-06-19 04:51:18 +0000"
    },
    "done": true
  },
  "blockus:recipes/building_blocks/limestone_brick_slab_from_limestone_stonecutting": {
    "criteria": {
      "has_limestone": "2024-06-19 05:37:31 +0000"
    },
    "done": true
  },
  "minecraft:recipes/food/baked_potato": {
    "criteria": {
      "has_potato": "2024-06-19 05:49:14 +0000"
    },
    "done": true
  },
  "minecraft:recipes/decorations/painting": {
    "criteria": {
      "has_wool": "2024-06-19 05:04:47 +0000"
    },
    "done": true
  },
  "minecraft:recipes/combat/arrow": {
    "criteria": {
      "has_feather": "2024-06-19 05:21:25 +0000"
    },
    "done": true
  },
  "additionallanterns:recipes/misc/normal_sandstone_lantern": {
    "criteria": {
      "recipe_condition": "2024-06-19 05:16:36 +0000"
    },
    "done": true
  },
  "blockus:recipes/building_blocks/potato_crate": {
    "criteria": {
      "has_potato": "2024-06-19 05:49:14 +0000"
    },
    "done": true
  },
  "additionallanterns:recipes/misc/gold_lantern": {
    "criteria": {
      "recipe_condition": "2024-06-19 05:16:36 +0000"
    },
    "done": true
  },
  "comforts:sleeping_bag_black": {
    "criteria": {
      "has_black_wool": "2024-06-19 05:04:50 +0000"
    },
    "done": true
  },
  "additionallanterns:recipes/misc/prismarine_lantern": {
    "criteria": {
      "recipe_condition": "2024-06-19 05:16:36 +0000"
    },
    "done": true
  },
  "blockus:recipes/building_blocks/limestone_pillar_from_limestone_stonecutting": {
    "criteria": {
      "has_limestone": "2024-06-19 05:37:31 +0000"
    },
    "done": true
  },
  "blockus:recipes/building_blocks/limestone_stairs_from_limestone_stonecutting": {
    "criteria": {
      "has_limestone": "2024-06-19 05:37:31 +0000"
    },
    "done": true
  },
  "additionallanterns:recipes/misc/bone_lantern": {
    "criteria": {
      "recipe_condition": "2024-06-19 05:16:36 +0000"
    },
    "done": true
  },
  "supplementaries:recipes/sconce": {
    "criteria": {
      "has_torch": "2024-06-19 05:16:36 +0000"
    },
    "done": true
  },
  "minecraft:recipes/decorations/black_banner": {
    "criteria": {
      "has_black_wool": "2024-06-19 05:04:50 +0000"
    },
    "done": true
  },
  "travelersbackpack:recipes/misc/emerald": {
    "criteria": {
      "has_emerald": "2024-06-19 05:04:21 +0000"
    },
    "done": true
  },
  "handcrafted:recipes/misc/white_cushion": {
    "criteria": {
      "has_white_cushion": "2024-06-19 05:04:47 +0000"
    },
    "done": true
  },
  "travelersbackpack:recipes/decorations/white_sleeping_bag": {
    "criteria": {
      "has_white_wool": "2024-06-19 05:04:47 +0000"
    },
    "done": true
  },
  "blockus:recipes/building_blocks/polished_limestone_stairs_from_limestone_stonecutting": {
    "criteria": {
      "has_limestone": "2024-06-19 05:37:31 +0000"
    },
    "done": true
  },
  "minecraft:recipes/decorations/white_carpet": {
    "criteria": {
      "has_white_wool": "2024-06-19 05:04:47 +0000"
    },
    "done": true
  },
  "travelersbackpack:recipes/decorations/black_sleeping_bag": {
    "criteria": {
      "has_black_wool": "2024-06-19 05:04:50 +0000"
    },
    "done": true
  },
  "blockus:recipes/building_blocks/small_limestone_brick_slab_from_limestone_stonecutting": {
    "criteria": {
      "has_limestone": "2024-06-19 05:37:31 +0000"
    },
    "done": true
  },
  "mcwtrpdoors:recipes/print_tropical": {
    "criteria": {
      "has_logs": "2024-06-19 04:54:09 +0000"
    },
    "done": true
  },
  "blockus:recipes/building_blocks/limestone_squares_from_limestone_stonecutting": {
    "criteria": {
      "has_limestone": "2024-06-19 05:37:31 +0000"
    },
    "done": true
  },
  "blockus:recipes/food/bread": {
    "criteria": {
      "has_the_recipe": "2024-06-19 05:04:51 +0000"
    },
    "done": true
  },
  "additionallanterns:recipes/misc/quartz_lantern": {
    "criteria": {
      "recipe_condition": "2024-06-19 05:16:36 +0000"
    },
    "done": true
  },
  "mcwtrpdoors:recipes/acacia/acacia_bark_trapdoor": {
    "criteria": {
      "has_logs": "2024-06-19 04:54:09 +0000"
    },
    "done": true
  },
  "blockus:recipes/building_blocks/limestone_lines_from_limestone_stonecutting": {
    "criteria": {
      "has_limestone": "2024-06-19 05:37:31 +0000"
    },
    "done": true
  },
  "additionallanterns:recipes/misc/normal_nether_bricks_lantern": {
    "criteria": {
      "recipe_condition": "2024-06-19 05:16:36 +0000"
    },
    "done": true
  },
  "comforts:hammock_black": {
    "criteria": {
      "has_black_wool": "2024-06-19 05:04:50 +0000"
    },
    "done": true
  },
  "minecraft:recipes/decorations/white_banner": {
    "criteria": {
      "has_white_wool": "2024-06-19 05:04:47 +0000"
    },
    "done": true
  },
  "blockus:recipes/building_blocks/limestone_slab_from_limestone_stonecutting": {
    "criteria": {
      "has_limestone": "2024-06-19 05:37:31 +0000"
    },
    "done": true
  },
  "blockus:recipes/building_blocks/acacia_small_logs": {
    "criteria": {
      "has_acacia_log": "2024-06-19 04:54:09 +0000"
    },
    "done": true
  },
  "mcwbridges:recipes/acacia_bridge_pier": {
    "criteria": {
      "has_planks": "2024-06-19 04:54:09 +0000"
    },
    "done": true
  },
  "croptopia:recipes/shaped_water_bottle": {
    "criteria": {
      "has_water": "2024-06-19 05:04:23 +0000"
    },
    "done": true
  },
  "blockus:recipes/building_blocks/white_patterned_wool": {
    "criteria": {
      "has_white_wool": "2024-06-19 05:04:47 +0000"
    },
    "done": true
  },
  "comforts:hammock_white": {
    "criteria": {
      "has_white_wool": "2024-06-19 05:04:47 +0000"
    },
    "done": true
  },
  "blockus:recipes/redstone/limestone_pressure_plate": {
    "criteria": {
      "has_limestone": "2024-06-19 05:37:31 +0000"
    },
    "done": true
  },
  "minecraft:recipes/misc/iron_nugget_from_blasting": {
    "criteria": {
      "has_iron_pickaxe": "2024-06-19 05:34:14 +0000"
    },
    "done": true
  },
  "mcwroofs:recipes/thatch": {
    "criteria": {
      "has_planks": "2024-06-19 05:04:51 +0000"
    },
    "done": true
  },
  "blockus:recipes/building_blocks/limestone_brick_stairs_from_limestone_stonecutting": {
    "criteria": {
      "has_limestone": "2024-06-19 05:37:31 +0000"
    },
    "done": true
  },
  "mcwtrpdoors:recipes/acacia/acacia_four_panel_trapdoor": {
    "criteria": {
      "has_logs": "2024-06-19 04:54:09 +0000"
    },
    "done": true
  },
  "additionallanterns:recipes/misc/blackstone_lantern": {
    "criteria": {
      "recipe_condition": "2024-06-19 05:16:36 +0000"
    },
    "done": true
  },
  "DataVersion": 3465
}